relseconds,x,y,z
24.479,-0.07180534303188324,0.029022356495261192,0.16681623458862305
24.755,-0.044760216027498245,-0.08988316357135773,0.03477749228477478
25.063,0.009389716200530529,0.15819399058818817,0.03112194500863552
25.365,0.009389716200530529,0.15819399058818817,0.03112194500863552
25.666,0.016752902418375015,0.06856466829776764,0.1151263415813446
25.968,0.016752902418375015,0.06856466829776764,0.1151263415813446
26.269,0.016752902418375015,0.06856466829776764,0.1151263415813446
26.57,0.016752902418375015,0.06856466829776764,0.1151263415813446
26.871,0.016752902418375015,0.06856466829776764,0.1151263415813446
27.178,0.016752902418375015,0.06856466829776764,0.1151263415813446
27.48,0.016752902418375015,0.06856466829776764,0.1151263415813446
27.781,0.016752902418375015,0.06856466829776764,0.1151263415813446
28.082,-0.016974344849586487,0.13891369104385376,0.03891788423061371
28.384,0.10093711316585541,0.2144308090209961,0.2920195460319519
28.695,-0.015637055039405823,0.04032333195209503,0.18857625126838684
29.005,-0.015637055039405823,0.04032333195209503,0.18857625126838684
29.428,-0.015637055039405823,0.04032333195209503,0.18857625126838684
29.73,-0.015637055039405823,0.04032333195209503,0.18857625126838684
30.031,-0.0058260634541511536,-0.10377390682697296,0.10190305858850479
30.333,0.023532457649707794,0.3367423713207245,0.01301402598619461
30.661,-0.05055156350135803,-0.16662375628948212,0.22814948856830597
30.962,-0.05055156350135803,-0.16662375628948212,0.22814948856830597
31.263,-0.05055156350135803,-0.16662375628948212,0.22814948856830597
31.57,-0.05055156350135803,-0.16662375628948212,0.22814948856830597
31.872,-0.05055156350135803,-0.16662375628948212,0.22814948856830597
32.173,-0.05055156350135803,-0.16662375628948212,0.22814948856830597
32.474,-0.05055156350135803,-0.16662375628948212,0.22814948856830597
32.775,-0.05055156350135803,-0.16662375628948212,0.22814948856830597
33.076,-0.05101785808801651,0.0028441622853279114,0.20274683833122253
33.378,0.052710071206092834,0.2709682583808899,0.032880522310733795
33.685,-0.02843954600393772,-0.06360176205635071,0.14043085277080536
33.987,-0.02843954600393772,-0.06360176205635071,0.14043085277080536
34.288,-0.10537756979465485,-0.004301551729440689,0.28195735812187195
34.59,-0.0013844072818756104,0.18983659148216248,-0.07896902412176132
34.913,-0.010402362793684006,-0.005894286558032036,0.1934293657541275
35.187,-0.06037655472755432,-0.036583058536052704,0.20012947916984558
35.489,0.042737171053886414,0.10319951921701431,0.059025224298238754
35.797,-0.06605981290340424,0.024628091603517532,0.030605018138885498
36.099,-0.06605981290340424,0.024628091603517532,0.030605018138885498
36.4,-0.06605981290340424,0.024628091603517532,0.030605018138885498
36.701,-0.06605981290340424,0.024628091603517532,0.030605018138885498
37.002,-0.06605981290340424,0.024628091603517532,0.030605018138885498
37.303,-0.06605981290340424,0.024628091603517532,0.030605018138885498
37.604,-0.06605981290340424,0.024628091603517532,0.030605018138885498
37.911,-0.06605981290340424,0.024628091603517532,0.030605018138885498
38.213,-0.06605981290340424,0.024628091603517532,0.030605018138885498
38.514,-0.010445548221468925,0.05820304527878761,-0.1700202226638794
38.825,-0.028441615402698517,-0.03177203983068466,0.17727699875831604
39.135,-0.028441615402698517,-0.03177203983068466,0.17727699875831604
39.445,-0.028441615402698517,-0.03177203983068466,0.17727699875831604
39.755,-0.028441615402698517,-0.03177203983068466,0.17727699875831604
40.062,-0.028441615402698517,-0.03177203983068466,0.17727699875831604
40.364,-0.028441615402698517,-0.03177203983068466,0.17727699875831604
40.665,0.018893785774707794,0.06550545245409012,-0.09610673785209656
40.967,-0.09135547280311584,0.0025077611207962036,0.029112428426742554
41.269,-0.09135547280311584,0.0025077611207962036,0.029112428426742554
41.57,-0.09135547280311584,0.0025077611207962036,0.029112428426742554
41.871,-0.09135547280311584,0.0025077611207962036,0.029112428426742554
42.178,-0.09135547280311584,0.0025077611207962036,0.029112428426742554
42.48,-0.09135547280311584,0.0025077611207962036,0.029112428426742554
42.781,-0.09135547280311584,0.0025077611207962036,0.029112428426742554
43.082,-0.09135547280311584,0.0025077611207962036,0.029112428426742554
43.415,0.13245545327663422,0.23266977071762085,0.11278848350048065
43.691,-0.11695261299610138,0.012490294873714447,0.05877609923481941
43.993,-0.088502898812294,0.009382322430610657,-0.02485954761505127
44.301,0.01913607120513916,-0.03459133207798004,0.0528748482465744
44.603,0.01913607120513916,-0.03459133207798004,0.0528748482465744
44.904,-0.19051750004291534,-0.12115980684757233,-0.14218753576278687
45.206,0.05369654670357704,0.13974398374557495,-0.01796063780784607
45.508,-0.00019314885139465332,0.05355948954820633,0.389421671628952
45.81,-0.01743454486131668,0.06037220358848572,-0.19029496610164642
46.112,-0.10450396686792374,-0.03421371430158615,0.17308486998081207
46.42,-0.10450396686792374,-0.03421371430158615,0.17308486998081207
46.721,-0.10450396686792374,-0.03421371430158615,0.17308486998081207
47.022,-0.10450396686792374,-0.03421371430158615,0.17308486998081207
47.323,-0.10450396686792374,-0.03421371430158615,0.17308486998081207
47.624,-0.10450396686792374,-0.03421371430158615,0.17308486998081207
47.925,-0.10450396686792374,-0.03421371430158615,0.17308486998081207
48.226,-0.01678963378071785,0.026597773656249046,0.20970958471298218
48.534,0.11571943014860153,0.16479918360710144,0.04630516469478607
48.844,0.11571943014860153,0.16479918360710144,0.04630516469478607
49.154,0.11571943014860153,0.16479918360710144,0.04630516469478607
49.464,0.11571943014860153,0.16479918360710144,0.04630516469478607
49.774,0.11571943014860153,0.16479918360710144,0.04630516469478607
50.075,0.11571943014860153,0.16479918360710144,0.04630516469478607
50.376,0.11571943014860153,0.16479918360710144,0.04630516469478607
50.706,0.021281234920024872,-0.11437077820301056,0.10942712426185608
51.008,0.021281234920024872,-0.11437077820301056,0.10942712426185608
51.309,0.021281234920024872,-0.11437077820301056,0.10942712426185608
51.61,0.021281234920024872,-0.11437077820301056,0.10942712426185608
51.911,0.021281234920024872,-0.11437077820301056,0.10942712426185608
52.212,0.021281234920024872,-0.11437077820301056,0.10942712426185608
52.513,0.021281234920024872,-0.11437077820301056,0.10942712426185608
52.82,0.021281234920024872,-0.11437077820301056,0.10942712426185608
53.122,0.021281234920024872,-0.11437077820301056,0.10942712426185608
53.423,0.015137482434511185,0.1968957483768463,0.302030473947525
53.725,-0.0838937759399414,-0.06923366338014603,0.03170353174209595
54.027,0.03302845358848572,0.09172354638576508,-0.1772630512714386
54.329,-0.03551946580410004,0.12713703513145447,0.3165716826915741
54.631,0.029618624597787857,0.16215938329696655,0.10318677127361298
54.958,0.0012806206941604614,-0.003298714756965637,0.010293163359165192
55.26,0.0012806206941604614,-0.003298714756965637,0.010293163359165192
55.561,0.021161232143640518,0.15447309613227844,-0.038433998823165894
55.863,-0.0631304532289505,0.04366224259138107,0.2619844675064087
56.165,0.011829476803541183,0.163955420255661,0.0018353667110204697
56.467,0.011829476803541183,0.163955420255661,0.0018353667110204697
56.768,0.011829476803541183,0.163955420255661,0.0018353667110204697
57.075,0.011829476803541183,0.163955420255661,0.0018353667110204697
57.377,0.011829476803541183,0.163955420255661,0.0018353667110204697
57.678,0.011829476803541183,0.163955420255661,0.0018353667110204697
57.979,0.011829476803541183,0.163955420255661,0.0018353667110204697
58.28,0.011829476803541183,0.163955420255661,0.0018353667110204697
58.581,-0.060242921113967896,0.06074114516377449,0.08361071348190308
58.892,-0.060242921113967896,0.06074114516377449,0.08361071348190308
59.315,-0.060242921113967896,0.06074114516377449,0.08361071348190308
59.626,-0.060242921113967896,0.06074114516377449,0.08361071348190308
59.927,-0.060242921113967896,0.06074114516377449,0.08361071348190308
60.228,-0.039081938564777374,0.018790263682603836,0.20611077547073364
60.53,0.05679486319422722,0.18315362930297852,-0.007666531950235367
60.856,-0.07075899839401245,-0.05435934290289879,0.355765163898468
61.132,-0.057556383311748505,-0.05814510956406593,0.2556297779083252
61.44,-0.057556383311748505,-0.05814510956406593,0.2556297779083252
61.742,-0.057556383311748505,-0.05814510956406593,0.2556297779083252
62.043,-0.057556383311748505,-0.05814510956406593,0.2556297779083252
62.344,-0.057556383311748505,-0.05814510956406593,0.2556297779083252
62.645,-0.057556383311748505,-0.05814510956406593,0.2556297779083252
62.946,-0.057556383311748505,-0.05814510956406593,0.2556297779083252
63.247,-0.057556383311748505,-0.05814510956406593,0.2556297779083252
63.554,-0.06721179187297821,0.04226745292544365,0.017871782183647156
63.856,-0.06721179187297821,0.04226745292544365,0.017871782183647156
64.157,0.026808109134435654,0.05574806034564972,0.29386019706726074
64.459,-0.03135928884148598,0.0321761816740036,-0.16250436007976532
64.761,-0.03826700150966644,0.07817311584949493,0.2708040177822113
65.063,0.12325483560562134,0.14184598624706268,0.08454542607069016
65.384,0.012190306559205055,0.09014153480529785,0.36981016397476196
65.666,-0.07958387583494186,-0.02936640754342079,0.14574681222438812
65.968,-0.07958387583494186,-0.02936640754342079,0.14574681222438812
66.269,0.009072288870811462,0.07939071208238602,0.183684304356575
66.571,0.009072288870811462,0.07939071208238602,0.183684304356575
66.872,0.009072288870811462,0.07939071208238602,0.183684304356575
67.173,0.009072288870811462,0.07939071208238602,0.183684304356575
67.474,0.009072288870811462,0.07939071208238602,0.183684304356575
67.781,0.009072288870811462,0.07939071208238602,0.183684304356575
68.083,0.009072288870811462,0.07939071208238602,0.183684304356575
68.384,0.009072288870811462,0.07939071208238602,0.183684304356575
68.685,-0.013914115726947784,0.06196361035108566,0.1078386902809143
68.996,-0.009802337735891342,0.009776975028216839,-0.0803152471780777
69.306,-0.009802337735891342,0.009776975028216839,-0.0803152471780777
69.616,-0.009802337735891342,0.009776975028216839,-0.0803152471780777
70.039,-0.009802337735891342,0.009776975028216839,-0.0803152471780777
70.34,-0.009802337735891342,0.009776975028216839,-0.0803152471780777
70.641,0.054344117641448975,0.11281494796276093,0.03991340845823288
70.943,-0.15301819145679474,-0.07899422943592072,-0.03818822652101517
71.245,-0.008106652647256851,0.04775558412075043,0.03962959721684456
71.547,-0.09421305358409882,-0.032318685203790665,0.051715925335884094
71.849,-0.09421305358409882,-0.032318685203790665,0.051715925335884094
72.156,-0.09421305358409882,-0.032318685203790665,0.051715925335884094
72.458,-0.09421305358409882,-0.032318685203790665,0.051715925335884094
72.759,-0.09421305358409882,-0.032318685203790665,0.051715925335884094
73.06,-0.09421305358409882,-0.032318685203790665,0.051715925335884094
73.361,-0.09421305358409882,-0.032318685203790665,0.051715925335884094
73.662,-0.028805438429117203,0.05558110028505325,0.045249104499816895
73.964,0.042561061680316925,0.21569855511188507,0.19702212512493134
74.272,-0.06862299144268036,-0.042287468910217285,0.38803982734680176
74.574,-0.06862299144268036,-0.042287468910217285,0.38803982734680176
74.875,-0.02650376781821251,-0.0793754830956459,-0.029183238744735718
75.177,0.0072160810232162476,0.07100102305412292,0.07993113249540329
75.479,0.0044475942850112915,0.027070239186286926,0.06808695942163467
75.781,-0.02958936244249344,0.003870934247970581,0.21112653613090515
76.083,-0.02958936244249344,0.003870934247970581,0.21112653613090515
76.39,0.02258298546075821,0.2621815502643585,0.0008107870817184448
76.692,0.02258298546075821,0.2621815502643585,0.0008107870817184448
76.993,0.02258298546075821,0.2621815502643585,0.0008107870817184448
77.294,0.02258298546075821,0.2621815502643585,0.0008107870817184448
77.595,0.02258298546075821,0.2621815502643585,0.0008107870817184448
77.896,0.02258298546075821,0.2621815502643585,0.0008107870817184448
78.197,0.02258298546075821,0.2621815502643585,0.0008107870817184448
78.504,0.02258298546075821,0.2621815502643585,0.0008107870817184448
78.806,0.02258298546075821,0.2621815502643585,0.0008107870817184448
79.116,-0.09030283242464066,-0.0752180814743042,0.07736395299434662
79.426,-0.09030283242464066,-0.0752180814743042,0.07736395299434662
79.736,-0.09030283242464066,-0.0752180814743042,0.07736395299434662
80.046,-0.09030283242464066,-0.0752180814743042,0.07736395299434662
80.347,-0.09030283242464066,-0.0752180814743042,0.07736395299434662
80.655,-0.08687920868396759,0.006876178085803986,0.23751002550125122
80.956,-0.08687920868396759,0.006876178085803986,0.23751002550125122
81.257,-0.08867109566926956,-0.0202554389834404,0.30383285880088806
81.559,0.066968634724617,0.11442113667726517,0.0988231897354126
81.861,0.066968634724617,0.11442113667726517,0.0988231897354126
82.162,0.066968634724617,0.11442113667726517,0.0988231897354126
82.463,0.066968634724617,0.11442113667726517,0.0988231897354126
82.769,0.066968634724617,0.11442113667726517,0.0988231897354126
83.071,0.066968634724617,0.11442113667726517,0.0988231897354126
83.372,0.066968634724617,0.11442113667726517,0.0988231897354126
83.673,0.066968634724617,0.11442113667726517,0.0988231897354126
83.974,0.006904665380716324,-0.07127131521701813,0.40139955282211304
84.276,0.06832040846347809,0.22814658284187317,-0.018885549157857895
84.597,-0.12540104985237122,-0.0454641617834568,0.2029651701450348
84.879,-0.07202628254890442,-0.13364988565444946,0.32908710837364197
85.181,-0.07202628254890442,-0.13364988565444946,0.32908710837364197
85.482,-0.11701027303934097,-0.0555548295378685,0.25136929750442505
85.784,0.13182061910629272,0.1448446363210678,-0.024013612419366837
86.086,-0.08718255162239075,-0.018909797072410583,0.23896771669387817
86.388,0.0822884812951088,0.32852232456207275,0.001544669270515442
86.69,-0.030139194801449776,0.020556598901748657,0.3421023488044739
86.998,-0.030139194801449776,0.020556598901748657,0.3421023488044739
87.3,-0.030139194801449776,0.020556598901748657,0.3421023488044739
87.601,-0.030139194801449776,0.020556598901748657,0.3421023488044739
87.902,-0.030139194801449776,0.020556598901748657,0.3421023488044739
88.203,-0.030139194801449776,0.020556598901748657,0.3421023488044739
88.504,-0.030139194801449776,0.020556598901748657,0.3421023488044739
88.805,-0.030139194801449776,0.020556598901748657,0.3421023488044739
89.246,0.022837340831756592,0.09912756085395813,0.059916481375694275
89.557,0.022837340831756592,0.09912756085395813,0.059916481375694275
89.867,0.022837340831756592,0.09912756085395813,0.059916481375694275
90.168,0.022837340831756592,0.09912756085395813,0.059916481375694275
90.469,0.022837340831756592,0.09912756085395813,0.059916481375694275
90.778,-0.08976142853498459,0.00610901415348053,0.14259138703346252
91.054,-0.0019496046006679535,0.18117490410804749,0.16695626080036163
91.362,-0.021847005933523178,0.027982495725154877,0.1628539264202118
91.664,-0.021847005933523178,0.027982495725154877,0.1628539264202118
91.965,-0.021847005933523178,0.027982495725154877,0.1628539264202118
92.266,-0.021847005933523178,0.027982495725154877,0.1628539264202118
92.567,-0.021847005933523178,0.027982495725154877,0.1628539264202118
92.868,-0.021847005933523178,0.027982495725154877,0.1628539264202118
93.169,-0.021847005933523178,0.027982495725154877,0.1628539264202118
93.476,-0.021847005933523178,0.027982495725154877,0.1628539264202118
93.778,-0.021847005933523178,0.027982495725154877,0.1628539264202118
94.079,-0.008499274961650372,0.037186399102211,0.09031315892934799
94.381,-0.008499274961650372,0.037186399102211,0.09031315892934799
94.682,-0.02451155334711075,0.01238817349076271,0.050994277000427246
94.984,0.05818586423993111,0.13324058055877686,0.10601705312728882
95.306,0.01531561091542244,0.15608566999435425,0.17614585161209106
95.588,0.034484297037124634,0.032706595957279205,0.11541615426540375
95.89,0.034484297037124634,0.032706595957279205,0.11541615426540375
96.191,-0.01525016687810421,0.04481670260429382,0.10049988329410553
96.493,0.013127931393682957,0.07770861685276031,0.08494535833597183
96.795,-0.04615097865462303,-0.050379443913698196,0.07312844693660736
97.097,-0.04615097865462303,-0.050379443913698196,0.07312844693660736
97.398,-0.04615097865462303,-0.050379443913698196,0.07312844693660736
97.705,-0.04615097865462303,-0.050379443913698196,0.07312844693660736
98.007,-0.04615097865462303,-0.050379443913698196,0.07312844693660736
98.308,-0.04615097865462303,-0.050379443913698196,0.07312844693660736
98.609,-0.04615097865462303,-0.050379443913698196,0.07312844693660736
98.91,-0.04615097865462303,-0.050379443913698196,0.07312844693660736
99.22,-0.04615097865462303,-0.050379443913698196,0.07312844693660736
99.53,-0.04615097865462303,-0.050379443913698196,0.07312844693660736
99.953,-0.04615097865462303,-0.050379443913698196,0.07312844693660736
100.254,-0.04615097865462303,-0.050379443913698196,0.07312844693660736
100.555,2.23105788230896,-4.489789009094238,142.04391479492188
100.857,0.9747775793075562,0.3148579001426697,113.98429870605469
101.158,2.3771209716796875,5.119929313659668,102.46080017089844
101.488,4.683011531829834,0.1587134599685669,140.76683044433594
101.764,2.0079379081726074,-0.7911138534545898,141.24000549316406
102.071,2.0079379081726074,-0.7911138534545898,141.24000549316406
102.373,2.0079379081726074,-0.7911138534545898,141.24000549316406
102.674,2.0079379081726074,-0.7911138534545898,141.24000549316406
102.975,2.0079379081726074,-0.7911138534545898,141.24000549316406
103.276,2.0079379081726074,-0.7911138534545898,141.24000549316406
103.577,2.0079379081726074,-0.7911138534545898,141.24000549316406
103.878,2.0079379081726074,-0.7911138534545898,141.24000549316406
104.186,1.6213629245758057,-0.19927743077278137,202.587646484375
104.487,1.6213629245758057,-0.19927743077278137,202.587646484375
104.788,1.2491179704666138,-1.1277666091918945,199.58636474609375
105.09,2.607997179031372,-2.3827524185180664,196.21395874023438
105.392,3.3447580337524414,-0.06973975896835327,199.89772033691406
105.694,1.0630667209625244,0.3237937390804291,199.20338439941406
106.017,-0.564609944820404,-0.8149561285972595,199.9751434326172
106.3,0.1477348506450653,-2.0985190868377686,199.5117950439453
106.602,0.1477348506450653,-2.0985190868377686,199.5117950439453
106.903,2.6533777713775635,-0.4906665086746216,200.04556274414062
107.205,2.6533777713775635,-0.4906665086746216,200.04556274414062
107.506,2.6533777713775635,-0.4906665086746216,200.04556274414062
107.807,2.6533777713775635,-0.4906665086746216,200.04556274414062
108.108,2.6533777713775635,-0.4906665086746216,200.04556274414062
108.415,2.6533777713775635,-0.4906665086746216,200.04556274414062
108.717,2.6533777713775635,-0.4906665086746216,200.04556274414062
109.018,2.6533777713775635,-0.4906665086746216,200.04556274414062
109.328,1.658214807510376,1.6260449886322021,195.0362091064453
109.638,1.658214807510376,1.6260449886322021,195.0362091064453
109.948,1.658214807510376,1.6260449886322021,195.0362091064453
110.258,1.658214807510376,1.6260449886322021,195.0362091064453
110.565,1.658214807510376,1.6260449886322021,195.0362091064453
110.867,1.658214807510376,1.6260449886322021,195.0362091064453
111.168,-0.6235793232917786,0.008495569229125977,180.97525024414062
111.47,-1.996721863746643,0.6131695508956909,178.34622192382812
111.772,0.8832684755325317,2.974602222442627,174.87985229492188
112.074,4.0580315589904785,-0.07744216918945312,171.45108032226562
112.376,4.0580315589904785,-0.07744216918945312,171.45108032226562
112.682,4.0580315589904785,-0.07744216918945312,171.45108032226562
112.984,4.0580315589904785,-0.07744216918945312,171.45108032226562
113.285,4.0580315589904785,-0.07744216918945312,171.45108032226562
113.586,4.0580315589904785,-0.07744216918945312,171.45108032226562
113.887,4.0580315589904785,-0.07744216918945312,171.45108032226562
114.188,4.0580315589904785,-0.07744216918945312,171.45108032226562
114.521,2.474724769592285,-0.7082843780517578,147.2696533203125
114.804,1.826624870300293,0.3350961208343506,140.91497802734375
115.105,1.826624870300293,0.3350961208343506,140.91497802734375
115.406,1.5442736148834229,2.700579881668091,135.42506408691406
115.708,3.1141819953918457,1.7683950662612915,130.63381958007812
116.01,1.9696071147918701,2.4375901222229004,128.24215698242188
116.312,-0.25246918201446533,-0.046525150537490845,127.07892608642578
116.614,0.3662542700767517,-1.7687394618988037,124.65912628173828
116.922,0.9651482701301575,-0.9034859538078308,122.18060302734375
117.224,0.9651482701301575,-0.9034859538078308,122.18060302734375
117.525,0.9651482701301575,-0.9034859538078308,122.18060302734375
117.826,0.9651482701301575,-0.9034859538078308,122.18060302734375
118.127,0.9651482701301575,-0.9034859538078308,122.18060302734375
118.428,0.9651482701301575,-0.9034859538078308,122.18060302734375
118.729,0.9651482701301575,-0.9034859538078308,122.18060302734375
119.036,0.9651482701301575,-0.9034859538078308,122.18060302734375
119.347,-2.7887496948242188,-1.0998718738555908,91.21686553955078
119.657,-2.7887496948242188,-1.0998718738555908,91.21686553955078
119.967,-2.7887496948242188,-1.0998718738555908,91.21686553955078
120.277,-2.7887496948242188,-1.0998718738555908,91.21686553955078
120.578,-2.7887496948242188,-1.0998718738555908,91.21686553955078
120.879,2.292834758758545,-6.953713893890381,66.76382446289062
121.187,3.601316452026367,-7.645602703094482,61.441890716552734
121.488,3.601316452026367,-7.645602703094482,61.441890716552734
121.807,7.04636287689209,-6.079324722290039,58.52782440185547
122.082,9.682723045349121,0.46635037660598755,63.523563385009766
122.384,9.682723045349121,0.46635037660598755,63.523563385009766
122.685,9.682723045349121,0.46635037660598755,63.523563385009766
122.986,9.682723045349121,0.46635037660598755,63.523563385009766
123.293,9.682723045349121,0.46635037660598755,63.523563385009766
123.594,9.682723045349121,0.46635037660598755,63.523563385009766
123.895,9.682723045349121,0.46635037660598755,63.523563385009766
124.196,9.682723045349121,0.46635037660598755,63.523563385009766
124.497,-21.022188186645508,2.0602669715881348,78.70924377441406
124.799,-16.587486267089844,0.06553596258163452,64.56310272216797
125.101,-3.329174041748047,-1.2194768190383911,80.74786376953125
125.409,6.712014198303223,7.152559757232666,84.24925231933594
125.71,6.712014198303223,7.152559757232666,84.24925231933594
126.011,-117.99638366699219,-74.40966033935547,127.65824890136719
126.334,-50.32725524902344,-44.60499572753906,110.31588745117188
126.61,-100.34484100341797,212.0196533203125,183.38690185546875
126.912,-111.72262573242188,84.7646713256836,185.2584228515625
127.214,-79.55583953857422,43.69036865234375,166.49356079101562
127.522,-79.55583953857422,43.69036865234375,166.49356079101562
127.823,-79.55583953857422,43.69036865234375,166.49356079101562
128.124,-79.55583953857422,43.69036865234375,166.49356079101562
128.425,-79.55583953857422,43.69036865234375,166.49356079101562
128.726,-79.55583953857422,43.69036865234375,166.49356079101562
129.027,-79.55583953857422,43.69036865234375,166.49356079101562
129.328,-79.55583953857422,43.69036865234375,166.49356079101562
129.751,219.75608825683594,-30.401016235351562,35.16547775268555
130.062,-87.00762939453125,90.7275390625,-217.0606231689453
130.372,-87.00762939453125,90.7275390625,-217.0606231689453
130.673,-87.00762939453125,90.7275390625,-217.0606231689453
130.974,-1.9313621520996094,58.13075256347656,-120.96874237060547
131.276,37.37299728393555,-25.394325256347656,-49.67444610595703
131.578,0.8965324759483337,-20.428422927856445,0.8413872718811035
131.886,3.132246494293213,27.791236877441406,48.29529571533203
132.187,3.132246494293213,27.791236877441406,48.29529571533203
132.488,70.50962829589844,-53.185279846191406,103.55427551269531
132.79,70.50962829589844,-53.185279846191406,103.55427551269531
133.091,70.50962829589844,-53.185279846191406,103.55427551269531
133.392,70.50962829589844,-53.185279846191406,103.55427551269531
133.693,70.50962829589844,-53.185279846191406,103.55427551269531
134,70.50962829589844,-53.185279846191406,103.55427551269531
134.302,70.50962829589844,-53.185279846191406,103.55427551269531
134.603,12.504150390625,-47.81363296508789,10.862969398498535
134.905,13.34820556640625,-56.553646087646484,-3.611626625061035
135.207,3.847580909729004,6.800349235534668,-10.37342357635498
135.509,13.428991317749023,29.66236114501953,-0.3965447247028351
135.811,9.956033706665039,11.865704536437988,-15.360921859741211
136.119,-7.312350273132324,14.465922355651855,-29.24744415283203
136.421,-7.312350273132324,14.465922355651855,-29.24744415283203
136.722,4.657946586608887,-4.2714833810251515e-38,-57.56418228149414
137.045,-11.628172874450684,3.978933572769165,-68.73526000976562
137.32,-1.7557015419006348,-4.903924465179443,-38.74818801879883
137.621,-1.7557015419006348,-4.903924465179443,-38.74818801879883
137.922,-1.7557015419006348,-4.903924465179443,-38.74818801879883
138.229,-1.7557015419006348,-4.903924465179443,-38.74818801879883
138.53,-1.7557015419006348,-4.903924465179443,-38.74818801879883
138.831,-1.7557015419006348,-4.903924465179443,-38.74818801879883
139.132,-1.7557015419006348,-4.903924465179443,-38.74818801879883
139.433,-1.7557015419006348,-4.903924465179443,-38.74818801879883
139.743,5.781947612762451,17.646381378173828,-7.571494102478027
140.053,5.781947612762451,17.646381378173828,-7.571494102478027
140.476,5.781947612762451,17.646381378173828,-7.571494102478027
140.778,5.781947612762451,17.646381378173828,-7.571494102478027
141.079,-5.823724746704102,-3.196136474609375,-81.79822540283203
141.38,-8.410568237304688,-1.301399827003479,-80.76856994628906
141.682,4.000556468963623,6.267736911773682,-70.77460479736328
141.984,5.2576117515563965,7.587038040161133,-58.99895095825195
142.286,-5.025467872619629,8.49171257019043,-44.23786163330078
142.594,0.14228598773479462,6.072469234466553,-28.934049606323242
142.896,0.14228598773479462,6.072469234466553,-28.934049606323242
143.197,0.14228598773479462,6.072469234466553,-28.934049606323242
143.498,0.14228598773479462,6.072469234466553,-28.934049606323242
143.799,0.14228598773479462,6.072469234466553,-28.934049606323242
144.1,0.14228598773479462,6.072469234466553,-28.934049606323242
144.401,0.14228598773479462,6.072469234466553,-28.934049606323242
144.728,0.14228598773479462,6.072469234466553,-28.934049606323242
145.03,0.14228598773479462,6.072469234466553,-28.934049606323242
145.331,6.919820308685303,10.75616455078125,136.4203643798828
145.633,4.357799530029297,8.160140991210938,105.58409881591797
145.935,12.412601470947266,3.9634225368499756,72.80632019042969
146.237,13.521782875061035,2.6361606121063232,46.66470718383789
146.539,3.7208521366119385,6.825786590576172,26.017580032348633
146.847,11.285004615783691,1.9331177473068237,2.4126334190368652
147.149,11.285004615783691,1.9331177473068237,2.4126334190368652
147.478,1.427181601524353,5.664690017700195,-33.978912353515625
147.78,1.427181601524353,5.664690017700195,-33.978912353515625
148.081,1.427181601524353,5.664690017700195,-33.978912353515625
148.382,1.427181601524353,5.664690017700195,-33.978912353515625
148.683,1.427181601524353,5.664690017700195,-33.978912353515625
148.99,1.427181601524353,5.664690017700195,-33.978912353515625
149.291,1.427181601524353,5.664690017700195,-33.978912353515625
149.592,1.427181601524353,5.664690017700195,-33.978912353515625
149.902,27.0625,7.68351936340332,61.809566497802734
150.212,27.0625,7.68351936340332,61.809566497802734
150.522,27.0625,7.68351936340332,61.809566497802734
150.832,27.0625,7.68351936340332,61.809566497802734
151.139,27.0625,7.68351936340332,61.809566497802734
151.455,27.0625,7.68351936340332,61.809566497802734
151.73,17.327035903930664,1.1040503978729248,55.0582389831543
152.032,15.854941368103027,-1.0550512075424194,35.547088623046875
152.334,18.062875747680664,-3.969269275665283,18.53676986694336
152.636,6.518747806549072,-16.403705596923828,19.684326171875
152.938,6.518747806549072,-16.403705596923828,19.684326171875
153.244,6.518747806549072,-16.403705596923828,19.684326171875
153.546,6.518747806549072,-16.403705596923828,19.684326171875
153.847,6.518747806549072,-16.403705596923828,19.684326171875
154.148,6.518747806549072,-16.403705596923828,19.684326171875
154.449,6.518747806549072,-16.403705596923828,19.684326171875
154.75,6.518747806549072,-16.403705596923828,19.684326171875
155.051,-17.091136932373047,-0.3382134437561035,112.1421127319336
155.36,-9.987893104553223,-19.1273136138916,98.65341186523438
155.661,-9.987893104553223,-19.1273136138916,98.65341186523438
155.983,-17.827495574951172,-5.313690662384033,85.84683227539062
156.258,-6.985824108123779,14.236966133117676,41.29838562011719
156.56,-22.555438995361328,12.988641738891602,4.611052989959717
156.862,-25.99859619140625,22.94637680053711,-29.87038803100586
157.164,-14.39445686340332,29.066856384277344,-60.22541427612305
157.472,1.8645620346069336,22.102458953857422,-86.17318725585938
157.774,1.8645620346069336,22.102458953857422,-86.17318725585938
158.075,1.8645620346069336,22.102458953857422,-86.17318725585938
158.376,1.8645620346069336,22.102458953857422,-86.17318725585938
158.677,1.8645620346069336,22.102458953857422,-86.17318725585938
158.978,1.8645620346069336,22.102458953857422,-86.17318725585938
159.279,1.8645620346069336,22.102458953857422,-86.17318725585938
159.586,1.8645620346069336,22.102458953857422,-86.17318725585938
159.888,1.8645620346069336,22.102458953857422,-86.17318725585938
160.198,-6.730132102966309,3.6990389823913574,-76.82298278808594
160.508,-6.730132102966309,3.6990389823913574,-76.82298278808594
160.818,-6.730132102966309,3.6990389823913574,-76.82298278808594
161.128,-6.730132102966309,3.6990389823913574,-76.82298278808594
161.429,-6.730132102966309,3.6990389823913574,-76.82298278808594
161.737,-0.5276689529418945,-27.432960510253906,590.6715087890625
162.038,-0.5276689529418945,-27.432960510253906,590.6715087890625
162.339,-1.6247360706329346,24.772977828979492,405.6290283203125
162.641,-9.89253044128418,1.648329496383667,317.81561279296875
162.943,6.792391777038574,-9.472816467285156,226.0574493408203
163.245,6.792391777038574,-9.472816467285156,226.0574493408203
163.546,6.792391777038574,-9.472816467285156,226.0574493408203
163.853,6.792391777038574,-9.472816467285156,226.0574493408203
164.154,6.792391777038574,-9.472816467285156,226.0574493408203
164.455,6.792391777038574,-9.472816467285156,226.0574493408203
164.756,6.792391777038574,-9.472816467285156,226.0574493408203
165.057,-8.44630241394043,10.931117057800293,-216.7445068359375
165.359,-1.5238385200500488,22.286367416381836,-217.11892700195312
165.661,33.640716552734375,-5.134395599365234,-202.50607299804688
165.969,5.276103973388672,-24.997962951660156,-182.24685668945312
166.271,5.276103973388672,-24.997962951660156,-182.24685668945312
166.572,-10.942105293273926,10.375898361206055,-123.51001739501953
166.874,0.2193286418914795,11.710346221923828,-75.82936096191406
167.176,29.966121673583984,12.131980895996094,-34.22337341308594
167.478,29.444988250732422,4.119487762451172,4.0811638832092285
167.795,9.925868034362793,-10.747909545898438,48.395477294921875
168.103,9.925868034362793,-10.747909545898438,48.395477294921875
168.405,9.925868034362793,-10.747909545898438,48.395477294921875
168.706,9.925868034362793,-10.747909545898438,48.395477294921875
169.007,9.925868034362793,-10.747909545898438,48.395477294921875
169.308,9.925868034362793,-10.747909545898438,48.395477294921875
169.609,9.925868034362793,-10.747909545898438,48.395477294921875
169.91,9.925868034362793,-10.747909545898438,48.395477294921875
170.333,-1.33650541305542,-31.23645782470703,212.14804077148438
170.754,-1.33650541305542,-31.23645782470703,212.14804077148438
171.064,-1.33650541305542,-31.23645782470703,212.14804077148438
171.365,-1.33650541305542,-31.23645782470703,212.14804077148438
171.666,-11.935087203979492,6.5846967697143555,-100.48757934570312
171.968,12.557533264160156,14.668368339538574,-142.26197814941406
172.276,18.357589721679688,5.355794906616211,-267.6399841308594
172.599,18.357589721679688,5.355794906616211,-267.6399841308594
172.875,7.990349769592285,-7.245645999908447,32.147640228271484
173.176,7.990349769592285,-7.245645999908447,32.147640228271484
173.477,7.990349769592285,-7.245645999908447,32.147640228271484
173.778,7.990349769592285,-7.245645999908447,32.147640228271484
174.079,7.990349769592285,-7.245645999908447,32.147640228271484
174.386,7.990349769592285,-7.245645999908447,32.147640228271484
174.688,7.990349769592285,-7.245645999908447,32.147640228271484
174.989,7.990349769592285,-7.245645999908447,32.147640228271484
175.29,-4.4652180671691895,-4.275229454040527,-89.81640625
175.592,-4.284460067749023,-5.235379219055176,-83.98133850097656
175.894,-11.97655200958252,8.223755836486816,-73.59525299072266
176.196,-11.689748764038086,-1.188488245010376,-72.99551391601562
176.504,-14.487506866455078,-8.284209251403809,-59.75955581665039
176.806,-14.487506866455078,-8.284209251403809,-59.75955581665039
177.127,3.76035737991333,-3.204566240310669,-313.681640625
177.403,13.475321769714355,29.531539916992188,-177.62359619140625
177.704,3.1878817081451416,19.331893920898438,-143.09249877929688
178.006,-0.5991321802139282,-2.3231663703918457,-126.06599426269531
178.308,-0.5991321802139282,-2.3231663703918457,-126.06599426269531
178.615,-0.5991321802139282,-2.3231663703918457,-126.06599426269531
178.917,-0.5991321802139282,-2.3231663703918457,-126.06599426269531
179.218,-0.5991321802139282,-2.3231663703918457,-126.06599426269531
179.519,-0.5991321802139282,-2.3231663703918457,-126.06599426269531
179.82,-0.5991321802139282,-2.3231663703918457,-126.06599426269531
180.121,-0.5991321802139282,-2.3231663703918457,-126.06599426269531
180.431,-3.1927804946899414,-5.773762226104736,155.66485595703125
180.854,-3.1927804946899414,-5.773762226104736,155.66485595703125
181.165,-3.1927804946899414,-5.773762226104736,155.66485595703125
181.466,-3.1927804946899414,-5.773762226104736,155.66485595703125
181.767,0.6649655103683472,16.662357330322266,341.07916259765625
182.069,-10.60274887084961,30.047565460205078,215.72018432617188
182.371,19.557165145874023,-4.358154773712158,35.677513122558594
182.673,15.963068008422852,-25.92782974243164,-71.45100402832031
182.981,-1.077113151550293,-7.899660110473633,-224.2664794921875
183.283,-1.077113151550293,-7.899660110473633,-224.2664794921875
183.584,-1.077113151550293,-7.899660110473633,-224.2664794921875
183.885,-1.077113151550293,-7.899660110473633,-224.2664794921875
184.186,-1.077113151550293,-7.899660110473633,-224.2664794921875
184.487,-1.077113151550293,-7.899660110473633,-224.2664794921875
184.788,-1.077113151550293,-7.899660110473633,-224.2664794921875
185.094,-1.077113151550293,-7.899660110473633,-224.2664794921875
185.396,-1.077113151550293,-7.899660110473633,-224.2664794921875
185.697,12.591651916503906,16.495372772216797,-42.68252182006836
185.999,-5.207520484924316,3.212944269180298,-12.158978462219238
186.301,-12.999811172485352,-18.571836471557617,-92.38525390625
186.603,6.552637100219727,-25.47292709350586,-539.9104614257812
186.905,-16.137996673583984,-16.114076614379883,-524.3060302734375
187.213,-11.93394660949707,-1.322746992111206,-464.3565673828125
187.514,-11.93394660949707,-1.322746992111206,-464.3565673828125
187.837,-18.33759880065918,-2.648341655731201,-337.983154296875
188.112,-9.430480003356934,-12.740694046020508,-191.83090209960938
188.414,-9.430480003356934,-12.740694046020508,-191.83090209960938
188.715,-9.430480003356934,-12.740694046020508,-191.83090209960938
189.016,-9.430480003356934,-12.740694046020508,-191.83090209960938
189.323,-9.430480003356934,-12.740694046020508,-191.83090209960938
189.625,-9.430480003356934,-12.740694046020508,-191.83090209960938
189.926,-9.430480003356934,-12.740694046020508,-191.83090209960938
190.227,-9.430480003356934,-12.740694046020508,-191.83090209960938
190.537,-3.9527366161346436,-19.25149917602539,38.82233428955078
190.847,-3.9527366161346436,-19.25149917602539,38.82233428955078
191.157,-3.9527366161346436,-19.25149917602539,38.82233428955078
191.58,-3.9527366161346436,-19.25149917602539,38.82233428955078
191.882,-3.9527366161346436,-19.25149917602539,38.82233428955078
192.183,14.801179885864258,-7.156517028808594,226.85960388183594
192.485,17.02842140197754,9.3276948928833,221.24269104003906
192.787,-3.402055025100708,0.12306272983551025,207.82736206054688
193.089,-2.7232909202575684,-2.596794605255127,193.69691467285156
193.391,2.096526622772217,-2.335580825805664,176.65061950683594
193.699,2.096526622772217,-2.335580825805664,176.65061950683594
194.001,2.096526622772217,-2.335580825805664,176.65061950683594
194.302,2.096526622772217,-2.335580825805664,176.65061950683594
194.603,2.096526622772217,-2.335580825805664,176.65061950683594
194.904,2.096526622772217,-2.335580825805664,176.65061950683594
195.205,2.096526622772217,-2.335580825805664,176.65061950683594
195.514,2.096526622772217,-2.335580825805664,176.65061950683594
195.796,-3.4824182987213135,-14.62424373626709,-90.77108001708984
196.098,-3.4824182987213135,-14.62424373626709,-90.77108001708984
196.399,0.46067118644714355,-10.80806827545166,-85.16836547851562
196.701,13.901355743408203,-5.302582740783691,-70.48290252685547
197.003,15.132442474365234,7.286138534545898,-52.35512924194336
197.305,14.35908317565918,2.234123706817627,-27.75933074951172
197.607,13.893232345581055,-14.445745468139648,-2.5429909229278564
197.916,1.6001018285751343,-17.673751831054688,19.826988220214844
198.217,1.6001018285751343,-17.673751831054688,19.826988220214844
198.518,-2.666311740875244,4.919095993041992,50.07875061035156
198.82,-2.666311740875244,4.919095993041992,50.07875061035156
199.121,-2.666311740875244,4.919095993041992,50.07875061035156
199.422,-2.666311740875244,4.919095993041992,50.07875061035156
199.723,-2.666311740875244,4.919095993041992,50.07875061035156
200.03,-2.666311740875244,4.919095993041992,50.07875061035156
200.332,-2.666311740875244,4.919095993041992,50.07875061035156
200.642,-8.283869743347168,13.055397033691406,26.7468318939209
200.952,-8.283869743347168,13.055397033691406,26.7468318939209
201.262,-8.283869743347168,13.055397033691406,26.7468318939209
201.572,-8.283869743347168,13.055397033691406,26.7468318939209
201.873,-8.283869743347168,13.055397033691406,26.7468318939209
202.181,-2.6875364780426025,-10.69078254699707,-36.93415069580078
202.482,-2.6875364780426025,-10.69078254699707,-36.93415069580078
202.798,9.047412872314453,-14.340755462646484,-4.5463409423828125
203.074,20.687702178955078,-16.717864990234375,621.4500122070312
203.376,16.925600051879883,-3.544801712036133,580.983642578125
203.678,16.925600051879883,-3.544801712036133,580.983642578125
203.979,16.925600051879883,-3.544801712036133,580.983642578125
204.286,16.925600051879883,-3.544801712036133,580.983642578125
204.588,16.925600051879883,-3.544801712036133,580.983642578125
204.889,16.925600051879883,-3.544801712036133,580.983642578125
205.19,16.925600051879883,-3.544801712036133,580.983642578125
205.491,16.925600051879883,-3.544801712036133,580.983642578125
205.792,-1.2043578624725342,9.704170227050781,-89.85675048828125
206.094,13.476344108581543,14.460443496704102,-59.74545669555664
206.402,-3.1989636421203613,5.783046722412109,172.75628662109375
206.704,-3.1989636421203613,5.783046722412109,172.75628662109375
207.005,-19.712425231933594,2.229301691055298,291.08892822265625
207.327,-13.442395210266113,7.574052810668945,113.12077331542969
207.603,-9.53724193572998,6.088912010192871,-68.5572509765625
207.904,3.6164214611053467,12.403817176818848,-239.5155029296875
208.206,3.166243553161621,-11.203484535217285,-341.57159423828125
208.515,-3.7579312324523926,-10.585550308227539,-202.19329833984375
208.816,-3.7579312324523926,-10.585550308227539,-202.19329833984375
209.117,-3.7579312324523926,-10.585550308227539,-202.19329833984375
209.418,-3.7579312324523926,-10.585550308227539,-202.19329833984375
209.719,-3.7579312324523926,-10.585550308227539,-202.19329833984375
210.02,-3.7579312324523926,-10.585550308227539,-202.19329833984375
210.321,-3.7579312324523926,-10.585550308227539,-202.19329833984375
210.628,-3.7579312324523926,-10.585550308227539,-202.19329833984375
210.939,-3.7579312324523926,-10.585550308227539,-202.19329833984375
211.249,-3.7579312324523926,-10.585550308227539,-202.19329833984375
211.559,-3.7579312324523926,-10.585550308227539,-202.19329833984375
211.869,-3.7579312324523926,-10.585550308227539,-202.19329833984375
212.17,-3.7579312324523926,-10.585550308227539,-202.19329833984375
212.471,-12.541942596435547,13.493738174438477,115.59966278076172
212.779,-13.723522186279297,-14.338875770568848,70.99079895019531
213.081,-13.723522186279297,-14.338875770568848,70.99079895019531
213.382,3.2023727893829346,23.237525939941406,-261.6863098144531
213.684,14.187363624572754,4.866851806640625,-293.46527099609375
213.986,14.187363624572754,4.866851806640625,-293.46527099609375
214.287,14.187363624572754,4.866851806640625,-293.46527099609375
214.588,14.187363624572754,4.866851806640625,-293.46527099609375
214.894,14.187363624572754,4.866851806640625,-293.46527099609375
215.196,14.187363624572754,4.866851806640625,-293.46527099609375
215.497,14.187363624572754,4.866851806640625,-293.46527099609375
215.831,14.187363624572754,4.866851806640625,-293.46527099609375
216.107,4.716276168823242,-6.112546920776367,175.07296752929688
216.409,9.7929105758667,8.253952980041504,200.7318115234375
216.711,-9.171432495117188,1.4062800407409668,223.0575408935547
217.019,10.63923454284668,-9.515432357788086,236.18319702148438
217.321,10.63923454284668,-9.515432357788086,236.18319702148438
217.622,13.924973487854004,-12.210783004760742,194.58877563476562
217.924,13.14271354675293,-0.00933179259300232,173.00054931640625
218.226,21.725692749023438,12.418490409851074,148.5317840576172
218.528,16.89421844482422,33.109214782714844,105.5858154296875
218.83,16.195552825927734,9.182689666748047,60.89356231689453
219.138,16.195552825927734,9.182689666748047,60.89356231689453
219.44,16.195552825927734,9.182689666748047,60.89356231689453
219.741,16.195552825927734,9.182689666748047,60.89356231689453
220.042,16.195552825927734,9.182689666748047,60.89356231689453
220.343,16.195552825927734,9.182689666748047,60.89356231689453
220.644,16.195552825927734,9.182689666748047,60.89356231689453
220.954,-8.546581268310547,-8.448356628417969,69.33981323242188
221.377,-8.546581268310547,-8.448356628417969,69.33981323242188
221.688,-8.546581268310547,-8.448356628417969,69.33981323242188
221.989,-8.546581268310547,-8.448356628417969,69.33981323242188
222.29,-8.546581268310547,-8.448356628417969,69.33981323242188
222.566,-3.3467824459075928,2.6603801250457764,-118.20796966552734
222.867,-11.969049453735352,13.357137680053711,-147.92259216308594
223.169,-11.50352954864502,13.417821884155273,-241.91571044921875
223.478,0.23216164112091064,6.932010650634766,-248.326904296875
223.779,0.23216164112091064,6.932010650634766,-248.326904296875
224.08,0.23216164112091064,6.932010650634766,-248.326904296875
224.381,0.23216164112091064,6.932010650634766,-248.326904296875
224.682,0.23216164112091064,6.932010650634766,-248.326904296875
224.983,0.23216164112091064,6.932010650634766,-248.326904296875
225.284,0.23216164112091064,6.932010650634766,-248.326904296875
225.591,0.23216164112091064,6.932010650634766,-248.326904296875
225.893,0.23216164112091064,6.932010650634766,-248.326904296875
226.194,-14.592851638793945,-3.339808464050293,-404.16778564453125
226.496,-17.80487060546875,12.036417007446289,-363.49383544921875
226.819,-11.877937316894531,10.667098045349121,-281.2784423828125
227.094,-3.713791847229004,31.978271484375,120.1878433227539
227.396,-11.629274368286133,-15.162919044494629,24.801769256591797
227.705,-16.29522705078125,15.427862167358398,35.86315155029297
228.006,-16.29522705078125,15.427862167358398,35.86315155029297
228.307,0.36467158794403076,3.258204460144043,50.500099182128906
228.609,5.005566596984863,3.6103057861328125,-52.123435974121094
228.911,15.506595611572266,-2.609631299972534,-19.73247528076172
229.213,15.506595611572266,-2.609631299972534,-19.73247528076172
229.514,15.506595611572266,-2.609631299972534,-19.73247528076172
229.821,15.506595611572266,-2.609631299972534,-19.73247528076172
230.123,15.506595611572266,-2.609631299972534,-19.73247528076172
230.424,15.506595611572266,-2.609631299972534,-19.73247528076172
230.725,15.506595611572266,-2.609631299972534,-19.73247528076172
231.035,15.506595611572266,-2.609631299972534,-19.73247528076172
231.345,15.506595611572266,-2.609631299972534,-19.73247528076172
231.655,15.506595611572266,-2.609631299972534,-19.73247528076172
232.078,15.506595611572266,-2.609631299972534,-19.73247528076172
232.38,15.506595611572266,-2.609631299972534,-19.73247528076172
232.681,-6.67404842376709,-6.850705146789551,239.05242919921875
233.001,-15.859386444091797,-24.879648208618164,233.5404815673828
233.276,-3.90797758102417,8.484825134277344,186.61676025390625
233.578,3.4297688007354736,13.715983390808105,160.61880493164062
233.88,9.551774978637695,3.5403504371643066,122.19087219238281
234.188,9.551774978637695,3.5403504371643066,122.19087219238281
234.489,9.551774978637695,3.5403504371643066,122.19087219238281
234.79,9.551774978637695,3.5403504371643066,122.19087219238281
235.091,9.551774978637695,3.5403504371643066,122.19087219238281
235.392,9.551774978637695,3.5403504371643066,122.19087219238281
235.693,9.551774978637695,3.5403504371643066,122.19087219238281
235.994,9.551774978637695,3.5403504371643066,122.19087219238281
236.301,-9.300798416137695,-11.008553504943848,-5.905670166015625
236.603,-9.300798416137695,-11.008553504943848,-5.905670166015625
236.904,2.091500759124756,-13.071455001831055,233.72207641601562
237.206,4.773767948150635,-1.2231663465499878,187.0786895751953
237.529,-8.53829288482666,5.158541202545166,136.48416137695312
237.804,-2.854318857192993,2.408384323120117,151.61911010742188
238.106,2.3741862773895264,-0.014516174793243408,151.34881591796875
238.414,-2.9975295066833496,-0.19886943697929382,61.51869201660156
238.716,-2.9975295066833496,-0.19886943697929382,61.51869201660156
239.017,-3.8397634029388428,5.476810455322266,-50.588417053222656
239.319,-3.8397634029388428,5.476810455322266,-50.588417053222656
239.62,-3.8397634029388428,5.476810455322266,-50.588417053222656
239.921,-3.8397634029388428,5.476810455322266,-50.588417053222656
240.222,-3.8397634029388428,5.476810455322266,-50.588417053222656
240.529,-3.8397634029388428,5.476810455322266,-50.588417053222656
240.831,-3.8397634029388428,5.476810455322266,-50.588417053222656
241.141,-3.8397634029388428,5.476810455322266,-50.588417053222656
241.451,-3.8397634029388428,5.476810455322266,-50.588417053222656
241.761,-3.8397634029388428,5.476810455322266,-50.588417053222656
242.071,-3.8397634029388428,5.476810455322266,-50.588417053222656
242.372,-3.8397634029388428,5.476810455322266,-50.588417053222656
242.679,-11.37104606628418,-17.27873420715332,8.097087860107422
242.981,-11.37104606628418,-17.27873420715332,8.097087860107422
243.282,-5.591564178466797,-12.02413272857666,140.71127319335938
243.584,5.582080841064453,-24.4267578125,137.70596313476562
243.886,-18.009456634521484,-17.864686965942383,-13.57563304901123
244.188,-17.471378326416016,-18.082988739013672,-193.3267364501953
244.49,-17.471378326416016,-18.082988739013672,-193.3267364501953
244.797,-17.471378326416016,-18.082988739013672,-193.3267364501953
245.099,-17.471378326416016,-18.082988739013672,-193.3267364501953
245.4,-17.471378326416016,-18.082988739013672,-193.3267364501953
245.701,-17.471378326416016,-18.082988739013672,-193.3267364501953
246.002,-17.471378326416016,-18.082988739013672,-193.3267364501953
246.308,-17.471378326416016,-18.082988739013672,-193.3267364501953
246.583,4.096381187438965,-2.1700658798217773,173.84934997558594
246.891,8.300609588623047,-3.5029683113098145,159.43771362304688
247.193,8.300609588623047,-3.5029683113098145,159.43771362304688
247.494,-7.536042213439941,-8.296114921569824,96.75055694580078
247.796,-6.702361583709717,-20.129913330078125,57.85209655761719
248.098,-3.249336004257202,0.22278380393981934,45.08095169067383
248.4,-19.122018814086914,-8.16579818725586,35.10893249511719
248.702,-30.373130798339844,-12.888525009155273,21.305051803588867
249.01,-23.837543487548828,14.379759788513184,26.91519546508789
249.312,-23.837543487548828,14.379759788513184,26.91519546508789
249.613,-23.837543487548828,14.379759788513184,26.91519546508789
249.914,-23.837543487548828,14.379759788513184,26.91519546508789
250.215,-23.837543487548828,14.379759788513184,26.91519546508789
250.516,-23.837543487548828,14.379759788513184,26.91519546508789
250.817,-23.837543487548828,14.379759788513184,26.91519546508789
251.124,-23.837543487548828,14.379759788513184,26.91519546508789
251.434,-23.837543487548828,14.379759788513184,26.91519546508789
251.744,-23.837543487548828,14.379759788513184,26.91519546508789
252.054,-23.837543487548828,14.379759788513184,26.91519546508789
252.364,-23.837543487548828,14.379759788513184,26.91519546508789
252.665,-23.837543487548828,14.379759788513184,26.91519546508789
252.966,11.833048820495605,0.7746279835700989,-323.60699462890625
253.274,20.609609603881836,-4.734802722930908,-194.96145629882812
253.592,20.609609603881836,-4.734802722930908,-194.96145629882812
253.867,-9.522324562072754,-3.518280029296875,108.88597106933594
254.169,-3.087968349456787,-7.24376106262207,209.98623657226562
254.471,-3.087968349456787,-7.24376106262207,209.98623657226562
254.772,-3.087968349456787,-7.24376106262207,209.98623657226562
255.073,-3.087968349456787,-7.24376106262207,209.98623657226562
255.38,-3.087968349456787,-7.24376106262207,209.98623657226562
255.682,-3.087968349456787,-7.24376106262207,209.98623657226562
255.983,-3.087968349456787,-7.24376106262207,209.98623657226562
256.284,-3.087968349456787,-7.24376106262207,209.98623657226562
256.585,-0.47780072689056396,6.893187046051025,-41.183326721191406
256.887,3.7991013526916504,-15.323050498962402,6.604522705078125
257.189,1.3733949661254883,-12.921247482299805,79.11438751220703
257.498,-3.9646027088165283,8.234238624572754,74.71051025390625
257.799,-3.9646027088165283,8.234238624572754,74.71051025390625
258.12,12.70616340637207,-12.624801635742188,62.85224914550781
258.395,6.677033424377441,5.569190979003906,49.2358512878418
258.697,19.11400604248047,-2.817899465560913,128.177490234375
258.999,12.99638557434082,-2.0036797523498535,101.21939086914062
259.301,-6.0266594886779785,2.359400510787964,23.35380744934082
259.609,-6.0266594886779785,2.359400510787964,23.35380744934082
259.911,-6.0266594886779785,2.359400510787964,23.35380744934082
260.212,-6.0266594886779785,2.359400510787964,23.35380744934082
260.513,-6.0266594886779785,2.359400510787964,23.35380744934082
260.814,-6.0266594886779785,2.359400510787964,23.35380744934082
261.115,-6.0266594886779785,2.359400510787964,23.35380744934082
261.416,-6.0266594886779785,2.359400510787964,23.35380744934082
261.839,-9.375289916992188,17.80317497253418,-70.88694763183594
262.15,-9.375289916992188,17.80317497253418,-70.88694763183594
262.46,-9.375289916992188,17.80317497253418,-70.88694763183594
262.761,-9.375289916992188,17.80317497253418,-70.88694763183594
263.062,-2.4440319538116455,-21.330190658569336,-231.02845764160156
263.364,10.944185256958008,27.243616104125977,-94.1462631225586
263.666,-11.692266464233398,20.990005493164062,-0.7090563774108887
263.974,-25.352367401123047,-8.109939575195312,53.576454162597656
264.301,-25.352367401123047,-8.109939575195312,53.576454162597656
264.602,-25.352367401123047,-8.109939575195312,53.576454162597656
264.903,-25.352367401123047,-8.109939575195312,53.576454162597656
265.204,-25.352367401123047,-8.109939575195312,53.576454162597656
265.505,-25.352367401123047,-8.109939575195312,53.576454162597656
265.806,-25.352367401123047,-8.109939575195312,53.576454162597656
266.113,-25.352367401123047,-8.109939575195312,53.576454162597656
266.415,-25.352367401123047,-8.109939575195312,53.576454162597656
266.716,-9.592452049255371,-9.168718338012695,35.88691711425781
267.018,0.13981309533119202,-6.601657867431641,12.359735488891602
267.32,-6.38754415512085,7.227888107299805,-15.515327453613281
267.622,-8.082646369934082,1.7804410457611084,-36.66719055175781
267.924,11.362348556518555,-0.26630330085754395,223.98806762695312
268.232,1.0595417022705078,12.484319686889648,227.97317504882812
268.552,1.0595417022705078,12.484319686889648,227.97317504882812
268.828,-15.905198097229004,-1.8573637008666992,48.225608825683594
269.129,-13.73369026184082,0.06589698791503906,-201.5240478515625
269.431,29.58074188232422,7.744704246520996,-365.11993408203125
269.733,29.58074188232422,7.744704246520996,-365.11993408203125
270.034,29.58074188232422,7.744704246520996,-365.11993408203125
270.341,29.58074188232422,7.744704246520996,-365.11993408203125
270.642,29.58074188232422,7.744704246520996,-365.11993408203125
270.943,29.58074188232422,7.744704246520996,-365.11993408203125
271.244,29.58074188232422,7.744704246520996,-365.11993408203125
271.545,29.58074188232422,7.744704246520996,-365.11993408203125
271.855,-3.3885860443115234,22.271343231201172,100.25448608398438
272.165,-3.3885860443115234,22.271343231201172,100.25448608398438
272.588,-3.3885860443115234,22.271343231201172,100.25448608398438
272.89,-3.3885860443115234,22.271343231201172,100.25448608398438
273.191,-3.452793836593628,15.081452369689941,190.96652221679688
273.493,-12.697670936584473,23.8011531829834,192.48072814941406
273.795,-9.927841186523438,9.127703666687012,177.0371551513672
274.097,5.578618049621582,-2.1532716751098633,152.91197204589844
274.399,-3.371185064315796,0.5254579186439514,125.77082824707031
274.707,-11.539651870727539,-1.9524927139282227,85.34536743164062
275.008,-11.539651870727539,-1.9524927139282227,85.34536743164062
275.309,-11.539651870727539,-1.9524927139282227,85.34536743164062
275.61,-11.539651870727539,-1.9524927139282227,85.34536743164062
275.911,-11.539651870727539,-1.9524927139282227,85.34536743164062
276.212,-11.539651870727539,-1.9524927139282227,85.34536743164062
276.513,-11.539651870727539,-1.9524927139282227,85.34536743164062
276.82,-8.863905906677246,-2.2522897720336914,238.67398071289062
277.122,-8.863905906677246,-2.2522897720336914,238.67398071289062
277.423,9.464126586914062,0.16317462921142578,311.2210998535156
277.725,8.66986083984375,16.080341339111328,259.08502197265625
278.027,15.905144691467285,-1.7792010307312012,194.0892333984375
278.329,0.42930781841278076,-1.9650846719741821,143.4935302734375
278.631,-14.749435424804688,-16.986919403076172,79.01090240478516
278.939,5.211523056030273,0.8444002866744995,-43.395545959472656
279.261,5.211523056030273,0.8444002866744995,-43.395545959472656
279.537,11.345152854919434,1.4766004085540771,-218.97560119628906
279.839,11.345152854919434,1.4766004085540771,-218.97560119628906
280.14,11.345152854919434,1.4766004085540771,-218.97560119628906
280.441,11.345152854919434,1.4766004085540771,-218.97560119628906
280.742,11.345152854919434,1.4766004085540771,-218.97560119628906
281.049,11.345152854919434,1.4766004085540771,-218.97560119628906
281.35,11.345152854919434,1.4766004085540771,-218.97560119628906
281.651,11.345152854919434,1.4766004085540771,-218.97560119628906
281.961,-7.843484878540039,7.256864547729492,220.34681701660156
282.271,-7.843484878540039,7.256864547729492,220.34681701660156
282.581,-7.843484878540039,7.256864547729492,220.34681701660156
282.891,-7.843484878540039,7.256864547729492,220.34681701660156
283.198,-7.843484878540039,7.256864547729492,220.34681701660156
283.513,-7.843484878540039,7.256864547729492,220.34681701660156
283.789,23.27724838256836,2.518681526184082,3.191227436065674
284.091,18.843753814697266,-1.179842233657837,-42.37874984741211
284.393,5.266501426696777,-20.5264892578125,-56.82655334472656
284.695,-3.254754066467285,-24.639833450317383,85.64114379882812
284.997,-3.254754066467285,-24.639833450317383,85.64114379882812
285.304,-3.254754066467285,-24.639833450317383,85.64114379882812
285.606,-3.254754066467285,-24.639833450317383,85.64114379882812
285.907,-3.254754066467285,-24.639833450317383,85.64114379882812
286.208,-3.254754066467285,-24.639833450317383,85.64114379882812
286.509,-3.254754066467285,-24.639833450317383,85.64114379882812
286.81,-3.254754066467285,-24.639833450317383,85.64114379882812
287.111,7.268068790435791,-10.647497177124023,-29.981487274169922
287.419,0.5238747596740723,-14.099233627319336,-16.209270477294922
287.72,0.5238747596740723,-14.099233627319336,-16.209270477294922
288.042,6.15270471572876,-6.675931453704834,35.90626907348633
288.317,-9.149861335754395,-18.604440689086914,117.56694793701172
288.619,-2.743030309677124,-18.45033836364746,186.57044982910156
288.921,3.22357177734375,-24.967031478881836,153.72125244140625
289.222,9.989239692687988,-10.566957473754883,122.66869354248047
289.53,-0.07294632494449615,-4.9336628913879395,80.4688491821289
289.832,-0.07294632494449615,-4.9336628913879395,80.4688491821289
290.133,-0.07294632494449615,-4.9336628913879395,80.4688491821289
290.434,-0.07294632494449615,-4.9336628913879395,80.4688491821289
290.735,-0.07294632494449615,-4.9336628913879395,80.4688491821289
291.036,-0.07294632494449615,-4.9336628913879395,80.4688491821289
291.337,-0.07294632494449615,-4.9336628913879395,80.4688491821289
291.644,-0.07294632494449615,-4.9336628913879395,80.4688491821289
291.946,-0.07294632494449615,-4.9336628913879395,80.4688491821289
292.256,7.689852714538574,13.231854438781738,-207.18411254882812
292.566,7.689852714538574,13.231854438781738,-207.18411254882812
292.876,7.689852714538574,13.231854438781738,-207.18411254882812
293.186,7.689852714538574,13.231854438781738,-207.18411254882812
293.487,7.689852714538574,13.231854438781738,-207.18411254882812
293.794,-2.42192006111145,8.470550537109375,-169.51275634765625
294.096,-2.42192006111145,8.470550537109375,-169.51275634765625
294.397,-3.076467990875244,-0.8682405948638916,-92.00652313232422
294.699,1.2637732028961182,-1.4687910079956055,-50.22939682006836
295.001,9.367805480957031,-12.231860160827637,-14.280376434326172
295.303,9.367805480957031,-12.231860160827637,-14.280376434326172
295.604,9.367805480957031,-12.231860160827637,-14.280376434326172
295.91,9.367805480957031,-12.231860160827637,-14.280376434326172
296.212,9.367805480957031,-12.231860160827637,-14.280376434326172
296.513,9.367805480957031,-12.231860160827637,-14.280376434326172
296.814,9.367805480957031,-12.231860160827637,-14.280376434326172
297.115,2.160828113555908,-0.6665282249450684,112.34086608886719
297.417,-0.8670207262039185,17.020832061767578,57.84405517578125
297.719,3.979104518890381,17.318836212158203,43.335391998291016
298.027,-0.3270276188850403,15.306681632995605,18.283130645751953
298.329,-0.3270276188850403,15.306681632995605,18.283130645751953
298.63,2.5451138019561768,19.10548973083496,-3.4856715202331543
298.932,-1.5464603900909424,1.2417747974395752,-12.556440353393555
299.234,-2.400120258331299,-6.712743759155273,82.29782104492188
299.536,-7.517614841461182,17.480852127075195,455.5136413574219
299.854,-16.34223175048828,12.984062194824219,588.31689453125
300.162,-16.34223175048828,12.984062194824219,588.31689453125
300.463,-16.34223175048828,12.984062194824219,588.31689453125
300.764,-16.34223175048828,12.984062194824219,588.31689453125
301.065,-16.34223175048828,12.984062194824219,588.31689453125
301.366,-16.34223175048828,12.984062194824219,588.31689453125
301.667,-16.34223175048828,12.984062194824219,588.31689453125
301.968,-16.34223175048828,12.984062194824219,588.31689453125
302.392,6.85703182220459,5.480833053588867,24.6075439453125
302.812,6.85703182220459,5.480833053588867,24.6075439453125
303.122,6.85703182220459,5.480833053588867,24.6075439453125
303.423,6.85703182220459,5.480833053588867,24.6075439453125
303.724,0.45171427726745605,6.901600360870361,-130.81463623046875
304.026,8.233154296875,-20.892227172851562,1.7907459735870361
304.334,11.312776565551758,-11.01096248626709,-13.0811128616333
304.66,11.312776565551758,-11.01096248626709,-13.0811128616333
304.935,-10.121191024780273,-1.5914019346237183,-47.44239807128906
305.237,-10.121191024780273,-1.5914019346237183,-47.44239807128906
305.538,-10.121191024780273,-1.5914019346237183,-47.44239807128906
305.839,-10.121191024780273,-1.5914019346237183,-47.44239807128906
306.14,-10.121191024780273,-1.5914019346237183,-47.44239807128906
306.447,-10.121191024780273,-1.5914019346237183,-47.44239807128906
306.749,-10.121191024780273,-1.5914019346237183,-47.44239807128906
307.05,-10.121191024780273,-1.5914019346237183,-47.44239807128906
307.351,2.1400794982910156,18.169479370117188,-36.8741455078125
307.653,2.1400794982910156,18.169479370117188,-36.8741455078125
307.954,-24.04253387451172,27.009004592895508,-230.9720458984375
308.256,18.124351501464844,-6.133137226104736,-205.01187133789062
308.564,-15.436712265014648,-22.616771697998047,-153.21954345703125
308.866,-15.436712265014648,-22.616771697998047,-153.21954345703125
309.188,-1.5917725563049316,-3.618478536605835,274.16680908203125
309.464,16.750436782836914,-3.865532398223877,283.9991455078125
309.765,8.554097175598145,-5.259772300720215,265.6712341308594
310.067,10.853448867797852,-6.957481861114502,233.24717712402344
310.369,10.853448867797852,-6.957481861114502,233.24717712402344
310.676,10.853448867797852,-6.957481861114502,233.24717712402344
310.978,10.853448867797852,-6.957481861114502,233.24717712402344
311.279,10.853448867797852,-6.957481861114502,233.24717712402344
311.58,10.853448867797852,-6.957481861114502,233.24717712402344
311.881,10.853448867797852,-6.957481861114502,233.24717712402344
312.182,10.853448867797852,-6.957481861114502,233.24717712402344
312.492,7.274365425109863,9.091869354248047,269.509033203125
312.915,7.274365425109863,9.091869354248047,269.509033203125
313.226,7.274365425109863,9.091869354248047,269.509033203125
313.527,7.274365425109863,9.091869354248047,269.509033203125
313.828,-18.10797119140625,-9.968414306640625,-37.238895416259766
314.13,-7.7996063232421875,0.38887128233909607,-90.19259643554688
314.432,3.266227960586548,0.8906347155570984,-95.2574462890625
314.734,-12.341795921325684,7.381748199462891,117.83585357666016
315.043,-13.650459289550781,-0.9656881093978882,155.69955444335938
315.344,-13.650459289550781,-0.9656881093978882,155.69955444335938
315.645,-13.650459289550781,-0.9656881093978882,155.69955444335938
315.946,-13.650459289550781,-0.9656881093978882,155.69955444335938
316.247,-13.650459289550781,-0.9656881093978882,155.69955444335938
316.548,-13.650459289550781,-0.9656881093978882,155.69955444335938
316.849,-13.650459289550781,-0.9656881093978882,155.69955444335938
317.156,-13.650459289550781,-0.9656881093978882,155.69955444335938
317.458,-13.650459289550781,-0.9656881093978882,155.69955444335938
317.759,-5.442718029022217,-16.16901397705078,181.98280334472656
318.061,11.732627868652344,5.1640625,275.5748291015625
318.363,11.178580284118652,11.782480239868164,189.48275756835938
318.665,11.178580284118652,11.782480239868164,189.48275756835938
318.966,21.197507858276367,2.978109836578369,1.8271721601486206
319.275,13.642626762390137,2.7999753952026367,240.97711181640625
319.576,13.642626762390137,2.7999753952026367,240.97711181640625
319.898,-0.028259336948394775,20.618562698364258,129.9405517578125
320.174,3.2463769912719727,9.707002639770508,-49.57111358642578
320.476,3.2463769912719727,9.707002639770508,-49.57111358642578
320.777,3.2463769912719727,9.707002639770508,-49.57111358642578
321.078,3.2463769912719727,9.707002639770508,-49.57111358642578
321.385,3.2463769912719727,9.707002639770508,-49.57111358642578
321.686,3.2463769912719727,9.707002639770508,-49.57111358642578
321.987,3.2463769912719727,9.707002639770508,-49.57111358642578
322.288,3.2463769912719727,9.707002639770508,-49.57111358642578
322.598,-11.562546730041504,-8.49006462097168,324.5549621582031
322.908,-11.562546730041504,-8.49006462097168,324.5549621582031
323.218,-11.562546730041504,-8.49006462097168,324.5549621582031
323.641,-11.562546730041504,-8.49006462097168,324.5549621582031
323.943,-11.562546730041504,-8.49006462097168,324.5549621582031
324.244,-17.885555267333984,-5.800816059112549,-40.737098693847656
324.546,-17.22452163696289,13.370481491088867,-226.41822814941406
324.848,0.6547324061393738,17.39568328857422,-248.8592987060547
325.15,5.206568717956543,20.854862213134766,-52.76333236694336
325.452,6.068486213684082,-5.908090591430664,84.81112670898438
325.759,6.068486213684082,-5.908090591430664,84.81112670898438
326.061,6.068486213684082,-5.908090591430664,84.81112670898438
326.362,6.068486213684082,-5.908090591430664,84.81112670898438
326.663,6.068486213684082,-5.908090591430664,84.81112670898438
326.964,6.068486213684082,-5.908090591430664,84.81112670898438
327.265,6.068486213684082,-5.908090591430664,84.81112670898438
327.575,6.068486213684082,-5.908090591430664,84.81112670898438
327.858,20.557308197021484,-5.413016319274902,81.40800476074219
328.16,20.557308197021484,-5.413016319274902,81.40800476074219
328.461,5.714285373687744,-16.67303466796875,182.55349731445312
328.763,-9.927145957946777,8.307268142700195,79.42980194091797
329.065,-4.99529504776001,2.934164047241211,-185.92852783203125
329.367,-2.7821269035339355,1.5451654195785522,-361.7977600097656
329.669,-2.7821269035339355,1.5451654195785522,-361.7977600097656
329.976,11.520424842834473,0.8310791254043579,331.53173828125
330.278,11.520424842834473,0.8310791254043579,331.53173828125
330.579,-7.626577377319336,5.444230556488037,-96.14156341552734
330.881,-7.626577377319336,5.444230556488037,-96.14156341552734
331.182,-7.626577377319336,5.444230556488037,-96.14156341552734
331.483,-7.626577377319336,5.444230556488037,-96.14156341552734
331.784,-7.626577377319336,5.444230556488037,-96.14156341552734
332.091,-7.626577377319336,5.444230556488037,-96.14156341552734
332.392,-7.626577377319336,5.444230556488037,-96.14156341552734
332.702,5.015586853027344,18.123146057128906,126.24678802490234
333.012,5.015586853027344,18.123146057128906,126.24678802490234
333.322,5.015586853027344,18.123146057128906,126.24678802490234
333.632,5.015586853027344,18.123146057128906,126.24678802490234
333.933,5.015586853027344,18.123146057128906,126.24678802490234
334.24,-12.434648513793945,5.031615257263184,0.6905865669250488
334.542,-12.434648513793945,5.031615257263184,0.6905865669250488
334.843,0.9501733779907227,4.756104946136475,29.260374069213867
335.144,-3.0553359985351562,4.489446640014648,147.93902587890625
335.446,-9.901496887207031,11.132094383239746,149.77377319335938
335.748,-9.901496887207031,11.132094383239746,149.77377319335938
336.049,-9.901496887207031,11.132094383239746,149.77377319335938
336.356,-9.901496887207031,11.132094383239746,149.77377319335938
336.657,-9.901496887207031,11.132094383239746,149.77377319335938
336.958,-9.901496887207031,11.132094383239746,149.77377319335938
337.259,-9.901496887207031,11.132094383239746,149.77377319335938
337.56,-9.901496887207031,11.132094383239746,149.77377319335938
337.861,-2.402284860610962,5.551395416259766,-45.092857360839844
338.163,-14.879447937011719,-12.414639472961426,-22.755359649658203
338.471,-10.145681381225586,-1.3521255254745483,28.140972137451172
338.773,-10.145681381225586,-1.3521255254745483,28.140972137451172
339.074,9.55665397644043,-8.758455276489258,41.271522521972656
339.389,5.229447841644287,-1.6879140138626099,79.99626922607422
339.664,3.861093521118164,8.192361831665039,23.48519515991211
339.966,-3.259449005126953,16.074504852294922,-38.683441162109375
340.268,-3.259449005126953,16.074504852294922,-38.683441162109375
340.575,-6.116054534912109,13.829901695251465,-50.71891784667969
340.877,-6.116054534912109,13.829901695251465,-50.71891784667969
341.178,-6.116054534912109,13.829901695251465,-50.71891784667969
341.479,-6.116054534912109,13.829901695251465,-50.71891784667969
341.78,-6.116054534912109,13.829901695251465,-50.71891784667969
342.081,-6.116054534912109,13.829901695251465,-50.71891784667969
342.382,-6.116054534912109,13.829901695251465,-50.71891784667969
342.689,-6.116054534912109,13.829901695251465,-50.71891784667969
343,-6.116054534912109,13.829901695251465,-50.71891784667969
343.31,-6.116054534912109,13.829901695251465,-50.71891784667969
343.62,-6.116054534912109,13.829901695251465,-50.71891784667969
343.93,-6.116054534912109,13.829901695251465,-50.71891784667969
344.231,-6.116054534912109,13.829901695251465,-50.71891784667969
344.532,11.257118225097656,9.057795524597168,-158.2132568359375
344.84,3.4181137084960938,-22.644763946533203,-383.2233581542969
345.141,3.4181137084960938,-22.644763946533203,-383.2233581542969
345.442,-5.182143211364746,0.6603831052780151,-292.219482421875
345.744,-4.898512840270996,4.252452850341797,-201.1470947265625
346.046,-4.898512840270996,4.252452850341797,-201.1470947265625
346.347,-4.898512840270996,4.252452850341797,-201.1470947265625
346.648,-4.898512840270996,4.252452850341797,-201.1470947265625
346.955,-4.898512840270996,4.252452850341797,-201.1470947265625
347.257,-4.898512840270996,4.252452850341797,-201.1470947265625
347.558,-4.898512840270996,4.252452850341797,-201.1470947265625
347.892,-4.898512840270996,4.252452850341797,-201.1470947265625
348.168,-6.275920391082764,3.0204498767852783,322.7831115722656
348.47,-10.759491920471191,-5.7496137619018555,279.8346252441406
348.772,-3.461454391479492,1.7623064517974854,230.13357543945312
349.08,-0.8226759433746338,-22.497215270996094,158.4783477783203
349.382,-0.8226759433746338,-22.497215270996094,158.4783477783203
349.683,11.417763710021973,1.8353585004806519,34.360595703125
349.985,2.0574073791503906,-4.109229564666748,-4.992486953735352
350.287,-14.743541717529297,13.358315467834473,-39.950706481933594
350.589,-3.639760971069336,21.064481735229492,248.62167358398438
350.891,-9.89071273803711,0.029273033142089844,379.1883239746094
351.199,-9.89071273803711,0.029273033142089844,379.1883239746094
351.501,-9.89071273803711,0.029273033142089844,379.1883239746094
351.802,-9.89071273803711,0.029273033142089844,379.1883239746094
352.103,-9.89071273803711,0.029273033142089844,379.1883239746094
352.404,-9.89071273803711,0.029273033142089844,379.1883239746094
352.705,-9.89071273803711,0.029273033142089844,379.1883239746094
353.015,7.936558723449707,7.898850440979004,44.629608154296875
353.438,7.936558723449707,7.898850440979004,44.629608154296875
353.749,7.936558723449707,7.898850440979004,44.629608154296875
354.05,7.936558723449707,7.898850440979004,44.629608154296875
354.351,2.0179576873779297,6.4790143966674805,127.53836059570312
354.653,5.100164413452148,8.794912338256836,-74.35115814208984
354.955,7.336173057556152,5.8923420906066895,-82.26282501220703
355.257,-20.161128997802734,12.980167388916016,-27.76769256591797
355.566,-6.567556858062744,22.999624252319336,-114.87728118896484
355.867,-6.567556858062744,22.999624252319336,-114.87728118896484
356.168,-6.567556858062744,22.999624252319336,-114.87728118896484
356.469,-6.567556858062744,22.999624252319336,-114.87728118896484
356.77,-6.567556858062744,22.999624252319336,-114.87728118896484
357.071,-6.567556858062744,22.999624252319336,-114.87728118896484
357.372,-6.567556858062744,22.999624252319336,-114.87728118896484
357.679,-6.567556858062744,22.999624252319336,-114.87728118896484
357.981,-6.567556858062744,22.999624252319336,-114.87728118896484
358.282,-12.076069831848145,1.944814682006836,-110.7754135131836
358.602,-0.7946913242340088,7.592781066894531,-84.20466613769531
358.877,9.347646713256836,25.42022132873535,173.53323364257812
359.179,10.166236877441406,19.239036560058594,188.69993591308594
359.481,8.139942169189453,7.069689750671387,81.97245788574219
359.789,-8.055337905883789,-6.3433451652526855,-19.533960342407227
360.091,-8.055337905883789,-6.3433451652526855,-19.533960342407227
360.392,-0.6001482009887695,8.731221199035645,245.57772827148438
360.694,4.884968280792236,-1.0641186237335205,200.22042846679688
360.996,7.444354057312012,-2.053226947784424,128.56224060058594
361.297,7.444354057312012,-2.053226947784424,128.56224060058594
361.598,7.444354057312012,-2.053226947784424,128.56224060058594
361.905,7.444354057312012,-2.053226947784424,128.56224060058594
362.207,7.444354057312012,-2.053226947784424,128.56224060058594
362.508,7.444354057312012,-2.053226947784424,128.56224060058594
362.809,7.444354057312012,-2.053226947784424,128.56224060058594
363.138,7.444354057312012,-2.053226947784424,128.56224060058594
363.448,7.444354057312012,-2.053226947784424,128.56224060058594
363.758,7.444354057312012,-2.053226947784424,128.56224060058594
364.181,7.444354057312012,-2.053226947784424,128.56224060058594
364.507,7.444354057312012,-2.053226947784424,128.56224060058594
364.782,-7.330957889556885,-7.837196350097656,17.7437686920166
365.084,-1.8497473001480103,-6.089800834655762,34.862144470214844
365.386,0.1325838267803192,0.35991963744163513,55.487060546875
365.688,4.920403480529785,-0.32747405767440796,31.564926147460938
365.99,5.364991188049316,-4.833899021148682,54.99250793457031
366.298,5.364991188049316,-4.833899021148682,54.99250793457031
366.599,5.364991188049316,-4.833899021148682,54.99250793457031
366.9,5.364991188049316,-4.833899021148682,54.99250793457031
367.201,5.364991188049316,-4.833899021148682,54.99250793457031
367.502,5.364991188049316,-4.833899021148682,54.99250793457031
367.803,5.364991188049316,-4.833899021148682,54.99250793457031
368.104,5.364991188049316,-4.833899021148682,54.99250793457031
368.411,-19.071142196655273,-15.949317932128906,-342.94049072265625
368.712,-19.071142196655273,-15.949317932128906,-342.94049072265625
369.035,-5.990545749664307,1.4322352409362793,327.73876953125
369.31,-9.469176292419434,-0.8280870318412781,-95.377197265625
369.612,-0.26015299558639526,0.10862544924020767,103.11080932617188
369.913,-3.147200584411621,3.679858446121216,162.3896026611328
370.215,-3.147200584411621,3.679858446121216,162.3896026611328
370.522,14.267909049987793,-0.5066636800765991,226.28118896484375
370.823,14.267909049987793,-0.5066636800765991,226.28118896484375
371.124,16.464344024658203,-0.5376189351081848,-93.68682098388672
371.426,16.464344024658203,-0.5376189351081848,-93.68682098388672
371.727,16.464344024658203,-0.5376189351081848,-93.68682098388672
372.028,16.464344024658203,-0.5376189351081848,-93.68682098388672
372.329,16.464344024658203,-0.5376189351081848,-93.68682098388672
372.636,16.464344024658203,-0.5376189351081848,-93.68682098388672
372.937,16.464344024658203,-0.5376189351081848,-93.68682098388672
373.247,16.464344024658203,-0.5376189351081848,-93.68682098388672
373.557,16.464344024658203,-0.5376189351081848,-93.68682098388672
373.867,16.464344024658203,-0.5376189351081848,-93.68682098388672
374.177,16.464344024658203,-0.5376189351081848,-93.68682098388672
374.478,16.464344024658203,-0.5376189351081848,-93.68682098388672
374.785,-2.0131421089172363,-8.698144912719727,32.81342315673828
375.086,-2.0131421089172363,-8.698144912719727,32.81342315673828
375.387,4.892313480377197,0.07176914811134338,45.57215118408203
375.689,-4.3166093826293945,0.8065314292907715,111.75139617919922
375.991,-10.004444122314453,11.211616516113281,148.73558044433594
376.293,-5.783761024475098,11.260550498962402,53.97503662109375
376.595,-5.783761024475098,11.260550498962402,53.97503662109375
376.902,-5.783761024475098,11.260550498962402,53.97503662109375
377.204,-5.783761024475098,11.260550498962402,53.97503662109375
377.505,-5.783761024475098,11.260550498962402,53.97503662109375
377.806,-5.783761024475098,11.260550498962402,53.97503662109375
378.107,-5.783761024475098,11.260550498962402,53.97503662109375
378.408,8.94072151184082,-4.985193252563477,80.12459564208984
378.71,-21.83819007873535,1.4023568630218506,44.18382263183594
379.018,-16.250301361083984,0.9125456809997559,148.7166748046875
379.32,-16.250301361083984,0.9125456809997559,148.7166748046875
379.621,10.892189025878906,-2.5173072814941406,28.165531158447266
379.923,9.884295463562012,5.927130699157715,11.18868350982666
380.225,-5.028668403625488,22.56805419921875,140.5274200439453
380.527,-15.263938903808594,20.565673828125,329.118408203125
380.847,-11.71607780456543,-15.636509895324707,334.65478515625
381.129,-4.2809529304504395,-27.37164878845215,-40.88212585449219
381.431,-4.2809529304504395,-27.37164878845215,-40.88212585449219
381.732,-4.2809529304504395,-27.37164878845215,-40.88212585449219
382.033,-4.2809529304504395,-27.37164878845215,-40.88212585449219
382.334,-4.2809529304504395,-27.37164878845215,-40.88212585449219
382.635,-4.2809529304504395,-27.37164878845215,-40.88212585449219
382.936,-4.2809529304504395,-27.37164878845215,-40.88212585449219
383.242,-4.2809529304504395,-27.37164878845215,-40.88212585449219
383.553,-4.2809529304504395,-27.37164878845215,-40.88212585449219
383.863,-4.2809529304504395,-27.37164878845215,-40.88212585449219
384.173,-4.2809529304504395,-27.37164878845215,-40.88212585449219
384.483,-4.2809529304504395,-27.37164878845215,-40.88212585449219
384.784,-4.2809529304504395,-27.37164878845215,-40.88212585449219
385.099,-4.2809529304504395,-27.37164878845215,-40.88212585449219
385.382,15.133565902709961,-1.9369144439697266,-52.51197052001953
385.684,15.133565902709961,-1.9369144439697266,-52.51197052001953
385.985,1.407897710800171,2.9394748210906982,-85.34668731689453
386.287,1.5019516944885254,-15.454193115234375,-58.879276275634766
386.589,1.5019516944885254,-15.454193115234375,-58.879276275634766
386.89,1.5019516944885254,-15.454193115234375,-58.879276275634766
387.191,1.5019516944885254,-15.454193115234375,-58.879276275634766
387.498,1.5019516944885254,-15.454193115234375,-58.879276275634766
387.8,1.5019516944885254,-15.454193115234375,-58.879276275634766
388.101,1.5019516944885254,-15.454193115234375,-58.879276275634766
388.402,1.5019516944885254,-15.454193115234375,-58.879276275634766
388.703,1.5019516944885254,-15.454193115234375,-58.879276275634766
389.004,2.5109455585479736,-5.5890607833862305,-51.69190216064453
389.306,-11.38510513305664,-16.504352569580078,-27.899707794189453
389.634,-3.071312189102173,0.8661857843399048,17.983184814453125
389.936,-3.071312189102173,0.8661857843399048,17.983184814453125
390.237,-4.423488140106201,-15.694587707519531,-50.66275405883789
390.539,9.041877746582031,-30.307003021240234,-54.3594970703125
390.841,-2.724332571029663,-5.049890518188477,2.331420660018921
391.142,-15.851356506347656,5.258695125579834,98.71871948242188
391.444,-8.174759864807129,-12.563488006591797,167.477294921875
391.752,-8.174759864807129,-12.563488006591797,167.477294921875
392.054,-8.174759864807129,-12.563488006591797,167.477294921875
392.355,-8.174759864807129,-12.563488006591797,167.477294921875
392.656,-8.174759864807129,-12.563488006591797,167.477294921875
392.957,-8.174759864807129,-12.563488006591797,167.477294921875
393.258,-8.174759864807129,-12.563488006591797,167.477294921875
393.568,-8.174759864807129,-12.563488006591797,167.477294921875
393.991,-8.174759864807129,-12.563488006591797,167.477294921875
394.302,-8.174759864807129,-12.563488006591797,167.477294921875
394.603,-8.174759864807129,-12.563488006591797,167.477294921875
394.904,-10.382696151733398,-8.854959487915039,-127.7474365234375
395.206,-14.283902168273926,-9.45541763305664,-418.0335998535156
395.534,-21.048725128173828,3.3783960342407227,-401.03558349609375
395.81,30.879274368286133,-0.6071391105651855,299.3280029296875
396.117,1.552696704864502,-3.780242681503296,19.15125274658203
396.419,1.552696704864502,-3.780242681503296,19.15125274658203
396.72,1.552696704864502,-3.780242681503296,19.15125274658203
397.021,1.552696704864502,-3.780242681503296,19.15125274658203
397.322,1.552696704864502,-3.780242681503296,19.15125274658203
397.623,1.552696704864502,-3.780242681503296,19.15125274658203
397.924,1.552696704864502,-3.780242681503296,19.15125274658203
398.231,1.552696704864502,-3.780242681503296,19.15125274658203
398.533,1.552696704864502,-3.780242681503296,19.15125274658203
398.834,-19.351211547851562,4.774812698364258,-192.30813598632812
399.136,-7.142430305480957,-19.540639877319336,-19.01349639892578
399.438,-7.142430305480957,-19.540639877319336,-19.01349639892578
399.739,-0.8230818510055542,6.079710960388184,-11.574790954589844
400.062,-3.2559328079223633,-1.875423789024353,-45.967796325683594
400.344,11.697685241699219,9.36872673034668,-36.912109375
400.646,11.697685241699219,9.36872673034668,-36.912109375
400.947,-1.3581362962722778,4.43825101852417,-143.7438201904297
401.249,10.370805740356445,4.972858428955078,-60.11510467529297
401.551,-2.0613720417022705,6.554542541503906,94.3481674194336
401.853,-2.0613720417022705,6.554542541503906,94.3481674194336
402.154,-2.0613720417022705,6.554542541503906,94.3481674194336
402.461,-2.0613720417022705,6.554542541503906,94.3481674194336
402.763,-2.0613720417022705,6.554542541503906,94.3481674194336
403.064,-2.0613720417022705,6.554542541503906,94.3481674194336
403.365,-2.0613720417022705,6.554542541503906,94.3481674194336
403.675,-2.0613720417022705,6.554542541503906,94.3481674194336
403.985,-2.0613720417022705,6.554542541503906,94.3481674194336
404.295,-2.0613720417022705,6.554542541503906,94.3481674194336
404.718,-2.0613720417022705,6.554542541503906,94.3481674194336
405.02,-2.0613720417022705,6.554542541503906,94.3481674194336
405.321,-1.6293413639068604,-4.643298625946045,15.37198257446289
405.623,-2.1897969245910645,-3.4095094203948975,79.70240020751953
405.925,-8.866422653198242,-15.467546463012695,64.61449432373047
406.243,-5.147548675537109,-11.702348709106445,-20.22056007385254
406.518,-15.593608856201172,-6.096622943878174,33.202537536621094
406.826,-15.593608856201172,-6.096622943878174,33.202537536621094
407.127,-15.593608856201172,-6.096622943878174,33.202537536621094
407.428,-15.593608856201172,-6.096622943878174,33.202537536621094
407.729,-15.593608856201172,-6.096622943878174,33.202537536621094
408.03,-15.593608856201172,-6.096622943878174,33.202537536621094
408.331,-15.593608856201172,-6.096622943878174,33.202537536621094
408.632,-15.593608856201172,-6.096622943878174,33.202537536621094
408.939,7.2089738845825195,-1.6680641174316406,-97.91107940673828
409.24,7.2089738845825195,-1.6680641174316406,-97.91107940673828
409.541,-5.775243282318115,-6.908547401428223,161.6776123046875
409.843,-2.881124258041382,7.038928031921387,22.937767028808594
410.145,6.136256217956543,22.54294204711914,-9.311627388000488
410.447,-2.3783721923828125,-3.3955368995666504,64.84504699707031
410.77,-2.3783721923828125,-3.3955368995666504,64.84504699707031
411.052,-19.46192169189453,7.639810562133789,96.11041259765625
411.354,-19.46192169189453,7.639810562133789,96.11041259765625
411.655,6.6601409912109375,9.144725799560547,32.548709869384766
411.957,6.6601409912109375,9.144725799560547,32.548709869384766
412.258,6.6601409912109375,9.144725799560547,32.548709869384766
412.559,6.6601409912109375,9.144725799560547,32.548709869384766
412.86,6.6601409912109375,9.144725799560547,32.548709869384766
413.167,6.6601409912109375,9.144725799560547,32.548709869384766
413.469,6.6601409912109375,9.144725799560547,32.548709869384766
413.779,6.6601409912109375,9.144725799560547,32.548709869384766
414.089,6.6601409912109375,9.144725799560547,32.548709869384766
414.399,6.6601409912109375,9.144725799560547,32.548709869384766
414.709,6.6601409912109375,9.144725799560547,32.548709869384766
415.01,6.6601409912109375,9.144725799560547,32.548709869384766
415.317,-4.746053218841553,-0.35142022371292114,-12.955423355102539
415.619,-4.746053218841553,-0.35142022371292114,-12.955423355102539
415.92,-10.461066246032715,-0.9680426716804504,-29.58187484741211
416.222,-2.507673978805542,-1.2840461730957031,-86.07038116455078
416.524,-2.507673978805542,-1.2840461730957031,-86.07038116455078
416.825,-9.452205657958984,-6.091830253601074,-456.900390625
417.127,-9.452205657958984,-6.091830253601074,-456.900390625
417.434,-9.452205657958984,-6.091830253601074,-456.900390625
417.736,-9.452205657958984,-6.091830253601074,-456.900390625
418.037,-9.452205657958984,-6.091830253601074,-456.900390625
418.338,-9.452205657958984,-6.091830253601074,-456.900390625
418.639,-9.452205657958984,-6.091830253601074,-456.900390625
418.94,-9.452205657958984,-6.091830253601074,-456.900390625
419.241,1.3920469284057617,-6.2605767250061035,22.665287017822266
419.558,11.664844512939453,5.782357215881348,4.316609859466553
419.859,11.664844512939453,5.782357215881348,4.316609859466553
420.16,9.70431137084961,15.073440551757812,40.93091583251953
420.462,10.855108261108398,4.43356990814209,-40.20976257324219
420.764,-3.569790840148926,-17.12491226196289,-254.8347625732422
421.065,-26.717899322509766,-1.8836898803710938,-387.9647216796875
421.367,1.4227931499481201,10.495381355285645,-143.69158935546875
421.675,-10.644476890563965,19.542125701904297,96.15083312988281
421.977,-10.644476890563965,19.542125701904297,96.15083312988281
422.278,-10.644476890563965,19.542125701904297,96.15083312988281
422.579,-10.644476890563965,19.542125701904297,96.15083312988281
422.88,-10.644476890563965,19.542125701904297,96.15083312988281
423.181,-10.644476890563965,19.542125701904297,96.15083312988281
423.482,-10.644476890563965,19.542125701904297,96.15083312988281
423.905,-10.644476890563965,19.542125701904297,96.15083312988281
424.216,-10.644476890563965,19.542125701904297,96.15083312988281
424.526,-10.644476890563965,19.542125701904297,96.15083312988281
424.827,-10.644476890563965,19.542125701904297,96.15083312988281
425.128,-10.644476890563965,19.542125701904297,96.15083312988281
425.457,-1.4198474884033203,-1.3991438150405884,116.25643920898438
425.733,-18.590274810791016,0.49659156799316406,125.33352661132812
426.041,-8.525555610656738,8.782901763916016,84.98370361328125
426.343,-8.525555610656738,8.782901763916016,84.98370361328125
426.644,-6.786756992340088,-2.5764846801757812,0.00812995433807373
426.946,-5.335193634033203,1.1933915615081787,71.58938598632812
427.248,-5.335193634033203,1.1933915615081787,71.58938598632812
427.549,-5.335193634033203,1.1933915615081787,71.58938598632812
427.85,-5.335193634033203,1.1933915615081787,71.58938598632812
428.157,-5.335193634033203,1.1933915615081787,71.58938598632812
428.458,-5.335193634033203,1.1933915615081787,71.58938598632812
428.759,-5.335193634033203,1.1933915615081787,71.58938598632812
429.06,-5.335193634033203,1.1933915615081787,71.58938598632812
429.361,-22.32608413696289,-9.188558578491211,-171.0328369140625
429.663,3.2446634769439697,-6.482726097106934,-232.0845947265625
429.985,4.331270217895508,0.4676751494407654,-36.1275634765625
430.268,9.891901016235352,11.19436264038086,286.8070068359375
430.569,9.891901016235352,11.19436264038086,286.8070068359375
430.87,-3.9944300651550293,-4.126459121704102,27.061077117919922
431.172,0.3798338770866394,5.8870849609375,-57.1046257019043
431.474,2.9754905700683594,-5.6434326171875,-100.20960998535156
431.776,-8.66903305053711,1.9482396841049194,-71.02706146240234
432.078,0.41043558716773987,14.648819923400879,30.97071075439453
432.386,0.41043558716773987,14.648819923400879,30.97071075439453
432.687,0.41043558716773987,14.648819923400879,30.97071075439453
432.988,0.41043558716773987,14.648819923400879,30.97071075439453
433.289,0.41043558716773987,14.648819923400879,30.97071075439453
433.59,0.41043558716773987,14.648819923400879,30.97071075439453
433.9,0.41043558716773987,14.648819923400879,30.97071075439453
434.21,0.41043558716773987,14.648819923400879,30.97071075439453
434.633,0.41043558716773987,14.648819923400879,30.97071075439453
434.935,0.41043558716773987,14.648819923400879,30.97071075439453
435.236,-6.018252372741699,19.046592712402344,-114.42696380615234
435.538,-13.421154022216797,5.971316337585449,-10.578678131103516
435.84,-13.421154022216797,5.971316337585449,-10.578678131103516
436.166,-13.421154022216797,5.971316337585449,-10.578678131103516
436.442,-3.4902100563049316,-10.068868637084961,-79.53314971923828
436.75,-10.39315414428711,-2.2690277099609375,-121.36143493652344
437.052,-10.39315414428711,-2.2690277099609375,-121.36143493652344
437.353,-10.39315414428711,-2.2690277099609375,-121.36143493652344
437.654,-10.39315414428711,-2.2690277099609375,-121.36143493652344
437.955,-10.39315414428711,-2.2690277099609375,-121.36143493652344
438.256,-10.39315414428711,-2.2690277099609375,-121.36143493652344
438.557,-10.39315414428711,-2.2690277099609375,-121.36143493652344
438.864,-10.39315414428711,-2.2690277099609375,-121.36143493652344
439.166,-10.39315414428711,-2.2690277099609375,-121.36143493652344
439.467,-7.685405731201172,13.033125877380371,45.123268127441406
439.769,-20.076324462890625,-7.9924421310424805,69.5724868774414
440.071,-9.438570022583008,-15.741971015930176,23.446998596191406
440.373,6.943089485168457,-0.06853532791137695,4.064399719238281
440.695,3.3219311237335205,9.715668678283691,5.645071983337402
440.977,6.484579086303711,15.20830249786377,167.7460174560547
441.279,6.484579086303711,15.20830249786377,167.7460174560547
441.58,2.348227024078369,1.227828025817871,234.77102661132812
441.882,-5.963505744934082,4.96251106262207,99.93448638916016
442.184,4.242795467376709,16.37529182434082,-5.286704063415527
442.486,4.242795467376709,16.37529182434082,-5.286704063415527
442.787,4.242795467376709,16.37529182434082,-5.286704063415527
443.094,4.242795467376709,16.37529182434082,-5.286704063415527
443.395,4.242795467376709,16.37529182434082,-5.286704063415527
443.696,4.242795467376709,16.37529182434082,-5.286704063415527
444.006,4.242795467376709,16.37529182434082,-5.286704063415527
444.316,4.242795467376709,16.37529182434082,-5.286704063415527
444.626,4.242795467376709,16.37529182434082,-5.286704063415527
444.936,4.242795467376709,16.37529182434082,-5.286704063415527
445.243,4.242795467376709,16.37529182434082,-5.286704063415527
445.544,4.242795467376709,16.37529182434082,-5.286704063415527
445.845,14.412938117980957,-6.112730979919434,-5.118505477905273
446.147,8.721538543701172,-6.733247756958008,28.563030242919922
446.449,5.859219551086426,-17.855871200561523,56.693851470947266
446.751,-1.6859772205352783,-19.491857528686523,-20.512834548950195
447.053,-12.6954984664917,-10.15009593963623,-94.67182159423828
447.361,-15.920877456665039,4.210305213928223,25.981182098388672
447.663,-15.920877456665039,4.210305213928223,25.981182098388672
447.964,-15.920877456665039,4.210305213928223,25.981182098388672
448.265,-15.920877456665039,4.210305213928223,25.981182098388672
448.566,-15.920877456665039,4.210305213928223,25.981182098388672
448.867,-15.920877456665039,4.210305213928223,25.981182098388672
449.168,-15.920877456665039,4.210305213928223,25.981182098388672
449.481,-15.920877456665039,4.210305213928223,25.981182098388672
449.783,-15.920877456665039,4.210305213928223,25.981182098388672
450.084,-8.288936614990234,7.269833087921143,124.45417785644531
450.386,-2.9892690181732178,-0.6722081899642944,151.77041625976562
450.688,-1.745609998703003,-4.972935676574707,31.12808609008789
450.99,-1.0808169841766357,-12.000202178955078,24.590253829956055
451.292,-1.9326035976409912,-5.575335502624512,86.74883270263672
451.6,-10.761002540588379,-2.0426716804504395,126.3829345703125
451.902,-10.761002540588379,-2.0426716804504395,126.3829345703125
452.231,3.384108543395996,2.027294635772705,33.5127067565918
452.532,3.384108543395996,2.027294635772705,33.5127067565918
452.833,3.384108543395996,2.027294635772705,33.5127067565918
453.134,3.384108543395996,2.027294635772705,33.5127067565918
453.435,3.384108543395996,2.027294635772705,33.5127067565918
453.741,3.384108543395996,2.027294635772705,33.5127067565918
454.052,3.384108543395996,2.027294635772705,33.5127067565918
454.362,3.384108543395996,2.027294635772705,33.5127067565918
454.672,3.384108543395996,2.027294635772705,33.5127067565918
454.982,3.384108543395996,2.027294635772705,33.5127067565918
455.283,3.384108543395996,2.027294635772705,33.5127067565918
455.584,-4.773151874542236,-4.803993225097656,26.310707092285156
455.892,-6.4201178550720215,-16.90239906311035,-3.2347097396850586
456.207,-6.4201178550720215,-16.90239906311035,-3.2347097396850586
456.483,-12.919309616088867,10.671646118164062,-158.80868530273438
456.785,9.770254135131836,7.184069633483887,-121.20037841796875
457.087,6.880615711212158,-0.4240748882293701,-87.12808990478516
457.389,10.247929573059082,-11.610206604003906,-203.23434448242188
457.691,10.247929573059082,-11.610206604003906,-203.23434448242188
457.998,10.247929573059082,-11.610206604003906,-203.23434448242188
458.3,10.247929573059082,-11.610206604003906,-203.23434448242188
458.601,10.247929573059082,-11.610206604003906,-203.23434448242188
458.902,10.247929573059082,-11.610206604003906,-203.23434448242188
459.203,10.247929573059082,-11.610206604003906,-203.23434448242188
459.504,10.247929573059082,-11.610206604003906,-203.23434448242188
459.805,-18.868244171142578,4.154749393463135,235.49374389648438
460.113,-8.783893585205078,3.449031352996826,224.84938049316406
460.415,-8.783893585205078,3.449031352996826,224.84938049316406
460.734,1.1413120031356812,-3.106865882873535,119.48445129394531
461.01,-14.006718635559082,-22.461441040039062,-28.039642333984375
461.312,-11.681495666503906,-12.708366394042969,-62.07486343383789
461.614,-17.27195930480957,-18.335235595703125,-168.1244354248047
461.916,-18.61256217956543,9.847414016723633,-354.0074462890625
462.223,10.936471939086914,15.72450065612793,-311.3318176269531
462.525,10.936471939086914,15.72450065612793,-311.3318176269531
462.826,10.936471939086914,15.72450065612793,-311.3318176269531
463.127,10.936471939086914,15.72450065612793,-311.3318176269531
463.428,10.936471939086914,15.72450065612793,-311.3318176269531
463.729,10.936471939086914,15.72450065612793,-311.3318176269531
464.03,10.936471939086914,15.72450065612793,-311.3318176269531
464.453,10.936471939086914,15.72450065612793,-311.3318176269531
464.763,10.936471939086914,15.72450065612793,-311.3318176269531
465.073,10.936471939086914,15.72450065612793,-311.3318176269531
465.374,10.936471939086914,15.72450065612793,-311.3318176269531
465.675,11.673677444458008,30.205955505371094,-251.7425994873047
465.977,11.673677444458008,30.205955505371094,-251.7425994873047
466.278,10.262544631958008,6.758280277252197,-118.87432098388672
466.586,0.593640923500061,-7.23914909362793,-115.1893539428711
466.916,0.593640923500061,-7.23914909362793,-115.1893539428711
467.192,-8.925271987915039,9.77589225769043,-3.8223681449890137
467.493,-13.501002311706543,-5.537649154663086,-19.44822883605957
467.795,-13.501002311706543,-5.537649154663086,-19.44822883605957
468.096,-13.501002311706543,-5.537649154663086,-19.44822883605957
468.397,-13.501002311706543,-5.537649154663086,-19.44822883605957
468.704,-13.501002311706543,-5.537649154663086,-19.44822883605957
469.006,-13.501002311706543,-5.537649154663086,-19.44822883605957
469.307,-13.501002311706543,-5.537649154663086,-19.44822883605957
469.608,-13.501002311706543,-5.537649154663086,-19.44822883605957
469.909,9.507587432861328,-11.38162612915039,46.829490661621094
470.21,5.256744861602783,-3.8589210510253906,100.74224853515625
470.512,5.7815985679626465,4.237638473510742,223.0017547607422
470.82,6.583062171936035,4.952482223510742,238.46246337890625
471.122,6.583062171936035,4.952482223510742,238.46246337890625
471.423,6.583062171936035,4.952482223510742,238.46246337890625
471.724,3.336428165435791,13.38884449005127,180.8341064453125
472.026,1.0412530899047852,-1.9116564989089966,145.33523559570312
472.328,-11.021402359008789,-8.065540313720703,96.89153289794922
472.63,-19.17866325378418,-3.1373887062072754,149.63818359375
472.938,-19.17866325378418,-3.1373887062072754,149.63818359375
473.24,-19.17866325378418,-3.1373887062072754,149.63818359375
473.541,-19.17866325378418,-3.1373887062072754,149.63818359375
473.842,-19.17866325378418,-3.1373887062072754,149.63818359375
474.143,-19.17866325378418,-3.1373887062072754,149.63818359375
474.453,-19.17866325378418,-3.1373887062072754,149.63818359375
474.763,-19.17866325378418,-3.1373887062072754,149.63818359375
475.186,-19.17866325378418,-3.1373887062072754,149.63818359375
475.488,-19.17866325378418,-3.1373887062072754,149.63818359375
475.789,-10.453421592712402,1.164838433265686,-133.98150634765625
476.091,13.992919921875,-11.986577987670898,-114.04902648925781
476.393,-0.6982529163360596,-11.627280235290527,-249.85110473632812
476.695,2.4598872661590576,8.359968185424805,-240.13320922851562
476.997,-15.114736557006836,11.722175598144531,-203.17422485351562
477.305,-14.251249313354492,20.52391242980957,-150.140380859375
477.627,-14.251249313354492,20.52391242980957,-150.140380859375
477.928,-14.251249313354492,20.52391242980957,-150.140380859375
478.229,-14.251249313354492,20.52391242980957,-150.140380859375
478.53,-14.251249313354492,20.52391242980957,-150.140380859375
478.831,-14.251249313354492,20.52391242980957,-150.140380859375
479.132,-14.251249313354492,20.52391242980957,-150.140380859375
479.439,-14.251249313354492,20.52391242980957,-150.140380859375
479.74,-14.251249313354492,20.52391242980957,-150.140380859375
480.041,6.036716461181641,-6.075364112854004,150.34263610839844
480.343,-11.943709373474121,-7.141177654266357,68.05892944335938
480.645,-14.316450119018555,-5.318612098693848,-119.20806121826172
480.947,-6.879098415374756,-5.433516502380371,-185.89706420898438
481.249,8.797901153564453,11.993406295776367,-62.27587127685547
481.557,-10.132720947265625,6.091475486755371,67.814208984375
481.879,-10.132720947265625,6.091475486755371,67.814208984375
482.155,-7.578577518463135,-6.466606140136719,-199.060791015625
482.457,-7.446537494659424,9.495976448059082,-290.1744384765625
482.759,-1.181483507156372,7.129256725311279,-101.28791809082031
483.061,-1.181483507156372,7.129256725311279,-101.28791809082031
483.362,-1.181483507156372,7.129256725311279,-101.28791809082031
483.669,-1.181483507156372,7.129256725311279,-101.28791809082031
483.971,-1.181483507156372,7.129256725311279,-101.28791809082031
484.272,-1.181483507156372,7.129256725311279,-101.28791809082031
484.582,-1.181483507156372,7.129256725311279,-101.28791809082031
484.892,-1.181483507156372,7.129256725311279,-101.28791809082031
485.202,-1.181483507156372,7.129256725311279,-101.28791809082031
485.512,-1.181483507156372,7.129256725311279,-101.28791809082031
485.819,-1.181483507156372,7.129256725311279,-101.28791809082031
486.132,-1.181483507156372,7.129256725311279,-101.28791809082031
486.408,-2.751964569091797,5.706694602966309,74.5967025756836
486.709,1.7825312614440918,-4.716396331787109,-7.76391077041626
487.011,-1.0008690357208252,6.145043849945068,-7.895779609680176
487.313,-0.7027266025543213,-8.310297012329102,-122.58575439453125
487.615,-14.314682006835938,-20.16673469543457,-264.7222595214844
487.922,-14.314682006835938,-20.16673469543457,-264.7222595214844
488.224,-14.314682006835938,-20.16673469543457,-264.7222595214844
488.525,-14.314682006835938,-20.16673469543457,-264.7222595214844
488.826,-14.314682006835938,-20.16673469543457,-264.7222595214844
489.127,-14.314682006835938,-20.16673469543457,-264.7222595214844
489.428,-14.314682006835938,-20.16673469543457,-264.7222595214844
489.729,-14.314682006835938,-20.16673469543457,-264.7222595214844
490.036,-14.314682006835938,-20.16673469543457,-264.7222595214844
490.338,-14.314682006835938,-20.16673469543457,-264.7222595214844
490.66,-4.413540363311768,-19.844341278076172,-0.7810525894165039
490.935,2.1177501678466797,16.575237274169922,-52.983856201171875
491.237,-9.205657958984375,3.1834583282470703,-129.1383514404297
491.539,-13.323296546936035,-3.643622398376465,-135.91738891601562
491.841,14.113200187683105,-16.249073028564453,-97.37571716308594
492.149,5.221887588500977,-6.644113540649414,4.598891258239746
492.45,5.221887588500977,-6.644113540649414,4.598891258239746
492.751,-2.9051146507263184,-2.882075309753418,33.13843536376953
493.053,6.781601905822754,-10.66292667388916,-49.32246017456055
493.355,6.781601905822754,-10.66292667388916,-49.32246017456055
493.656,6.781601905822754,-10.66292667388916,-49.32246017456055
493.957,6.781601905822754,-10.66292667388916,-49.32246017456055
494.264,6.781601905822754,-10.66292667388916,-49.32246017456055
494.565,6.781601905822754,-10.66292667388916,-49.32246017456055
494.875,6.781601905822754,-10.66292667388916,-49.32246017456055
495.185,6.781601905822754,-10.66292667388916,-49.32246017456055
495.495,6.781601905822754,-10.66292667388916,-49.32246017456055
495.805,6.781601905822754,-10.66292667388916,-49.32246017456055
496.106,6.781601905822754,-10.66292667388916,-49.32246017456055
496.414,-13.524648666381836,-3.6121745109558105,29.203533172607422
496.715,-13.524648666381836,-3.6121745109558105,29.203533172607422
497.016,7.463175296783447,-17.484859466552734,-90.68621826171875
497.318,-3.3745601177215576,14.673473358154297,-21.868812561035156
497.62,1.090551733970642,10.693778038024902,32.474422454833984
497.944,14.292619705200195,-11.343645095825195,8.007976531982422
498.245,14.292619705200195,-11.343645095825195,8.007976531982422
498.552,14.292619705200195,-11.343645095825195,8.007976531982422
498.853,14.292619705200195,-11.343645095825195,8.007976531982422
499.154,14.292619705200195,-11.343645095825195,8.007976531982422
499.455,14.292619705200195,-11.343645095825195,8.007976531982422
499.756,14.292619705200195,-11.343645095825195,8.007976531982422
500.057,14.292619705200195,-11.343645095825195,8.007976531982422
500.358,-0.2539588212966919,-10.635507583618164,348.57476806640625
500.666,10.612886428833008,-13.06536865234375,367.3239440917969
500.968,10.612886428833008,-13.06536865234375,367.3239440917969
501.269,4.129627227783203,-2.6908493041992188,364.04608154296875
501.571,1.8067753314971924,-14.477407455444336,333.2033386230469
501.873,7.908618450164795,-1.1899887323379517,292.906005859375
502.195,-19.764060974121094,-13.610214233398438,244.74606323242188
502.471,-23.122852325439453,22.086467742919922,141.03311157226562
502.778,6.427446365356445,4.256061553955078,88.363037109375
503.08,6.427446365356445,4.256061553955078,88.363037109375
503.381,6.427446365356445,4.256061553955078,88.363037109375
503.682,6.427446365356445,4.256061553955078,88.363037109375
503.983,6.427446365356445,4.256061553955078,88.363037109375
504.284,6.427446365356445,4.256061553955078,88.363037109375
504.585,6.427446365356445,4.256061553955078,88.363037109375
505.008,6.427446365356445,4.256061553955078,88.363037109375
505.429,6.427446365356445,4.256061553955078,88.363037109375
505.739,6.427446365356445,4.256061553955078,88.363037109375
506.04,6.427446365356445,4.256061553955078,88.363037109375
506.341,-12.972711563110352,-5.594413757324219,-45.67554473876953
506.643,-7.437410354614258,17.880699157714844,-29.889484405517578
506.951,-4.256031036376953,8.127985000610352,-11.74144172668457
507.274,-4.256031036376953,8.127985000610352,-11.74144172668457
507.55,-20.497068405151367,-6.773349761962891,299.17242431640625
507.852,-0.642765998840332,-5.15287971496582,198.45474243164062
508.154,5.921451568603516,-1.432861328125,133.28489685058594
508.456,5.921451568603516,-1.432861328125,133.28489685058594
508.757,5.921451568603516,-1.432861328125,133.28489685058594
509.064,5.921451568603516,-1.432861328125,133.28489685058594
509.366,5.921451568603516,-1.432861328125,133.28489685058594
509.667,5.921451568603516,-1.432861328125,133.28489685058594
509.968,5.921451568603516,-1.432861328125,133.28489685058594
510.269,5.921451568603516,-1.432861328125,133.28489685058594
510.57,-27.086986541748047,-5.681822776794434,-21.548015594482422
510.872,-22.502277374267578,0.8180032968521118,117.9188461303711
511.181,-1.9112632274627686,13.628774642944336,135.4414825439453
511.482,-1.9112632274627686,13.628774642944336,135.4414825439453
511.802,-10.833127975463867,-18.91146469116211,67.2402572631836
512.078,1.6810808181762695,19.93195152282715,68.675537109375
512.38,14.854135513305664,1.053903341293335,98.37476348876953
512.682,5.781039237976074,2.997549533843994,28.009864807128906
512.984,1.1363754272460938,9.021646499633789,-61.828529357910156
513.292,14.659381866455078,-2.0622127056121826,-27.54953384399414
513.594,14.659381866455078,-2.0622127056121826,-27.54953384399414
513.895,14.659381866455078,-2.0622127056121826,-27.54953384399414
514.196,14.659381866455078,-2.0622127056121826,-27.54953384399414
514.497,14.659381866455078,-2.0622127056121826,-27.54953384399414
514.798,14.659381866455078,-2.0622127056121826,-27.54953384399414
515.108,14.659381866455078,-2.0622127056121826,-27.54953384399414
515.531,14.659381866455078,-2.0622127056121826,-27.54953384399414
515.841,14.659381866455078,-2.0622127056121826,-27.54953384399414
516.142,14.659381866455078,-2.0622127056121826,-27.54953384399414
516.443,11.972088813781738,-5.414187908172607,-65.59202575683594
516.745,23.090669631958008,-9.061676025390625,-258.89434814453125
517.047,-8.18229866027832,-14.860330581665039,-162.36920166015625
517.349,-5.791220664978027,-1.4770312309265137,119.61511993408203
517.657,2.715773344039917,-0.7652461528778076,214.3748779296875
517.984,2.715773344039917,-0.7652461528778076,214.3748779296875
518.26,-3.2343785762786865,-15.362726211547852,45.24351501464844
518.562,-3.2343785762786865,-15.362726211547852,45.24351501464844
518.863,-3.2343785762786865,-15.362726211547852,45.24351501464844
519.164,-3.2343785762786865,-15.362726211547852,45.24351501464844
519.465,-3.2343785762786865,-15.362726211547852,45.24351501464844
519.772,-3.2343785762786865,-15.362726211547852,45.24351501464844
520.074,-3.2343785762786865,-15.362726211547852,45.24351501464844
520.375,-3.2343785762786865,-15.362726211547852,45.24351501464844
520.676,-6.954735279083252,7.861836910247803,215.83074951171875
520.978,-6.133668899536133,19.333457946777344,14.051458358764648
521.28,0.2012554407119751,-6.520047187805176,-188.59463500976562
521.582,-8.694195747375488,-6.549516201019287,-178.2501220703125
521.89,19.3841495513916,0.15695053339004517,-173.0546875
522.192,19.3841495513916,0.15695053339004517,-173.0546875
522.512,15.664131164550781,-6.663923263549805,-172.34092712402344
522.787,-6.495486259460449,-11.987067222595215,26.498472213745117
523.089,-4.816199779510498,1.2840392589569092,135.05543518066406
523.391,-21.26764678955078,-15.240607261657715,266.1649475097656
523.692,-21.26764678955078,-15.240607261657715,266.1649475097656
523.999,-21.26764678955078,-15.240607261657715,266.1649475097656
524.3,-21.26764678955078,-15.240607261657715,266.1649475097656
524.601,-21.26764678955078,-15.240607261657715,266.1649475097656
524.902,-21.26764678955078,-15.240607261657715,266.1649475097656
525.212,-21.26764678955078,-15.240607261657715,266.1649475097656
525.522,-21.26764678955078,-15.240607261657715,266.1649475097656
525.832,-21.26764678955078,-15.240607261657715,266.1649475097656
526.255,-21.26764678955078,-15.240607261657715,266.1649475097656
526.557,-21.26764678955078,-15.240607261657715,266.1649475097656
526.858,20.118988037109375,11.887264251708984,-442.2049560546875
527.16,-0.35553407669067383,-24.998977661132812,-273.1761474609375
527.462,-23.337116241455078,16.356075286865234,-97.64124298095703
527.764,-0.5573246479034424,6.45193338394165,78.11494445800781
528.066,0.31714069843292236,-1.5741934776306152,176.9523468017578
528.375,-17.810840606689453,3.966463088989258,135.03707885742188
528.676,-17.810840606689453,3.966463088989258,135.03707885742188
528.977,-17.810840606689453,3.966463088989258,135.03707885742188
529.278,-17.810840606689453,3.966463088989258,135.03707885742188
529.579,-17.810840606689453,3.966463088989258,135.03707885742188
529.88,-17.810840606689453,3.966463088989258,135.03707885742188
530.181,-17.810840606689453,3.966463088989258,135.03707885742188
530.488,-17.810840606689453,3.966463088989258,135.03707885742188
530.79,-17.810840606689453,3.966463088989258,135.03707885742188
531.091,-23.096969604492188,3.913867712020874,55.436302185058594
531.393,-0.8017373085021973,2.6252939701080322,108.28809356689453
531.695,2.7571754455566406,-1.1647924184799194,113.21898651123047
531.997,0.5444689989089966,4.825348854064941,18.105863571166992
532.299,6.411547660827637,12.673858642578125,-149.65054321289062
532.607,-4.775730133056641,5.304315567016602,-404.35040283203125
532.909,-4.775730133056641,5.304315567016602,-404.35040283203125
533.221,4.3052263259887695,-3.615813732147217,-107.91516876220703
533.496,9.728456497192383,-10.510293960571289,-15.951665878295898
533.798,9.728456497192383,-10.510293960571289,-15.951665878295898
534.099,9.728456497192383,-10.510293960571289,-15.951665878295898
534.4,9.728456497192383,-10.510293960571289,-15.951665878295898
534.707,9.728456497192383,-10.510293960571289,-15.951665878295898
535.008,9.728456497192383,-10.510293960571289,-15.951665878295898
535.318,9.728456497192383,-10.510293960571289,-15.951665878295898
535.628,9.728456497192383,-10.510293960571289,-15.951665878295898
535.938,9.728456497192383,-10.510293960571289,-15.951665878295898
536.248,9.728456497192383,-10.510293960571289,-15.951665878295898
536.549,9.728456497192383,-10.510293960571289,-15.951665878295898
536.856,9.728456497192383,-10.510293960571289,-15.951665878295898
537.158,9.728456497192383,-10.510293960571289,-15.951665878295898
537.473,-4.230735778808594,4.09094762802124,-33.683231353759766
537.748,0.1544366329908371,4.608048439025879,-34.999732971191406
538.05,1.0606682300567627,5.793333053588867,-16.13443374633789
538.352,3.7987756729125977,8.733238220214844,24.75360870361328
538.654,-0.8659816384315491,12.415056228637695,115.80172729492188
538.962,-0.8659816384315491,12.415056228637695,115.80172729492188
539.264,-0.8659816384315491,12.415056228637695,115.80172729492188
539.565,-0.8659816384315491,12.415056228637695,115.80172729492188
539.866,-0.8659816384315491,12.415056228637695,115.80172729492188
540.167,-0.8659816384315491,12.415056228637695,115.80172729492188
540.468,-0.8659816384315491,12.415056228637695,115.80172729492188
540.769,-0.8659816384315491,12.415056228637695,115.80172729492188
541.076,-3.3953511714935303,-3.058043956756592,-99.60258483886719
541.378,-3.3953511714935303,-3.058043956756592,-99.60258483886719
541.679,-8.956860542297363,12.829183578491211,91.3590316772461
542.001,-13.096778869628906,10.49848747253418,52.274681091308594
542.276,-13.345865249633789,-3.8228211402893066,-111.85066986083984
542.578,-15.09980297088623,9.537569999694824,-32.725486755371094
542.88,-1.9384560585021973,-3.252490520477295,26.509124755859375
543.188,1.410989761352539,-5.738113880157471,-4.335483551025391
543.49,1.410989761352539,-5.738113880157471,-4.335483551025391
543.791,-4.621801853179932,2.1295623779296875,-110.26029205322266
544.093,-4.621801853179932,2.1295623779296875,-110.26029205322266
544.394,-4.621801853179932,2.1295623779296875,-110.26029205322266
544.695,-4.621801853179932,2.1295623779296875,-110.26029205322266
544.996,-4.621801853179932,2.1295623779296875,-110.26029205322266
545.303,-4.621801853179932,2.1295623779296875,-110.26029205322266
545.614,-4.621801853179932,2.1295623779296875,-110.26029205322266
545.924,-4.621801853179932,2.1295623779296875,-110.26029205322266
546.234,-4.621801853179932,2.1295623779296875,-110.26029205322266
546.544,-4.621801853179932,2.1295623779296875,-110.26029205322266
546.845,-4.621801853179932,2.1295623779296875,-110.26029205322266
547.146,-11.78274917602539,-14.786291122436523,-27.915348052978516
547.454,2.142158269882202,-1.0256624221801758,-23.685983657836914
547.756,2.142158269882202,-1.0256624221801758,-23.685983657836914
548.057,-12.046538352966309,19.37761116027832,-141.06890869140625
548.359,-8.213563919067383,18.760202407836914,-156.91831970214844
548.661,-3.2269699573516846,3.9922218322753906,-67.21287536621094
548.963,1.6149358749389648,12.194419860839844,40.1715202331543
549.265,1.6149358749389648,12.194419860839844,40.1715202331543
549.572,1.6149358749389648,12.194419860839844,40.1715202331543
549.874,1.6149358749389648,12.194419860839844,40.1715202331543
550.175,1.6149358749389648,12.194419860839844,40.1715202331543
550.476,1.6149358749389648,12.194419860839844,40.1715202331543
550.777,1.6149358749389648,12.194419860839844,40.1715202331543
551.078,8.742666244506836,-0.6507511138916016,46.81891632080078
551.38,-3.7419509887695312,-5.832571983337402,-7.458677291870117
551.688,-3.386962890625,-0.008497297763824463,-32.11803436279297
551.99,-3.386962890625,-0.008497297763824463,-32.11803436279297
552.291,-2.5535149574279785,-13.192753791809082,41.274993896484375
552.593,6.064573764801025,0.23781359195709229,-26.82213592529297
552.895,-4.546233177185059,-0.7359447479248047,-79.89385223388672
553.197,4.211575508117676,-10.263118743896484,-136.14797973632812
553.499,2.492666482925415,-12.710887908935547,-139.87210083007812
553.82,6.692161560058594,0.7333305478096008,-65.97224426269531
554.121,6.692161560058594,0.7333305478096008,-65.97224426269531
554.422,6.692161560058594,0.7333305478096008,-65.97224426269531
554.723,6.692161560058594,0.7333305478096008,-65.97224426269531
555.024,6.692161560058594,0.7333305478096008,-65.97224426269531
555.325,6.692161560058594,0.7333305478096008,-65.97224426269531
555.635,6.692161560058594,0.7333305478096008,-65.97224426269531
556.058,6.692161560058594,0.7333305478096008,-65.97224426269531
556.369,6.692161560058594,0.7333305478096008,-65.97224426269531
556.67,6.692161560058594,0.7333305478096008,-65.97224426269531
556.971,-2.5421299934387207,-1.7120121717453003,-131.49114990234375
557.273,-2.627411365509033,-8.897039413452148,-154.60845947265625
557.575,-3.130021572113037,-18.64932632446289,-157.12112426757812
557.877,0.7484089136123657,-3.977510452270508,-76.25405883789062
558.185,9.030298233032227,6.231983184814453,-0.7547645568847656
558.487,9.030298233032227,6.231983184814453,-0.7547645568847656
558.788,3.274790048599243,-0.316100537776947,96.83151245117188
559.09,2.0879898071289062,10.08193588256836,112.31639862060547
559.392,2.0879898071289062,10.08193588256836,112.31639862060547
559.693,2.0879898071289062,10.08193588256836,112.31639862060547
559.994,2.0879898071289062,10.08193588256836,112.31639862060547
560.301,2.0879898071289062,10.08193588256836,112.31639862060547
560.603,2.0879898071289062,10.08193588256836,112.31639862060547
560.904,2.0879898071289062,10.08193588256836,112.31639862060547
561.214,2.0879898071289062,10.08193588256836,112.31639862060547
561.49,8.57436466217041,5.185049057006836,-168.3485565185547
561.791,11.883705139160156,-8.61257553100586,-102.15829467773438
562.093,2.988720178604126,-1.8391737937927246,-35.27674102783203
562.402,-12.567670822143555,-8.482643127441406,43.489158630371094
562.703,-12.567670822143555,-8.482643127441406,43.489158630371094
563.004,-5.188235282897949,-6.060174942016602,186.21658325195312
563.306,5.11118745803833,-3.924715042114258,233.77215576171875
563.608,-5.134315490722656,-1.7459752559661865,266.634765625
563.91,-2.28912353515625,-18.99842071533203,277.8883972167969
564.212,9.053885459899902,-13.344512939453125,274.1872253417969
564.52,9.053885459899902,-13.344512939453125,274.1872253417969
564.822,9.053885459899902,-13.344512939453125,274.1872253417969
565.123,9.053885459899902,-13.344512939453125,274.1872253417969
565.424,9.053885459899902,-13.344512939453125,274.1872253417969
565.734,9.053885459899902,-13.344512939453125,274.1872253417969
566.044,9.053885459899902,-13.344512939453125,274.1872253417969
566.354,9.053885459899902,-13.344512939453125,274.1872253417969
566.777,9.053885459899902,-13.344512939453125,274.1872253417969
567.078,9.053885459899902,-13.344512939453125,274.1872253417969
567.396,-1.241546869277954,1.6309880018234253,-40.33628845214844
567.671,-0.6161113381385803,-8.081781387329102,-60.35985565185547
567.973,6.610328197479248,-25.665307998657227,-29.3538818359375
568.275,-19.79265785217285,-20.026355743408203,56.932212829589844
568.577,-21.956239700317383,-12.153341293334961,103.24380493164062
568.885,-29.125823974609375,-10.94368839263916,-49.794761657714844
569.186,-29.125823974609375,-10.94368839263916,-49.794761657714844
569.487,-29.125823974609375,-10.94368839263916,-49.794761657714844
569.788,-29.125823974609375,-10.94368839263916,-49.794761657714844
570.089,-29.125823974609375,-10.94368839263916,-49.794761657714844
570.39,-29.125823974609375,-10.94368839263916,-49.794761657714844
570.691,-29.125823974609375,-10.94368839263916,-49.794761657714844
570.998,-29.125823974609375,-10.94368839263916,-49.794761657714844
571.3,-29.125823974609375,-10.94368839263916,-49.794761657714844
571.601,-1.6730797290802002,3.3575024604797363,79.71859741210938
571.925,-3.1574859619140625,-0.9495009183883667,65.48471069335938
572.2,12.271817207336426,-14.373197555541992,40.438026428222656
572.502,0.950161337852478,-1.2915128469467163,24.714799880981445
572.804,-3.815915107727051,-8.67686653137207,-7.904146194458008
573.112,-8.131117820739746,-1.085201621055603,-32.417327880859375
573.414,-8.131117820739746,-1.085201621055603,-32.417327880859375
573.715,-19.01136016845703,-8.199447631835938,41.426536560058594
574.017,-1.9404579401016235,-7.169088363647461,22.516891479492188
574.319,-4.265772819519043,18.61855697631836,11.458868980407715
574.621,-4.265772819519043,18.61855697631836,11.458868980407715
574.922,-4.265772819519043,18.61855697631836,11.458868980407715
575.229,-4.265772819519043,18.61855697631836,11.458868980407715
575.531,-4.265772819519043,18.61855697631836,11.458868980407715
575.841,-4.265772819519043,18.61855697631836,11.458868980407715
576.151,-4.265772819519043,18.61855697631836,11.458868980407715
576.461,-4.265772819519043,18.61855697631836,11.458868980407715
576.771,-4.265772819519043,18.61855697631836,11.458868980407715
577.072,-4.265772819519043,18.61855697631836,11.458868980407715
577.379,11.599296569824219,16.918743133544922,84.7470474243164
577.681,11.599296569824219,16.918743133544922,84.7470474243164
577.982,-11.993021965026855,-3.690422534942627,-173.1897430419922
578.284,-3.4036035537719727,0.4993400573730469,-162.91990661621094
578.586,-1.0880985260009766,-2.497572898864746,-213.19387817382812
578.888,2.0691957473754883,-9.563257217407227,-151.60952758789062
579.21,-1.274025321006775,2.265650987625122,-13.301401138305664
579.517,-1.274025321006775,2.265650987625122,-13.301401138305664
579.819,-1.274025321006775,2.265650987625122,-13.301401138305664
580.12,-1.274025321006775,2.265650987625122,-13.301401138305664
580.421,-1.274025321006775,2.265650987625122,-13.301401138305664
580.722,-1.274025321006775,2.265650987625122,-13.301401138305664
581.023,-1.274025321006775,2.265650987625122,-13.301401138305664
581.324,-1.274025321006775,2.265650987625122,-13.301401138305664
581.631,7.449337005615234,-20.239280700683594,45.30855178833008
581.933,7.449337005615234,-20.239280700683594,45.30855178833008
582.234,-0.32909703254699707,-17.456754684448242,34.401241302490234
582.536,-2.3851265907287598,-12.748123168945312,22.183671951293945
582.838,-15.526626586914062,11.763700485229492,42.61588668823242
583.14,-20.167404174804688,0.11171317100524902,52.57279968261719
583.462,-0.17800474166870117,-14.633039474487305,61.272911071777344
583.744,-7.506181240081787,24.441349029541016,76.01180267333984
584.046,-7.506181240081787,24.441349029541016,76.01180267333984
584.347,4.5378522872924805,5.498600959777832,193.33218383789062
584.648,4.5378522872924805,5.498600959777832,193.33218383789062
584.949,4.5378522872924805,5.498600959777832,193.33218383789062
585.25,4.5378522872924805,5.498600959777832,193.33218383789062
585.551,4.5378522872924805,5.498600959777832,193.33218383789062
585.974,4.5378522872924805,5.498600959777832,193.33218383789062
586.285,4.5378522872924805,5.498600959777832,193.33218383789062
586.595,4.5378522872924805,5.498600959777832,193.33218383789062
586.896,4.5378522872924805,5.498600959777832,193.33218383789062
587.197,1.4228479862213135,-4.637055397033691,3.9410929679870605
587.499,12.556113243103027,-10.753390312194824,-31.51445770263672
587.801,0.48084378242492676,-11.866460800170898,-124.39434814453125
588.109,5.7293701171875,-8.054400444030762,-94.88094329833984
588.411,5.7293701171875,-8.054400444030762,-94.88094329833984
588.712,14.105751037597656,6.296857833862305,-216.82054138183594
589.014,-0.49440765380859375,-11.443475723266602,-406.259765625
589.316,11.572652816772461,-3.8323097229003906,141.83779907226562
589.618,11.224365234375,-3.4122936725616455,228.58982849121094
589.92,11.224365234375,-3.4122936725616455,228.58982849121094
590.227,11.224365234375,-3.4122936725616455,228.58982849121094
590.528,11.224365234375,-3.4122936725616455,228.58982849121094
590.829,11.224365234375,-3.4122936725616455,228.58982849121094
591.13,11.224365234375,-3.4122936725616455,228.58982849121094
591.431,11.224365234375,-3.4122936725616455,228.58982849121094
591.732,-11.5255126953125,-3.3105926513671875,-264.4206237792969
592.034,-12.144426345825195,11.767776489257812,-230.1143798828125
592.342,-1.6052111387252808,12.264537811279297,-177.07406616210938
592.644,-1.6052111387252808,12.264537811279297,-177.07406616210938
592.945,-6.732290267944336,-17.643070220947266,-79.22010803222656
593.247,6.9512248039245605,-3.052685499191284,-15.603360176086426
593.549,-9.98658561706543,5.541651725769043,39.05381774902344
593.851,-5.200959205627441,-8.12692642211914,262.39312744140625
594.17,-9.613061904907227,9.587627410888672,305.3096008300781
594.452,-6.710992336273193,-1.81466543674469,272.4938049316406
594.754,-6.710992336273193,-1.81466543674469,272.4938049316406
595.055,-6.710992336273193,-1.81466543674469,272.4938049316406
595.356,-6.710992336273193,-1.81466543674469,272.4938049316406
595.657,-6.710992336273193,-1.81466543674469,272.4938049316406
595.967,-6.710992336273193,-1.81466543674469,272.4938049316406
596.277,-6.710992336273193,-1.81466543674469,272.4938049316406
596.7,-6.710992336273193,-1.81466543674469,272.4938049316406
597.001,-6.710992336273193,-1.81466543674469,272.4938049316406
597.331,7.378010272979736,3.5569941997528076,62.20817565917969
597.606,2.422172784805298,15.030529022216797,-34.30783462524414
597.908,2.1240522861480713,-2.2668087482452393,-5.408203601837158
598.21,13.909506797790527,-7.198759078979492,58.19701385498047
598.512,8.613550186157227,-0.8492138385772705,106.33948516845703
598.82,15.081241607666016,-1.7459290027618408,87.61951446533203
599.122,15.081241607666016,-1.7459290027618408,87.61951446533203
599.423,-4.612661361694336,4.096080303192139,17.293333053588867
599.725,9.58686637878418,-4.723691463470459,-9.43205738067627
600.027,9.58686637878418,-4.723691463470459,-9.43205738067627
600.328,9.58686637878418,-4.723691463470459,-9.43205738067627
600.629,9.58686637878418,-4.723691463470459,-9.43205738067627
600.935,9.58686637878418,-4.723691463470459,-9.43205738067627
601.237,9.58686637878418,-4.723691463470459,-9.43205738067627
601.538,9.58686637878418,-4.723691463470459,-9.43205738067627
601.861,9.58686637878418,-4.723691463470459,-9.43205738067627
602.137,16.073917388916016,-14.99211311340332,-146.7720947265625
602.439,-0.0453677773475647,-28.892375946044922,-150.2556915283203
602.741,-2.9355578422546387,-9.994491577148438,32.07698059082031
603.049,-3.289705276489258,-3.1978039741516113,57.58264923095703
603.351,-3.289705276489258,-3.1978039741516113,57.58264923095703
603.652,-3.1236448287963867,10.756978988647461,67.2257308959961
603.954,5.355466842651367,6.196900844573975,100.58283233642578
604.256,22.147029876708984,2.0096933841705322,124.65160369873047
604.558,2.8584811687469482,7.728065490722656,161.67437744140625
604.86,0.22660693526268005,8.996076583862305,125.71676635742188
605.168,0.22660693526268005,8.996076583862305,125.71676635742188
605.47,0.22660693526268005,8.996076583862305,125.71676635742188
605.771,0.22660693526268005,8.996076583862305,125.71676635742188
606.081,0.22660693526268005,8.996076583862305,125.71676635742188
606.391,0.22660693526268005,8.996076583862305,125.71676635742188
606.701,0.22660693526268005,8.996076583862305,125.71676635742188
607.011,0.22660693526268005,8.996076583862305,125.71676635742188
607.318,0.22660693526268005,8.996076583862305,125.71676635742188
607.62,0.22660693526268005,8.996076583862305,125.71676635742188
607.921,-0.9364341497421265,-6.909061431884766,28.144960403442383
608.223,-4.52404260635376,-23.566585540771484,-41.24882125854492
608.55,-4.056490898132324,-8.320099830627441,-90.46771240234375
608.825,-8.493583679199219,-12.598650932312012,281.1725158691406
609.127,-11.51655101776123,-7.8793416023254395,128.3554229736328
609.435,-4.525404453277588,-20.531780242919922,-34.59125900268555
609.737,-4.525404453277588,-20.531780242919922,-34.59125900268555
610.038,-4.525404453277588,-20.531780242919922,-34.59125900268555
610.339,-4.525404453277588,-20.531780242919922,-34.59125900268555
610.64,-4.525404453277588,-20.531780242919922,-34.59125900268555
610.941,-4.525404453277588,-20.531780242919922,-34.59125900268555
611.242,-4.525404453277588,-20.531780242919922,-34.59125900268555
611.549,-4.525404453277588,-20.531780242919922,-34.59125900268555
611.851,-4.525404453277588,-20.531780242919922,-34.59125900268555
612.152,3.1549248695373535,-2.8587512969970703,-55.900634765625
612.454,1.7196762561798096,-10.925929069519043,9.477033615112305
612.756,-0.7661476731300354,-3.1059389114379883,35.479827880859375
613.079,-8.947915077209473,4.023386478424072,16.450679779052734
613.355,1.4013018608093262,5.786098480224609,-6.370123863220215
613.662,0.16331428289413452,-2.3339807987213135,-15.829645156860352
613.964,0.16331428289413452,-2.3339807987213135,-15.829645156860352
614.265,-2.1759324073791504,7.256473064422607,78.84565734863281
614.567,-12.823263168334961,2.6303763389587402,158.35299682617188
614.869,-8.132881164550781,2.835249662399292,126.6463394165039
615.171,-8.132881164550781,2.835249662399292,126.6463394165039
615.472,-8.132881164550781,2.835249662399292,126.6463394165039
615.779,-8.132881164550781,2.835249662399292,126.6463394165039
616.09,-8.132881164550781,2.835249662399292,126.6463394165039
616.4,-8.132881164550781,2.835249662399292,126.6463394165039
616.71,-8.132881164550781,2.835249662399292,126.6463394165039
617.02,-8.132881164550781,2.835249662399292,126.6463394165039
617.321,-8.132881164550781,2.835249662399292,126.6463394165039
617.622,-14.930992126464844,-5.589282035827637,33.292991638183594
617.93,-1.4322775602340698,1.878495454788208,43.806671142578125
618.232,-1.4322775602340698,1.878495454788208,43.806671142578125
618.558,-1.4173758029937744,1.3994393348693848,-64.29281616210938
618.834,-1.74190354347229,4.599335670471191,94.40106201171875
619.136,-3.330620527267456,0.4829380214214325,64.4244384765625
619.438,-4.46817684173584,7.44071102142334,4.226358413696289
619.74,6.7585883140563965,9.444291114807129,44.255836486816406
620.048,-1.760230541229248,-0.9924927353858948,60.372745513916016
620.35,-1.760230541229248,-0.9924927353858948,60.372745513916016
620.651,-1.760230541229248,-0.9924927353858948,60.372745513916016
620.952,-1.760230541229248,-0.9924927353858948,60.372745513916016
621.253,-1.760230541229248,-0.9924927353858948,60.372745513916016
621.554,-1.760230541229248,-0.9924927353858948,60.372745513916016
621.855,-1.760230541229248,-0.9924927353858948,60.372745513916016
622.162,-1.760230541229248,-0.9924927353858948,60.372745513916016
622.464,-1.760230541229248,-0.9924927353858948,60.372745513916016
622.765,-19.29721450805664,1.275346040725708,-14.251049041748047
623.085,-3.5743513107299805,4.62436056137085,-84.53547668457031
623.36,0.5368959903717041,10.409994125366211,96.91010284423828
623.662,-7.601958751678467,13.51872444152832,243.80575561523438
623.964,-5.457284927368164,4.723190784454346,132.80978393554688
624.272,-2.4491794109344482,5.901359558105469,-42.175235748291016
624.574,-2.4491794109344482,5.901359558105469,-42.175235748291016
624.875,-8.492932319641113,8.359691619873047,34.084503173828125
625.177,-11.088231086730957,-4.677119255065918,36.875152587890625
625.479,-11.088231086730957,-4.677119255065918,36.875152587890625
625.78,-11.088231086730957,-4.677119255065918,36.875152587890625
626.09,-11.088231086730957,-4.677119255065918,36.875152587890625
626.513,-11.088231086730957,-4.677119255065918,36.875152587890625
626.823,-11.088231086730957,-4.677119255065918,36.875152587890625
627.124,-11.088231086730957,-4.677119255065918,36.875152587890625
627.454,-11.088231086730957,-4.677119255065918,36.875152587890625
627.73,1.9710899591445923,14.980508804321289,189.802001953125
628.032,-9.933334350585938,16.577388763427734,194.94752502441406
628.334,-0.48984575271606445,5.067235469818115,138.83187866210938
628.642,7.706104278564453,-0.7946180105209351,57.01968765258789
628.944,7.706104278564453,-0.7946180105209351,57.01968765258789
629.245,-12.504733085632324,3.333902359008789,-90.37740325927734
629.547,0.07841721177101135,4.791803359985352,-110.83135986328125
629.849,-9.680939674377441,5.75590181350708,-78.46205139160156
630.151,6.846689224243164,5.595731735229492,-77.99601745605469
630.453,1.6805739402770996,13.84969711303711,-80.81559753417969
630.761,1.6805739402770996,13.84969711303711,-80.81559753417969
631.062,1.6805739402770996,13.84969711303711,-80.81559753417969
631.363,1.6805739402770996,13.84969711303711,-80.81559753417969
631.664,1.6805739402770996,13.84969711303711,-80.81559753417969
631.965,1.6805739402770996,13.84969711303711,-80.81559753417969
632.266,1.6805739402770996,13.84969711303711,-80.81559753417969
632.567,9.413158416748047,-0.26693737506866455,29.792760848999023
632.875,5.4895548820495605,4.313961029052734,81.24394226074219
633.177,5.4895548820495605,4.313961029052734,81.24394226074219
633.478,7.827548980712891,14.30362319946289,177.4005126953125
633.78,0.4467217028141022,1.179239273071289,82.92940521240234
634.082,4.199404716491699,-6.675939559936523,-7.810072898864746
634.384,-9.700518608093262,-15.410862922668457,40.13732147216797
634.686,-4.8983354568481445,-7.298290252685547,101.88264465332031
635.019,-3.133565664291382,-6.648489952087402,126.17841339111328
635.321,-3.133565664291382,-6.648489952087402,126.17841339111328
635.622,-3.133565664291382,-6.648489952087402,126.17841339111328
635.923,-3.133565664291382,-6.648489952087402,126.17841339111328
636.233,-3.133565664291382,-6.648489952087402,126.17841339111328
636.543,-3.133565664291382,-6.648489952087402,126.17841339111328
636.853,-3.133565664291382,-6.648489952087402,126.17841339111328
637.276,-3.133565664291382,-6.648489952087402,126.17841339111328
637.598,-3.133565664291382,-6.648489952087402,126.17841339111328
637.874,13.473979949951172,-2.0408382415771484,47.11228942871094
638.176,15.402273178100586,4.1769185066223145,1.0318689346313477
638.478,9.549757957458496,10.55708122253418,-38.49369812011719
638.78,13.533381462097168,-4.316719055175781,-36.870880126953125
639.082,9.71790885925293,-10.91018009185791,48.34811782836914
639.39,5.7715606689453125,-2.1768362522125244,147.56736755371094
639.692,5.7715606689453125,-2.1768362522125244,147.56736755371094
639.993,19.840259552001953,3.4475955963134766,6.728257179260254
640.295,16.17864227294922,-12.856633186340332,-48.29643630981445
640.597,8.47662353515625,0.525457501411438,-37.29591369628906
640.899,8.47662353515625,0.525457501411438,-37.29591369628906
641.2,8.47662353515625,0.525457501411438,-37.29591369628906
641.507,8.47662353515625,0.525457501411438,-37.29591369628906
641.809,8.47662353515625,0.525457501411438,-37.29591369628906
642.11,8.47662353515625,0.525457501411438,-37.29591369628906
642.411,8.47662353515625,0.525457501411438,-37.29591369628906
642.712,1.467063546180725,0.41268956661224365,1.8984434604644775
643.014,3.4979028701782227,2.7904226779937744,48.17367935180664
643.316,2.126354694366455,-4.945086479187012,180.4471435546875
643.624,2.742509603500366,9.43350601196289,213.01483154296875
643.926,2.742509603500366,9.43350601196289,213.01483154296875
644.227,5.945176601409912,9.8466796875,-7.314744472503662
644.529,4.644477844238281,6.709356784820557,-22.416522979736328
644.831,-5.900168418884277,13.596977233886719,65.58851623535156
645.155,-4.564722537994385,5.721541881561279,162.9613800048828
645.457,-4.564722537994385,5.721541881561279,162.9613800048828
645.764,-4.564722537994385,5.721541881561279,162.9613800048828
646.066,-4.564722537994385,5.721541881561279,162.9613800048828
646.376,-4.564722537994385,5.721541881561279,162.9613800048828
646.686,-4.564722537994385,5.721541881561279,162.9613800048828
646.996,-4.564722537994385,5.721541881561279,162.9613800048828
647.306,-4.564722537994385,5.721541881561279,162.9613800048828
647.607,-4.564722537994385,5.721541881561279,162.9613800048828
647.914,-7.104301929473877,-20.050037384033203,332.48828125
648.216,-7.104301929473877,-20.050037384033203,332.48828125
648.517,14.577497482299805,-4.41807746887207,171.76821899414062
648.843,19.066770553588867,-1.2386671304702759,68.76678466796875
649.119,-17.2002010345459,-3.823352336883545,-89.50364685058594
649.421,-4.753548622131348,-1.7790879011154175,-116.34880065917969
649.723,6.3932905197143555,3.189584732055664,-54.45258331298828
650.031,6.510928153991699,9.673402786254883,105.33668518066406
650.333,6.510928153991699,9.673402786254883,105.33668518066406
650.634,28.942787170410156,0.8510019779205322,55.89105987548828
650.936,28.942787170410156,0.8510019779205322,55.89105987548828
651.237,28.942787170410156,0.8510019779205322,55.89105987548828
651.538,28.942787170410156,0.8510019779205322,55.89105987548828
651.839,28.942787170410156,0.8510019779205322,55.89105987548828
652.146,28.942787170410156,0.8510019779205322,55.89105987548828
652.448,28.942787170410156,0.8510019779205322,55.89105987548828
652.749,28.942787170410156,0.8510019779205322,55.89105987548828
653.05,-6.164423942565918,-8.108070373535156,103.74026489257812
653.37,-15.160202980041504,-0.7002165913581848,-17.997541427612305
653.646,-2.5828752517700195,-4.873199939727783,133.50228881835938
653.948,1.3858188390731812,-7.023474216461182,59.47132873535156
654.256,1.6003670692443848,0.31169816851615906,-17.684080123901367
654.558,1.6003670692443848,0.31169816851615906,-17.684080123901367
654.859,-1.4580919742584229,-9.944868087768555,-47.246334075927734
655.161,-1.4580919742584229,-9.944868087768555,-47.246334075927734
655.462,-21.676958084106445,-4.493197441101074,-242.2417449951172
655.764,-5.411038398742676,22.10559844970703,100.1473159790039
656.066,-5.411038398742676,22.10559844970703,100.1473159790039
656.489,-5.411038398742676,22.10559844970703,100.1473159790039
656.799,-5.411038398742676,22.10559844970703,100.1473159790039
657.109,-5.411038398742676,22.10559844970703,100.1473159790039
657.41,-5.411038398742676,22.10559844970703,100.1473159790039
657.74,-5.411038398742676,22.10559844970703,100.1473159790039
658.016,-0.9005444049835205,8.40843677520752,32.51386260986328
658.318,-12.767419815063477,-15.031888008117676,124.54713439941406
658.626,-2.258877754211426,-16.703533172607422,158.91725158691406
658.928,-2.258877754211426,-16.703533172607422,158.91725158691406
659.229,15.86723518371582,-4.169220924377441,88.804931640625
659.531,18.012998580932617,11.502873420715332,22.61573028564453
659.833,1.7240419387817383,-16.75078582763672,149.6171112060547
660.135,-2.807006359100342,-2.106275796890259,108.69976043701172
660.437,10.295540809631348,1.0324711799621582,54.30149841308594
660.779,31.306407928466797,-16.343425750732422,-61.97593688964844
661.081,31.306407928466797,-16.343425750732422,-61.97593688964844
661.382,31.306407928466797,-16.343425750732422,-61.97593688964844
661.683,31.306407928466797,-16.343425750732422,-61.97593688964844
661.984,31.306407928466797,-16.343425750732422,-61.97593688964844
662.285,31.306407928466797,-16.343425750732422,-61.97593688964844
662.586,31.306407928466797,-16.343425750732422,-61.97593688964844
662.893,31.306407928466797,-16.343425750732422,-61.97593688964844
663.195,31.306407928466797,-16.343425750732422,-61.97593688964844
663.496,-3.6592860221862793,-1.3874356746673584,-43.11892318725586
663.798,2.9709067344665527,1.463369607925415,-60.899166107177734
664.1,13.213119506835938,-2.212825298309326,-72.30661010742188
664.402,1.3210763931274414,4.5394744873046875,-127.23220825195312
664.704,12.327292442321777,-18.262332916259766,-17.112079620361328
665.03,15.558807373046875,-9.499085426330566,179.196044921875
665.332,15.558807373046875,-9.499085426330566,179.196044921875
665.633,2.821681499481201,-4.765233516693115,-50.78986358642578
665.935,3.203763484954834,0.794585108757019,122.90155029296875
666.237,3.203763484954834,0.794585108757019,122.90155029296875
666.547,3.203763484954834,0.794585108757019,122.90155029296875
666.857,3.203763484954834,0.794585108757019,122.90155029296875
667.28,3.203763484954834,0.794585108757019,122.90155029296875
667.581,3.203763484954834,0.794585108757019,122.90155029296875
667.913,-2.6923601627349854,11.123284339904785,-41.629661560058594
668.188,-0.1331026554107666,-9.305900573730469,-45.53043746948242
668.49,3.3661913871765137,6.824554920196533,-7.797657012939453
668.792,1.698711633682251,-6.3512139320373535,53.100006103515625
669.094,2.781857967376709,-3.42905855178833,92.13194274902344
669.402,11.29234790802002,4.2990827560424805,152.22161865234375
669.703,11.29234790802002,4.2990827560424805,152.22161865234375
670.004,5.638011932373047,1.8760979175567627,-42.52583312988281
670.306,9.844563484191895,2.070590019226074,-8.654102325439453
670.608,10.920422554016113,4.511620044708252,126.20111083984375
670.91,6.349494457244873,0.13767701387405396,151.7959442138672
671.212,12.747557640075684,-5.264326572418213,113.19598388671875
671.519,12.747557640075684,-5.264326572418213,113.19598388671875
671.821,12.747557640075684,-5.264326572418213,113.19598388671875
672.122,12.747557640075684,-5.264326572418213,113.19598388671875
672.423,12.747557640075684,-5.264326572418213,113.19598388671875
672.724,12.747557640075684,-5.264326572418213,113.19598388671875
673.025,12.747557640075684,-5.264326572418213,113.19598388671875
673.326,10.048376083374023,-4.552190780639648,-184.08697509765625
673.634,-3.7637195587158203,-11.095771789550781,128.38815307617188
673.936,-3.7637195587158203,-11.095771789550781,128.38815307617188
674.237,-0.10340151190757751,4.362789154052734,232.39675903320312
674.539,-0.9300824403762817,14.691887855529785,-78.51019287109375
674.841,15.19314956665039,1.0809428691864014,-18.13949966430664
675.143,9.758676528930664,0.3664916753768921,237.00387573242188
675.47,-6.800121784210205,7.746249675750732,198.20068359375
675.752,7.606021881103516,1.760136604309082,-52.02666473388672
676.054,7.606021881103516,1.760136604309082,-52.02666473388672
676.355,7.606021881103516,1.760136604309082,-52.02666473388672
676.665,7.606021881103516,1.760136604309082,-52.02666473388672
676.975,7.606021881103516,1.760136604309082,-52.02666473388672
677.285,7.606021881103516,1.760136604309082,-52.02666473388672
677.595,7.606021881103516,1.760136604309082,-52.02666473388672
677.902,7.606021881103516,1.760136604309082,-52.02666473388672
678.204,7.606021881103516,1.760136604309082,-52.02666473388672
678.505,0.4713852107524872,5.504659175872803,66.01782989501953
678.807,0.9480847716331482,12.503039360046387,63.325592041015625
679.132,3.338815689086914,4.22452974319458,24.374217987060547
679.408,-0.825832724571228,11.236831665039062,-91.86871337890625
679.71,10.395376205444336,-3.1644341945648193,-189.82754516601562
680.017,4.522312641143799,-2.4603514671325684,-216.791015625
680.319,4.522312641143799,-2.4603514671325684,-216.791015625
680.62,20.856327056884766,5.556302547454834,-28.298198699951172
680.922,5.180502891540527,15.37394905090332,130.70486450195312
681.224,-10.31003189086914,9.152256965637207,85.80961608886719
681.526,-10.31003189086914,9.152256965637207,85.80961608886719
681.827,-10.31003189086914,9.152256965637207,85.80961608886719
682.134,-10.31003189086914,9.152256965637207,85.80961608886719
682.435,-10.31003189086914,9.152256965637207,85.80961608886719
682.736,-10.31003189086914,9.152256965637207,85.80961608886719
683.037,-10.31003189086914,9.152256965637207,85.80961608886719
683.338,-10.31003189086914,9.152256965637207,85.80961608886719
683.658,-10.842069625854492,8.788002967834473,137.40664672851562
683.933,12.863685607910156,9.855695724487305,355.30902099609375
684.241,1.1959383487701416,2.2710533142089844,172.72238159179688
684.542,1.1959383487701416,2.2710533142089844,172.72238159179688
684.843,3.980583667755127,4.069616794586182,-247.19903564453125
685.145,11.355591773986816,2.83349609375,-168.90716552734375
685.447,12.82784652709961,4.808600425720215,-19.926509857177734
685.749,6.538113594055176,14.56651496887207,12.73721694946289
686.051,0.3792119026184082,-3.839334487915039,5.869041919708252
686.359,8.094442367553711,-18.827552795410156,48.106082916259766
686.67,8.094442367553711,-18.827552795410156,48.106082916259766
686.98,8.094442367553711,-18.827552795410156,48.106082916259766
687.29,8.094442367553711,-18.827552795410156,48.106082916259766
687.6,8.094442367553711,-18.827552795410156,48.106082916259766
687.901,8.094442367553711,-18.827552795410156,48.106082916259766
688.202,3.6184134483337402,4.627630710601807,112.94053649902344
688.51,8.430914878845215,9.963829040527344,74.94293975830078
688.812,8.430914878845215,9.963829040527344,74.94293975830078
689.137,-12.170711517333984,3.613577127456665,17.650964736938477
689.413,4.442138671875,21.82880401611328,-19.93051528930664
689.714,6.8667402267456055,11.358895301818848,-70.08087921142578
690.016,15.22698974609375,0.1394810676574707,-113.64222717285156
690.318,16.869842529296875,0.09750039875507355,-61.07615661621094
690.625,11.643463134765625,-4.746520519256592,99.07709503173828
690.927,11.643463134765625,-4.746520519256592,99.07709503173828
691.228,17.645273208618164,20.447364807128906,73.97834777832031
691.53,22.500492095947266,-3.1360082626342773,-8.927967071533203
691.832,22.500492095947266,-3.1360082626342773,-8.927967071533203
692.133,22.500492095947266,-3.1360082626342773,-8.927967071533203
692.434,22.500492095947266,-3.1360082626342773,-8.927967071533203
692.741,22.500492095947266,-3.1360082626342773,-8.927967071533203
693.043,22.500492095947266,-3.1360082626342773,-8.927967071533203
693.344,22.500492095947266,-3.1360082626342773,-8.927967071533203
693.663,22.500492095947266,-3.1360082626342773,-8.927967071533203
693.939,1.9546457529067993,-22.071855545043945,54.08848571777344
694.24,-9.478507995605469,-24.69814682006836,76.09130096435547
694.542,2.5827531814575195,-21.83832550048828,104.44953155517578
694.85,-2.78187894821167,-15.341329574584961,139.79385375976562
695.152,-2.78187894821167,-15.341329574584961,139.79385375976562
695.453,8.107677459716797,-9.5481538772583,181.90438842773438
695.755,8.185436248779297,-3.5845301151275635,80.06324768066406
696.057,-2.8204190731048584,-1.8720303773880005,-124.27428436279297
696.359,-5.6911234855651855,3.080476999282837,-313.0746154785156
696.67,-9.154810905456543,19.745288848876953,-80.17759704589844
697.093,-9.154810905456543,19.745288848876953,-80.17759704589844
697.404,-9.154810905456543,19.745288848876953,-80.17759704589844
697.705,-9.154810905456543,19.745288848876953,-80.17759704589844
698.035,-9.154810905456543,19.745288848876953,-80.17759704589844
698.31,1.5569487810134888,15.046339988708496,59.704856872558594
698.612,-0.37416762113571167,8.88249397277832,48.31949996948242
698.914,5.985252380371094,6.441416263580322,130.2413787841797
699.222,5.0515570640563965,5.444647789001465,180.2943878173828
699.524,5.0515570640563965,5.444647789001465,180.2943878173828
699.825,-6.596356391906738,3.067870616912842,-18.0709171295166
700.127,4.405792236328125,-11.468841552734375,40.80474090576172
700.429,-17.445999145507812,-0.6006304025650024,18.439414978027344
700.731,-23.23343276977539,8.82560920715332,-132.12548828125
701.066,1.6078763008117676,-0.019240498542785645,-222.30801391601562
701.349,14.225915908813477,5.548824787139893,131.0738525390625
701.65,14.225915908813477,5.548824787139893,131.0738525390625
701.951,14.225915908813477,5.548824787139893,131.0738525390625
702.252,14.225915908813477,5.548824787139893,131.0738525390625
702.553,14.225915908813477,5.548824787139893,131.0738525390625
702.854,14.225915908813477,5.548824787139893,131.0738525390625
703.155,14.225915908813477,5.548824787139893,131.0738525390625
703.462,14.225915908813477,5.548824787139893,131.0738525390625
703.764,14.225915908813477,5.548824787139893,131.0738525390625
704.065,-9.578109741210938,9.493093490600586,75.32714080810547
704.367,-6.355992317199707,18.32563018798828,78.52955627441406
704.669,-5.954273700714111,16.748205184936523,-11.608563423156738
704.971,5.100362777709961,16.197132110595703,26.037311553955078
705.273,-0.47391271591186523,19.602083206176758,174.0946502685547
705.6,-10.749593734741211,0.5107319355010986,89.96217346191406
705.902,-10.749593734741211,0.5107319355010986,89.96217346191406
706.203,-13.090279579162598,-2.756028890609741,117.14312744140625
706.505,-18.813161849975586,1.6601290702819824,-45.37184524536133
706.816,-7.433875560760498,9.997737884521484,-33.65858459472656
707.126,-7.433875560760498,9.997737884521484,-33.65858459472656
707.436,-7.433875560760498,9.997737884521484,-33.65858459472656
707.859,-7.433875560760498,9.997737884521484,-33.65858459472656
708.18,-7.433875560760498,9.997737884521484,-33.65858459472656
708.456,-6.536461353302002,3.6213793754577637,69.25091552734375
708.758,-13.381158828735352,5.070318698883057,-38.10774612426758
709.06,0.766859233379364,4.562799453735352,-135.54730224609375
709.362,4.822973251342773,2.1777901649475098,-217.27798461914062
709.663,4.710259437561035,8.752307891845703,-244.42010498046875
709.971,-4.642804145812988,-0.34365665912628174,-121.74964904785156
710.272,-4.642804145812988,-0.34365665912628174,-121.74964904785156
710.573,-4.673293590545654,-4.667164325714111,7.070201873779297
710.875,6.609525203704834,-5.051670551300049,-120.52400207519531
711.177,-5.82792854309082,-9.728761672973633,-197.07086181640625
711.487,-2.4206032752990723,3.1154515743255615,-186.19989013671875
711.763,11.475137710571289,10.11534309387207,15.362391471862793
712.071,11.475137710571289,10.11534309387207,15.362391471862793
712.373,11.475137710571289,10.11534309387207,15.362391471862793
712.674,11.475137710571289,10.11534309387207,15.362391471862793
712.975,11.475137710571289,10.11534309387207,15.362391471862793
713.276,11.475137710571289,10.11534309387207,15.362391471862793
713.577,11.475137710571289,10.11534309387207,15.362391471862793
713.878,11.475137710571289,10.11534309387207,15.362391471862793
714.185,-10.539175033569336,-3.642631769180298,-86.128662109375
714.486,-10.539175033569336,-3.642631769180298,-86.128662109375
714.787,-0.9499285221099854,-1.7537074089050293,-119.90084838867188
715.089,2.0661277770996094,-0.42834675312042236,-181.28317260742188
715.391,1.3720602989196777,-0.7417212724685669,-108.6819839477539
715.693,3.9983975887298584,-6.99172306060791,57.22941970825195
716.015,7.656247138977051,-10.488930702209473,83.9373550415039
716.297,18.691566467285156,-3.693605422973633,103.21021270751953
716.599,18.691566467285156,-3.693605422973633,103.21021270751953
716.909,-8.435857772827148,2.533722400665283,-34.14494323730469
717.219,-8.435857772827148,2.533722400665283,-34.14494323730469
717.529,-8.435857772827148,2.533722400665283,-34.14494323730469
717.839,-8.435857772827148,2.533722400665283,-34.14494323730469
718.14,-8.435857772827148,2.533722400665283,-34.14494323730469
718.447,1.3506958484649658,-3.9075698852539062,-63.99064254760742
718.748,1.3506958484649658,-3.9075698852539062,-63.99064254760742
719.049,-4.7898478507995605,1.0596253871917725,-61.69767761230469
719.375,5.289586067199707,4.433414936065674,4.473188400268555
719.651,-3.1399059295654297,4.0818681716918945,-68.6061782836914
719.953,0.2462301254272461,2.9031262397766113,-97.94265747070312
720.255,11.956216812133789,9.029541015625,15.665132522583008
720.563,2.962582588195801,-4.803571701049805,81.01729583740234
720.865,2.962582588195801,-4.803571701049805,81.01729583740234
721.166,-1.0835049152374268,-6.153700828552246,-71.08808898925781
721.468,-11.735871315002441,-7.725436687469482,-250.74932861328125
721.77,0.01187443733215332,-3.80698299407959,-313.7313537597656
722.072,1.2413676977157593,14.07585334777832,-222.30670166015625
722.374,14.113645553588867,14.807476997375488,-96.59674835205078
722.682,14.113645553588867,14.807476997375488,-96.59674835205078
722.984,14.113645553588867,14.807476997375488,-96.59674835205078
723.285,14.113645553588867,14.807476997375488,-96.59674835205078
723.586,14.113645553588867,14.807476997375488,-96.59674835205078
723.887,14.113645553588867,14.807476997375488,-96.59674835205078
724.188,14.113645553588867,14.807476997375488,-96.59674835205078
724.489,0.34513765573501587,8.36318588256836,-5.658883094787598
724.797,-10.928970336914062,14.017465591430664,63.77485656738281
725.099,-10.928970336914062,14.017465591430664,63.77485656738281
725.4,-2.1492159366607666,-1.5843472480773926,228.23130798339844
725.702,0.7015637755393982,-14.533784866333008,69.19061279296875
726.004,-1.9385520219802856,12.921385765075684,-22.35563850402832
726.306,-1.9385520219802856,12.921385765075684,-22.35563850402832
726.607,-7.447353363037109,-5.690560817718506,36.310401916503906
727.056,-16.78419303894043,-1.9990484714508057,28.09720230102539
727.366,-16.78419303894043,-1.9990484714508057,28.09720230102539
727.676,-16.78419303894043,-1.9990484714508057,28.09720230102539
727.977,-16.78419303894043,-1.9990484714508057,28.09720230102539
728.278,-8.906826972961426,-2.1733853816986084,59.24127960205078
728.58,-5.767924785614014,-1.5301964282989502,5.373622894287109
728.882,-5.767924785614014,-1.5301964282989502,5.373622894287109
729.189,-3.6466240882873535,2.551178455352783,-176.81915283203125
729.49,-3.6466240882873535,2.551178455352783,-176.81915283203125
729.791,-4.964372634887695,-17.59762191772461,17.886478424072266
730.108,-1.8983683586120605,-22.752662658691406,-137.5382843017578
730.384,-21.387012481689453,3.9823527336120605,-44.68796157836914
730.685,-8.837932586669922,0.057473599910736084,15.800674438476562
730.987,9.68293571472168,5.420174598693848,58.2156982421875
731.295,2.2399213314056396,16.18115997314453,180.39178466796875
731.597,2.2399213314056396,16.18115997314453,180.39178466796875
731.898,-4.913416862487793,0.9492136836051941,335.3644104003906
732.2,2.8079447746276855,9.660008430480957,305.3265075683594
732.502,-3.9384360313415527,0.03574904799461365,263.3484191894531
732.804,-3.9384360313415527,0.03574904799461365,263.3484191894531
733.105,-3.9384360313415527,0.03574904799461365,263.3484191894531
733.412,-3.9384360313415527,0.03574904799461365,263.3484191894531
733.714,-3.9384360313415527,0.03574904799461365,263.3484191894531
734.015,-3.9384360313415527,0.03574904799461365,263.3484191894531
734.316,-3.9384360313415527,0.03574904799461365,263.3484191894531
734.635,-3.9384360313415527,0.03574904799461365,263.3484191894531
734.911,20.293397903442383,-1.864039659500122,472.77032470703125
735.213,-7.438660621643066,10.309812545776367,414.8829345703125
735.521,-4.091426849365234,6.151725769042969,358.80572509765625
735.823,-4.091426849365234,6.151725769042969,358.80572509765625
736.124,3.9974069595336914,-2.872788190841675,185.09768676757812
736.426,-8.177906036376953,5.765285015106201,92.12220764160156
736.728,5.380571365356445,11.507627487182617,14.11961555480957
737.039,15.744287490844727,19.150142669677734,-17.942508697509766
737.349,15.744287490844727,19.150142669677734,-17.942508697509766
737.772,15.744287490844727,19.150142669677734,-17.942508697509766
738.074,15.744287490844727,19.150142669677734,-17.942508697509766
738.375,-16.51943016052246,-16.99738311767578,221.58572387695312
738.677,-4.269517421722412,-24.321313858032227,211.5474853515625
738.989,1.0371861457824707,-9.618339538574219,145.6072998046875
739.265,-2.872736930847168,-14.231121063232422,-17.539714813232422
739.567,-3.877554416656494,-9.577045440673828,-76.7095947265625
739.875,6.262449741363525,-10.518515586853027,-107.14273071289062
740.177,6.262449741363525,-10.518515586853027,-107.14273071289062
740.478,12.446866989135742,-7.659670352935791,-107.4314956665039
740.78,-1.433585286140442,-19.77100944519043,264.164306640625
741.082,25.66385269165039,-6.7486419677734375,279.77630615234375
741.384,4.51963996887207,-3.383014678955078,139.69793701171875
741.686,20.604795455932617,7.415660858154297,104.28068542480469
742.028,24.33324432373047,28.075754165649414,117.74352264404297
742.33,24.33324432373047,28.075754165649414,117.74352264404297
742.631,11.57381820678711,16.549545288085938,6.077181339263916
742.933,11.57381820678711,16.549545288085938,6.077181339263916
743.234,11.57381820678711,16.549545288085938,6.077181339263916
743.535,11.57381820678711,16.549545288085938,6.077181339263916
743.836,11.57381820678711,16.549545288085938,6.077181339263916
744.143,11.57381820678711,16.549545288085938,6.077181339263916
744.445,11.57381820678711,16.549545288085938,6.077181339263916
744.746,11.57381820678711,16.549545288085938,6.077181339263916
745.047,20.228710174560547,-4.291810035705566,60.50886154174805
745.349,13.94318675994873,-6.1550517082214355,4.470333576202393
745.651,8.325841903686523,-11.193325996398926,28.09746551513672
745.953,6.141949653625488,-10.850893020629883,34.28791046142578
746.278,-2.699129104614258,-15.323387145996094,16.739742279052734
746.58,-2.699129104614258,-15.323387145996094,16.739742279052734
746.881,-5.261047840118408,-10.194068908691406,-8.707051277160645
747.192,-12.407564163208008,-9.923341751098633,-61.96345520019531
747.502,-12.407564163208008,-9.923341751098633,-61.96345520019531
747.812,-12.407564163208008,-9.923341751098633,-61.96345520019531
748.122,-12.407564163208008,-9.923341751098633,-61.96345520019531
748.429,-12.407564163208008,-9.923341751098633,-61.96345520019531
748.731,-12.407564163208008,-9.923341751098633,-61.96345520019531
749.032,13.989788055419922,-3.7228150367736816,52.629295349121094
749.334,-4.435037612915039,4.162729263305664,34.42886734008789
749.636,-6.655643463134766,-4.74553108215332,-4.103327751159668
749.938,10.605749130249023,-8.418426513671875,-71.44947052001953
750.24,0.7757105827331543,-11.656429290771484,-77.96237182617188
750.562,-16.630638122558594,-8.561371803283691,-112.09886169433594
750.863,-16.630638122558594,-8.561371803283691,-112.09886169433594
751.164,-20.11772918701172,8.687240600585938,14.289440155029297
751.466,-4.694140434265137,3.648092269897461,-16.003572463989258
751.768,-6.931180000305176,9.01468276977539,-213.27255249023438
752.07,-2.240784168243408,-13.462698936462402,-480.328125
752.372,-9.644491195678711,11.981155395507812,-396.2963562011719
752.681,-12.554288864135742,-6.406289100646973,-268.263671875
752.982,-12.554288864135742,-6.406289100646973,-268.263671875
753.283,-12.554288864135742,-6.406289100646973,-268.263671875
753.584,-12.554288864135742,-6.406289100646973,-268.263671875
753.885,-12.554288864135742,-6.406289100646973,-268.263671875
754.186,-12.554288864135742,-6.406289100646973,-268.263671875
754.487,-12.554288864135742,-6.406289100646973,-268.263671875
754.794,-12.554288864135742,-6.406289100646973,-268.263671875
755.096,8.838543891906738,-4.683932781219482,64.68267059326172
755.398,15.577472686767578,-5.078701972961426,40.39177322387695
755.7,4.564685821533203,-10.41407585144043,142.07456970214844
756.002,5.5845723152160645,4.734322547912598,158.02804565429688
756.304,-0.91978919506073,9.700927734375,8.842684745788574
756.606,5.53267765045166,-13.549480438232422,-21.836288452148438
756.914,10.059544563293457,-10.979473114013672,114.80601501464844
757.225,10.059544563293457,-10.979473114013672,114.80601501464844
757.535,10.059544563293457,-10.979473114013672,114.80601501464844
757.845,10.059544563293457,-10.979473114013672,114.80601501464844
758.155,10.059544563293457,-10.979473114013672,114.80601501464844
758.456,10.059544563293457,-10.979473114013672,114.80601501464844
758.757,3.532618522644043,14.07636833190918,53.11448669433594
759.066,7.003993511199951,24.505287170410156,38.72328567504883
759.367,7.003993511199951,24.505287170410156,38.72328567504883
759.668,9.441513061523438,5.144505023956299,112.09303283691406
759.97,3.5225563049316406,3.93064546585083,117.68656921386719
760.272,2.855104923248291,9.314262390136719,113.80325317382812
760.588,2.3792848587036133,6.1465864181518555,101.11749267578125
760.863,2.77386212348938,-3.8862719535827637,127.10395050048828
761.172,10.704633712768555,-7.22519588470459,193.9979248046875
761.473,10.704633712768555,-7.22519588470459,193.9979248046875
761.774,9.552888870239258,-6.748727321624756,50.67250061035156
762.075,10.458292007446289,-14.082082748413086,52.538124084472656
762.377,9.433111190795898,-9.639484405517578,120.2197265625
762.679,-0.22789525985717773,-15.752341270446777,100.07591247558594
762.981,8.82645034790039,4.018241882324219,150.6031494140625
763.289,-12.459383964538574,0.17003238201141357,46.144004821777344
763.59,-12.459383964538574,0.17003238201141357,46.144004821777344
763.891,-12.459383964538574,0.17003238201141357,46.144004821777344
764.192,-12.459383964538574,0.17003238201141357,46.144004821777344
764.493,-12.459383964538574,0.17003238201141357,46.144004821777344
764.794,-12.459383964538574,0.17003238201141357,46.144004821777344
765.095,-12.459383964538574,0.17003238201141357,46.144004821777344
765.402,-12.382025718688965,8.720580101013184,-5.825497627258301
765.703,-12.382025718688965,8.720580101013184,-5.825497627258301
766.004,-5.088090896606445,8.353757858276367,99.46804809570312
766.306,-11.855347633361816,14.835997581481934,101.9881591796875
766.608,-0.7452510595321655,18.907432556152344,84.95426177978516
766.909,5.583929538726807,5.5959391593933105,53.8594970703125
767.211,-4.099518775939941,-15.935291290283203,70.20925903320312
767.635,-12.808124542236328,-9.510939598083496,97.56230163574219
767.946,-12.808124542236328,-9.510939598083496,97.56230163574219
768.256,-12.808124542236328,-9.510939598083496,97.56230163574219
768.557,-12.808124542236328,-9.510939598083496,97.56230163574219
768.858,-12.808124542236328,-9.510939598083496,97.56230163574219
769.159,14.007524490356445,9.355770111083984,68.05662536621094
769.461,15.260577201843262,7.549234390258789,137.8504180908203
769.769,15.260577201843262,7.549234390258789,137.8504180908203
770.07,15.260577201843262,7.549234390258789,137.8504180908203
770.371,15.260577201843262,7.549234390258789,137.8504180908203
770.672,15.260577201843262,7.549234390258789,137.8504180908203
770.973,15.260577201843262,7.549234390258789,137.8504180908203
771.274,15.260577201843262,7.549234390258789,137.8504180908203
771.575,15.260577201843262,7.549234390258789,137.8504180908203
771.882,15.260577201843262,7.549234390258789,137.8504180908203
772.184,15.260577201843262,7.549234390258789,137.8504180908203
772.485,15.260577201843262,7.549234390258789,137.8504180908203
772.786,15.260577201843262,7.549234390258789,137.8504180908203
773.087,15.260577201843262,7.549234390258789,137.8504180908203
773.388,15.260577201843262,7.549234390258789,137.8504180908203
773.689,15.260577201843262,7.549234390258789,137.8504180908203
773.996,15.260577201843262,7.549234390258789,137.8504180908203
774.298,15.260577201843262,7.549234390258789,137.8504180908203
774.599,15.260577201843262,7.549234390258789,137.8504180908203
774.9,15.260577201843262,7.549234390258789,137.8504180908203
775.201,15.260577201843262,7.549234390258789,137.8504180908203
775.502,15.260577201843262,7.549234390258789,137.8504180908203
775.803,15.260577201843262,7.549234390258789,137.8504180908203
776.11,15.260577201843262,7.549234390258789,137.8504180908203
776.412,15.260577201843262,7.549234390258789,137.8504180908203
776.713,-0.05127381905913353,-0.02166246995329857,-0.1319943368434906
777.015,-0.05127381905913353,-0.02166246995329857,-0.1319943368434906
777.316,0.11086410284042358,0.8647621870040894,3.5239615440368652
777.627,0.11086410284042358,0.8647621870040894,3.5239615440368652
777.937,0.11086410284042358,0.8647621870040894,3.5239615440368652
778.36,0.11086410284042358,0.8647621870040894,3.5239615440368652
778.661,0.11086410284042358,0.8647621870040894,3.5239615440368652
778.962,0.11086410284042358,0.8647621870040894,3.5239615440368652
779.263,0.11086410284042358,0.8647621870040894,3.5239615440368652
779.564,0.11086410284042358,0.8647621870040894,3.5239615440368652
779.865,0.11086410284042358,0.8647621870040894,3.5239615440368652
780.166,0.11086410284042358,0.8647621870040894,3.5239615440368652
780.473,0.11086410284042358,0.8647621870040894,3.5239615440368652
780.775,0.11086410284042358,0.8647621870040894,3.5239615440368652
781.076,0.11086410284042358,0.8647621870040894,3.5239615440368652
781.377,0.11086410284042358,0.8647621870040894,3.5239615440368652
781.678,0.11086410284042358,0.8647621870040894,3.5239615440368652
781.979,0.11086410284042358,0.8647621870040894,3.5239615440368652
782.28,0.11086410284042358,0.8647621870040894,3.5239615440368652
782.587,0.11086410284042358,0.8647621870040894,3.5239615440368652
782.889,0.11086410284042358,0.8647621870040894,3.5239615440368652
783.19,0.11086410284042358,0.8647621870040894,3.5239615440368652
783.491,0.11086410284042358,0.8647621870040894,3.5239615440368652
783.792,0.11086410284042358,0.8647621870040894,3.5239615440368652
784.093,0.11086410284042358,0.8647621870040894,3.5239615440368652
784.394,0.11086410284042358,0.8647621870040894,3.5239615440368652
784.701,0.11086410284042358,0.8647621870040894,3.5239615440368652
785.002,0.11086410284042358,0.8647621870040894,3.5239615440368652
785.303,0.11086410284042358,0.8647621870040894,3.5239615440368652
785.604,0.11086410284042358,0.8647621870040894,3.5239615440368652
785.905,0.11086410284042358,0.8647621870040894,3.5239615440368652
786.206,0.11086410284042358,0.8647621870040894,3.5239615440368652
786.507,0.11086410284042358,0.8647621870040894,3.5239615440368652
786.814,0.11086410284042358,0.8647621870040894,3.5239615440368652
787.115,0.11086410284042358,0.8647621870040894,3.5239615440368652
787.416,0.11086410284042358,0.8647621870040894,3.5239615440368652
787.726,0.11086410284042358,0.8647621870040894,3.5239615440368652
788.036,0.11086410284042358,0.8647621870040894,3.5239615440368652
788.346,0.11086410284042358,0.8647621870040894,3.5239615440368652
788.656,0.11086410284042358,0.8647621870040894,3.5239615440368652
788.963,0.11086410284042358,0.8647621870040894,3.5239615440368652
789.265,0.11086410284042358,0.8647621870040894,3.5239615440368652
789.566,0.11086410284042358,0.8647621870040894,3.5239615440368652
789.867,0.11086410284042358,0.8647621870040894,3.5239615440368652
790.168,0.11086410284042358,0.8647621870040894,3.5239615440368652
790.469,0.11086410284042358,0.8647621870040894,3.5239615440368652
790.77,0.11086410284042358,0.8647621870040894,3.5239615440368652
791.077,0.11086410284042358,0.8647621870040894,3.5239615440368652
791.379,0.11086410284042358,0.8647621870040894,3.5239615440368652
791.68,0.11086410284042358,0.8647621870040894,3.5239615440368652
791.981,0.11086410284042358,0.8647621870040894,3.5239615440368652
792.282,0.11086410284042358,0.8647621870040894,3.5239615440368652
792.583,0.11086410284042358,0.8647621870040894,3.5239615440368652
792.884,0.11086410284042358,0.8647621870040894,3.5239615440368652
793.191,0.11086410284042358,0.8647621870040894,3.5239615440368652
793.493,0.11086410284042358,0.8647621870040894,3.5239615440368652
793.794,0.11086410284042358,0.8647621870040894,3.5239615440368652
794.095,0.11086410284042358,0.8647621870040894,3.5239615440368652
794.396,0.11086410284042358,0.8647621870040894,3.5239615440368652
794.697,0.11086410284042358,0.8647621870040894,3.5239615440368652
794.998,0.11086410284042358,0.8647621870040894,3.5239615440368652
795.305,0.11086410284042358,0.8647621870040894,3.5239615440368652
795.607,0.11086410284042358,0.8647621870040894,3.5239615440368652
795.908,0.11086410284042358,0.8647621870040894,3.5239615440368652
796.209,0.11086410284042358,0.8647621870040894,3.5239615440368652
796.51,0.11086410284042358,0.8647621870040894,3.5239615440368652
796.811,0.11086410284042358,0.8647621870040894,3.5239615440368652
797.112,0.11086410284042358,0.8647621870040894,3.5239615440368652
797.418,0.11086410284042358,0.8647621870040894,3.5239615440368652
797.729,0.11086410284042358,0.8647621870040894,3.5239615440368652
798.039,0.11086410284042358,0.8647621870040894,3.5239615440368652
798.349,0.11086410284042358,0.8647621870040894,3.5239615440368652
798.659,0.11086410284042358,0.8647621870040894,3.5239615440368652
798.96,0.11086410284042358,0.8647621870040894,3.5239615440368652
799.261,0.11086410284042358,0.8647621870040894,3.5239615440368652
799.568,0.11086410284042358,0.8647621870040894,3.5239615440368652
799.869,0.11086410284042358,0.8647621870040894,3.5239615440368652
800.17,0.11086410284042358,0.8647621870040894,3.5239615440368652
800.471,0.11086410284042358,0.8647621870040894,3.5239615440368652
