relseconds,roll,pitch,yaw
24.479,-1.5475531816482544,4.264830589294434,14.731422424316406
24.755,-1.561627984046936,4.3354878425598145,14.800785064697266
25.063,-1.3654590845108032,4.3820271492004395,14.83564567565918
25.365,-1.3654590845108032,4.3820271492004395,14.83564567565918
25.666,-1.414370059967041,4.393118381500244,14.993423461914062
25.968,-1.414370059967041,4.393118381500244,14.993423461914062
26.269,-1.414370059967041,4.393118381500244,14.993423461914062
26.57,-1.414370059967041,4.393118381500244,14.993423461914062
26.871,-1.414370059967041,4.393118381500244,14.993423461914062
27.178,-1.414370059967041,4.393118381500244,14.993423461914062
27.48,-1.414370059967041,4.393118381500244,14.993423461914062
27.781,-1.414370059967041,4.393118381500244,14.993423461914062
28.082,-1.4607752561569214,4.349124908447266,15.353373527526855
28.384,-1.3999320268630981,4.3355393409729,15.384961128234863
28.695,-1.47818124294281,4.3152079582214355,15.464056968688965
29.005,-1.47818124294281,4.3152079582214355,15.464056968688965
29.428,-1.47818124294281,4.3152079582214355,15.464056968688965
29.73,-1.47818124294281,4.3152079582214355,15.464056968688965
30.031,-1.5974496603012085,4.263666152954102,15.662967681884766
30.333,-1.2553656101226807,4.391735553741455,15.670003890991211
30.661,-1.6672272682189941,4.270021915435791,15.746366500854492
30.962,-1.6672272682189941,4.270021915435791,15.746366500854492
31.263,-1.6672272682189941,4.270021915435791,15.746366500854492
31.57,-1.6672272682189941,4.270021915435791,15.746366500854492
31.872,-1.6672272682189941,4.270021915435791,15.746366500854492
32.173,-1.6672272682189941,4.270021915435791,15.746366500854492
32.474,-1.6672272682189941,4.270021915435791,15.746366500854492
32.775,-1.6672272682189941,4.270021915435791,15.746366500854492
33.076,-1.6304652690887451,4.269413471221924,16.137916564941406
33.378,-1.280275583267212,4.360537528991699,16.217926025390625
33.685,-1.5839107036590576,4.301936149597168,16.25162696838379
33.987,-1.5839107036590576,4.301936149597168,16.25162696838379
34.288,-1.537735939025879,4.219727516174316,16.332738876342773
34.59,-1.355570912361145,4.4041948318481445,16.37527084350586
34.913,-1.5662362575531006,4.359038829803467,16.41341781616211
35.187,-1.5373164415359497,4.27193021774292,16.479772567749023
35.489,-1.4213504791259766,4.458266258239746,16.503549575805664
35.797,-1.52704918384552,4.30769157409668,16.54631805419922
36.099,-1.52704918384552,4.30769157409668,16.54631805419922
36.4,-1.52704918384552,4.30769157409668,16.54631805419922
36.701,-1.52704918384552,4.30769157409668,16.54631805419922
37.002,-1.52704918384552,4.30769157409668,16.54631805419922
37.303,-1.52704918384552,4.30769157409668,16.54631805419922
37.604,-1.52704918384552,4.30769157409668,16.54631805419922
37.911,-1.52704918384552,4.30769157409668,16.54631805419922
38.213,-1.52704918384552,4.30769157409668,16.54631805419922
38.514,-1.3995729684829712,4.390447616577148,16.87028694152832
38.825,-1.5260907411575317,4.382143497467041,16.943485260009766
39.135,-1.5260907411575317,4.382143497467041,16.943485260009766
39.445,-1.5260907411575317,4.382143497467041,16.943485260009766
39.755,-1.5260907411575317,4.382143497467041,16.943485260009766
40.063,-1.5260907411575317,4.382143497467041,16.943485260009766
40.364,-1.5260907411575317,4.382143497467041,16.943485260009766
40.665,-1.4160547256469727,4.40261697769165,17.223957061767578
40.967,-1.3840683698654175,4.300833225250244,17.287200927734375
41.269,-1.3840683698654175,4.300833225250244,17.287200927734375
41.57,-1.3840683698654175,4.300833225250244,17.287200927734375
41.871,-1.3840683698654175,4.300833225250244,17.287200927734375
42.178,-1.3840683698654175,4.300833225250244,17.287200927734375
42.48,-1.3840683698654175,4.300833225250244,17.287200927734375
42.781,-1.3840683698654175,4.300833225250244,17.287200927734375
43.082,-1.3840683698654175,4.300833225250244,17.287200927734375
43.415,-1.36723792552948,4.353185176849365,17.701738357543945
43.691,-1.457885503768921,4.303882598876953,17.771678924560547
43.993,-1.3835115432739258,4.226917743682861,17.807594299316406
44.301,-1.5243602991104126,4.364221096038818,17.823226928710938
44.603,-1.5243602991104126,4.364221096038818,17.823226928710938
44.904,-1.5111812353134155,4.277726650238037,17.916841506958008
45.206,-1.458824872970581,4.382864952087402,17.980161666870117
45.508,-1.5302232503890991,4.338144302368164,18.026830673217773
45.81,-1.4126317501068115,4.338784217834473,18.083261489868164
46.112,-1.5087552070617676,4.24359130859375,18.097869873046875
46.42,-1.5087552070617676,4.24359130859375,18.097869873046875
46.721,-1.5087552070617676,4.24359130859375,18.097869873046875
47.022,-1.5087552070617676,4.24359130859375,18.097869873046875
47.323,-1.5087552070617676,4.24359130859375,18.097869873046875
47.624,-1.5087552070617676,4.24359130859375,18.097869873046875
47.925,-1.5087552070617676,4.24359130859375,18.097869873046875
48.226,-1.5151007175445557,4.335387229919434,18.484004974365234
48.534,-1.3951860666275024,4.416186809539795,18.517473220825195
48.844,-1.3951860666275024,4.416186809539795,18.517473220825195
49.154,-1.3951860666275024,4.416186809539795,18.517473220825195
49.464,-1.3951860666275024,4.416186809539795,18.517473220825195
49.774,-1.3951860666275024,4.416186809539795,18.517473220825195
50.075,-1.3951860666275024,4.416186809539795,18.517473220825195
50.376,-1.3951860666275024,4.416186809539795,18.517473220825195
50.706,-1.543487310409546,4.286728382110596,18.717073440551758
51.008,-1.543487310409546,4.286728382110596,18.717073440551758
51.309,-1.543487310409546,4.286728382110596,18.717073440551758
51.61,-1.543487310409546,4.286728382110596,18.717073440551758
51.911,-1.543487310409546,4.286728382110596,18.717073440551758
52.212,-1.543487310409546,4.286728382110596,18.717073440551758
52.513,-1.543487310409546,4.286728382110596,18.717073440551758
52.82,-1.543487310409546,4.286728382110596,18.717073440551758
53.122,-1.543487310409546,4.286728382110596,18.717073440551758
53.423,-1.3703017234802246,4.39410924911499,19.186199188232422
53.725,-1.5389333963394165,4.287779808044434,19.240413665771484
54.027,-1.354601263999939,4.431160926818848,19.294713973999023
54.329,-1.5160592794418335,4.279793739318848,19.338871002197266
54.631,-1.4303539991378784,4.320181846618652,19.391019821166992
54.958,-1.4545366764068604,4.33409309387207,19.427026748657227
55.26,-1.4545366764068604,4.33409309387207,19.427026748657227
55.561,-1.3894543647766113,4.3833723068237305,19.55057716369629
55.863,-1.5103222131729126,4.313357830047607,19.608116149902344
56.165,-1.3933430910110474,4.394870281219482,19.65877342224121
56.467,-1.3933430910110474,4.394870281219482,19.65877342224121
56.768,-1.3933430910110474,4.394870281219482,19.65877342224121
57.075,-1.3933430910110474,4.394870281219482,19.65877342224121
57.377,-1.3933430910110474,4.394870281219482,19.65877342224121
57.678,-1.3933430910110474,4.394870281219482,19.65877342224121
57.979,-1.3933430910110474,4.394870281219482,19.65877342224121
58.28,-1.3933430910110474,4.394870281219482,19.65877342224121
58.581,-1.5467543601989746,4.2776875495910645,20.01443862915039
58.892,-1.5467543601989746,4.2776875495910645,20.01443862915039
59.315,-1.5467543601989746,4.2776875495910645,20.01443862915039
59.626,-1.5467543601989746,4.2776875495910645,20.01443862915039
59.927,-1.5467543601989746,4.2776875495910645,20.01443862915039
60.228,-1.5643619298934937,4.298801898956299,20.362991333007812
60.53,-1.3163950443267822,4.375169277191162,20.412084579467773
60.856,-1.633675217628479,4.2114410400390625,20.47722053527832
61.132,-1.6023526191711426,4.266953945159912,20.555301666259766
61.44,-1.6023526191711426,4.266953945159912,20.555301666259766
61.742,-1.6023526191711426,4.266953945159912,20.555301666259766
62.043,-1.6023526191711426,4.266953945159912,20.555301666259766
62.344,-1.6023526191711426,4.266953945159912,20.555301666259766
62.645,-1.6023526191711426,4.266953945159912,20.555301666259766
62.946,-1.6023526191711426,4.266953945159912,20.555301666259766
63.247,-1.6023526191711426,4.266953945159912,20.555301666259766
63.554,-1.4170074462890625,4.31589412689209,21.05721664428711
63.856,-1.4170074462890625,4.31589412689209,21.05721664428711
64.157,-1.4785912036895752,4.3554277420043945,21.172378540039062
64.459,-1.3752644062042236,4.327043533325195,21.19418716430664
64.761,-1.4592716693878174,4.307361602783203,21.26190185546875
65.063,-1.4679542779922485,4.403377532958984,21.301755905151367
65.384,-1.4759160280227661,4.361306190490723,21.372074127197266
65.666,-1.4690247774124146,4.3329596519470215,21.45294189453125
65.968,-1.4690247774124146,4.3329596519470215,21.45294189453125
66.269,-1.4547252655029297,4.282748222351074,21.504274368286133
66.571,-1.4547252655029297,4.282748222351074,21.504274368286133
66.872,-1.4547252655029297,4.282748222351074,21.504274368286133
67.173,-1.4547252655029297,4.282748222351074,21.504274368286133
67.474,-1.4547252655029297,4.282748222351074,21.504274368286133
67.781,-1.4547252655029297,4.282748222351074,21.504274368286133
68.083,-1.4547252655029297,4.282748222351074,21.504274368286133
68.384,-1.4547252655029297,4.282748222351074,21.504274368286133
68.685,-1.4245718717575073,4.304023742675781,21.84964370727539
68.996,-1.4133468866348267,4.337765216827393,21.90997886657715
69.306,-1.4133468866348267,4.337765216827393,21.90997886657715
69.616,-1.4133468866348267,4.337765216827393,21.90997886657715
70.039,-1.4133468866348267,4.337765216827393,21.90997886657715
70.34,-1.4133468866348267,4.337765216827393,21.90997886657715
70.641,-1.411242127418518,4.3659281730651855,22.243074417114258
70.943,-1.5151422023773193,4.372710227966309,22.26692771911621
71.245,-1.4639270305633545,4.382977485656738,22.30390739440918
71.547,-1.4925460815429688,4.268244743347168,22.344327926635742
71.849,-1.4925460815429688,4.268244743347168,22.344327926635742
72.156,-1.4925460815429688,4.268244743347168,22.344327926635742
72.458,-1.4925460815429688,4.268244743347168,22.344327926635742
72.759,-1.4925460815429688,4.268244743347168,22.344327926635742
73.06,-1.4925460815429688,4.268244743347168,22.344327926635742
73.361,-1.4925460815429688,4.268244743347168,22.344327926635742
73.662,-1.4545466899871826,4.321887969970703,22.778806686401367
73.964,-1.4247937202453613,4.3493266105651855,22.769716262817383
74.272,-1.549010992050171,4.312276840209961,22.843231201171875
74.574,-1.549010992050171,4.312276840209961,22.843231201171875
74.875,-1.5035840272903442,4.354169845581055,22.922346115112305
75.177,-1.5000808238983154,4.354540824890137,22.960874557495117
75.479,-1.4110267162322998,4.3170552253723145,23.03936004638672
75.781,-1.498761534690857,4.277194976806641,23.052560806274414
76.083,-1.498761534690857,4.277194976806641,23.052560806274414
76.39,-1.3094953298568726,4.385808944702148,23.25128936767578
76.692,-1.3094953298568726,4.385808944702148,23.25128936767578
76.993,-1.3094953298568726,4.385808944702148,23.25128936767578
77.294,-1.3094953298568726,4.385808944702148,23.25128936767578
77.595,-1.3094953298568726,4.385808944702148,23.25128936767578
77.896,-1.3094953298568726,4.385808944702148,23.25128936767578
78.197,-1.3094953298568726,4.385808944702148,23.25128936767578
78.505,-1.3094953298568726,4.385808944702148,23.25128936767578
78.806,-1.3094953298568726,4.385808944702148,23.25128936767578
79.116,-1.5560283660888672,4.340693950653076,23.545082092285156
79.426,-1.5560283660888672,4.340693950653076,23.545082092285156
79.736,-1.5560283660888672,4.340693950653076,23.545082092285156
80.046,-1.5560283660888672,4.340693950653076,23.545082092285156
80.347,-1.5560283660888672,4.340693950653076,23.545082092285156
80.655,-1.5351239442825317,4.290609836578369,23.794147491455078
80.956,-1.5351239442825317,4.290609836578369,23.794147491455078
81.257,-1.5023897886276245,4.265735149383545,23.879581451416016
81.559,-1.3859840631484985,4.387022018432617,23.959400177001953
81.861,-1.3859840631484985,4.387022018432617,23.959400177001953
82.162,-1.3859840631484985,4.387022018432617,23.959400177001953
82.463,-1.3859840631484985,4.387022018432617,23.959400177001953
82.77,-1.3859840631484985,4.387022018432617,23.959400177001953
83.071,-1.3859840631484985,4.387022018432617,23.959400177001953
83.372,-1.3859840631484985,4.387022018432617,23.959400177001953
83.673,-1.3859840631484985,4.387022018432617,23.959400177001953
83.974,-1.5836838483810425,4.28633451461792,24.398454666137695
84.276,-1.39472234249115,4.416378498077393,24.403663635253906
84.597,-1.5280654430389404,4.249966144561768,24.480464935302734
84.879,-1.6407891511917114,4.275742530822754,24.548898696899414
85.181,-1.6407891511917114,4.275742530822754,24.548898696899414
85.482,-1.6136455535888672,4.209926605224609,24.656755447387695
85.784,-1.381523609161377,4.387772083282471,24.701234817504883
86.086,-1.551369071006775,4.290483474731445,24.74874496459961
86.388,-1.3310978412628174,4.3702192306518555,24.782075881958008
86.69,-1.5477203130722046,4.293623447418213,24.861759185791016
86.998,-1.5477203130722046,4.293623447418213,24.861759185791016
87.3,-1.5477203130722046,4.293623447418213,24.861759185791016
87.601,-1.5477203130722046,4.293623447418213,24.861759185791016
87.902,-1.5477203130722046,4.293623447418213,24.861759185791016
88.203,-1.5477203130722046,4.293623447418213,24.861759185791016
88.504,-1.5477203130722046,4.293623447418213,24.861759185791016
88.805,-1.5477203130722046,4.293623447418213,24.861759185791016
89.247,-1.412795066833496,4.375984191894531,25.31766700744629
89.557,-1.412795066833496,4.375984191894531,25.31766700744629
89.867,-1.412795066833496,4.375984191894531,25.31766700744629
90.168,-1.412795066833496,4.375984191894531,25.31766700744629
90.469,-1.412795066833496,4.375984191894531,25.31766700744629
90.779,-1.4775571823120117,4.309309959411621,25.57754135131836
91.054,-1.4149190187454224,4.327357292175293,25.644874572753906
91.363,-1.5493136644363403,4.301014423370361,25.719518661499023
91.664,-1.5493136644363403,4.301014423370361,25.719518661499023
91.965,-1.5493136644363403,4.301014423370361,25.719518661499023
92.266,-1.5493136644363403,4.301014423370361,25.719518661499023
92.567,-1.5493136644363403,4.301014423370361,25.719518661499023
92.868,-1.5493136644363403,4.301014423370361,25.719518661499023
93.169,-1.5493136644363403,4.301014423370361,25.719518661499023
93.476,-1.5493136644363403,4.301014423370361,25.719518661499023
93.778,-1.5493136644363403,4.301014423370361,25.719518661499023
94.079,-1.4361993074417114,4.3687310218811035,26.087203979492188
94.381,-1.4361993074417114,4.3687310218811035,26.087203979492188
94.682,-1.5408613681793213,4.358867645263672,26.137237548828125
94.984,-1.4198018312454224,4.36836576461792,26.19379997253418
95.306,-1.4581907987594604,4.2995452880859375,26.212615966796875
95.588,-1.475059151649475,4.3484110832214355,26.347549438476562
95.89,-1.475059151649475,4.3484110832214355,26.347549438476562
96.191,-1.4545445442199707,4.3233323097229,26.433639526367188
96.493,-1.4578981399536133,4.370031356811523,26.46784210205078
96.795,-1.5222795009613037,4.3234333992004395,26.48570442199707
97.097,-1.5222795009613037,4.3234333992004395,26.48570442199707
97.398,-1.5222795009613037,4.3234333992004395,26.48570442199707
97.706,-1.5222795009613037,4.3234333992004395,26.48570442199707
98.007,-1.5222795009613037,4.3234333992004395,26.48570442199707
98.308,-1.5222795009613037,4.3234333992004395,26.48570442199707
98.609,-1.5222795009613037,4.3234333992004395,26.48570442199707
98.91,-1.5222795009613037,4.3234333992004395,26.48570442199707
99.22,-1.5222795009613037,4.3234333992004395,26.48570442199707
99.53,-1.5222795009613037,4.3234333992004395,26.48570442199707
99.953,-1.5222795009613037,4.3234333992004395,26.48570442199707
100.254,-1.5222795009613037,4.3234333992004395,26.48570442199707
100.555,-1.8431488275527954,0.22791148722171783,101.8348388671875
100.857,-0.8582355976104736,1.6022344827651978,174.14529418945312
101.158,-26.14373779296875,24.692272186279297,-132.75665283203125
101.489,-87.7040786743164,-162.20684814453125,92.19230651855469
101.764,13.283926010131836,169.82537841796875,-24.36761474609375
102.072,13.283926010131836,169.82537841796875,-24.36761474609375
102.373,13.283926010131836,169.82537841796875,-24.36761474609375
102.674,13.283926010131836,169.82537841796875,-24.36761474609375
102.975,13.283926010131836,169.82537841796875,-24.36761474609375
103.276,13.283926010131836,169.82537841796875,-24.36761474609375
103.577,13.283926010131836,169.82537841796875,-24.36761474609375
103.878,13.283926010131836,169.82537841796875,-24.36761474609375
104.186,-3.3511149883270264,169.80751037597656,-133.7318115234375
104.487,-3.3511149883270264,169.80751037597656,-133.7318115234375
104.788,-3.756380319595337,169.42559814453125,16.019912719726562
105.09,-1.7010146379470825,168.2113494873047,-82.36724853515625
105.392,-3.0395541191101074,168.46119689941406,168.58055114746094
105.694,-1.5945708751678467,168.5443115234375,58.81708908081055
106.018,-1.8896892070770264,166.49481201171875,-50.316009521484375
106.3,0.9647006988525391,167.77056884765625,99.82014465332031
106.602,0.9647006988525391,167.77056884765625,99.82014465332031
106.903,4.222531318664551,170.32943725585938,-120.31072998046875
107.205,4.222531318664551,170.32943725585938,-120.31072998046875
107.506,4.222531318664551,170.32943725585938,-120.31072998046875
107.807,4.222531318664551,170.32943725585938,-120.31072998046875
108.108,4.222531318664551,170.32943725585938,-120.31072998046875
108.415,4.222531318664551,170.32943725585938,-120.31072998046875
108.717,4.222531318664551,170.32943725585938,-120.31072998046875
109.018,4.222531318664551,170.32943725585938,-120.31072998046875
109.328,13.799909591674805,175.0937957763672,62.75699996948242
109.638,13.799909591674805,175.0937957763672,62.75699996948242
109.948,13.799909591674805,175.0937957763672,62.75699996948242
110.258,13.799909591674805,175.0937957763672,62.75699996948242
110.565,13.799909591674805,175.0937957763672,62.75699996948242
110.867,13.799909591674805,175.0937957763672,62.75699996948242
111.168,14.433088302612305,-178.24794006347656,97.77709197998047
111.47,12.21032428741455,-177.08604431152344,11.930475234985352
111.772,14.680036544799805,-173.4110870361328,-80.52784729003906
112.074,18.506641387939453,-172.2769012451172,-171.77227783203125
112.376,18.506641387939453,-172.2769012451172,-171.77227783203125
112.683,18.506641387939453,-172.2769012451172,-171.77227783203125
112.984,18.506641387939453,-172.2769012451172,-171.77227783203125
113.285,18.506641387939453,-172.2769012451172,-171.77227783203125
113.586,18.506641387939453,-172.2769012451172,-171.77227783203125
113.887,18.506641387939453,-172.2769012451172,-171.77227783203125
114.188,18.506641387939453,-172.2769012451172,-171.77227783203125
114.522,11.786893844604492,-169.4026641845703,-153.63682556152344
114.804,11.094918251037598,-171.20603942871094,62.14427947998047
115.105,11.094918251037598,-171.20603942871094,62.14427947998047
115.406,8.923337936401367,-171.77239990234375,-75.1209716796875
115.708,10.679540634155273,-171.0328369140625,-144.6811981201172
116.01,9.327860832214355,-174.13153076171875,146.9254608154297
116.312,7.726992607116699,-177.32382202148438,80.00435638427734
116.614,7.6214752197265625,-177.96340942382812,21.030513763427734
116.922,7.292010307312012,-178.22962951660156,-42.7938346862793
117.224,7.292010307312012,-178.22962951660156,-42.7938346862793
117.525,7.292010307312012,-178.22962951660156,-42.7938346862793
117.826,7.292010307312012,-178.22962951660156,-42.7938346862793
118.127,7.292010307312012,-178.22962951660156,-42.7938346862793
118.428,7.292010307312012,-178.22962951660156,-42.7938346862793
118.729,7.292010307312012,-178.22962951660156,-42.7938346862793
119.036,7.292010307312012,-178.22962951660156,-42.7938346862793
119.347,11.410628318786621,165.73435974121094,159.89926147460938
119.657,11.410628318786621,165.73435974121094,159.89926147460938
119.967,11.410628318786621,165.73435974121094,159.89926147460938
120.277,11.410628318786621,165.73435974121094,159.89926147460938
120.578,11.410628318786621,165.73435974121094,159.89926147460938
120.879,12.594786643981934,149.64352416992188,-27.210474014282227
121.187,19.534414291381836,151.90846252441406,-56.5565299987793
121.488,19.534414291381836,151.90846252441406,-56.5565299987793
121.807,32.51192855834961,170.55075073242188,-99.65143585205078
122.082,32.89051055908203,-168.50894165039062,-138.8892059326172
122.384,32.89051055908203,-168.50894165039062,-138.8892059326172
122.685,32.89051055908203,-168.50894165039062,-138.8892059326172
122.986,32.89051055908203,-168.50894165039062,-138.8892059326172
123.293,32.89051055908203,-168.50894165039062,-138.8892059326172
123.594,32.89051055908203,-168.50894165039062,-138.8892059326172
123.895,32.89051055908203,-168.50894165039062,-138.8892059326172
124.196,32.89051055908203,-168.50894165039062,-138.8892059326172
124.497,-33.02378463745117,114.82487487792969,62.06087112426758
124.799,-42.132102966308594,39.3353385925293,102.95787811279297
125.101,-55.478065490722656,123.03081512451172,26.5179386138916
125.409,-15.52829360961914,166.64419555664062,-20.645084381103516
125.71,-15.52829360961914,166.64419555664062,-20.645084381103516
126.011,16.142669677734375,145.16270446777344,-106.30691528320312
126.334,19.958921432495117,134.21957397460938,-159.18804931640625
126.61,-31.314865112304688,-117.00146484375,62.435569763183594
126.912,-20.61298370361328,-158.80413818359375,-40.820838928222656
127.214,-22.89239501953125,-170.6748046875,-108.43443298339844
127.522,-22.89239501953125,-170.6748046875,-108.43443298339844
127.823,-22.89239501953125,-170.6748046875,-108.43443298339844
128.124,-22.89239501953125,-170.6748046875,-108.43443298339844
128.425,-22.89239501953125,-170.6748046875,-108.43443298339844
128.726,-22.89239501953125,-170.6748046875,-108.43443298339844
129.027,-22.89239501953125,-170.6748046875,-108.43443298339844
129.328,-22.89239501953125,-170.6748046875,-108.43443298339844
129.751,58.37320327758789,-144.1560516357422,-122.7674789428711
130.062,62.67048263549805,-100.33226776123047,12.549203872680664
130.372,62.67048263549805,-100.33226776123047,12.549203872680664
130.673,62.67048263549805,-100.33226776123047,12.549203872680664
130.974,-5.866949081420898,-179.81466674804688,17.823772430419922
131.276,-11.824419021606445,-164.6446075439453,94.66265106201172
131.578,-2.3648650646209717,-168.12583923339844,140.72813415527344
131.886,-5.564831733703613,-170.50006103515625,151.53152465820312
132.187,-5.564831733703613,-170.50006103515625,151.53152465820312
132.488,27.194194793701172,-154.35826110839844,134.18295288085938
132.79,27.194194793701172,-154.35826110839844,134.18295288085938
133.091,27.194194793701172,-154.35826110839844,134.18295288085938
133.392,27.194194793701172,-154.35826110839844,134.18295288085938
133.693,27.194194793701172,-154.35826110839844,134.18295288085938
134,27.194194793701172,-154.35826110839844,134.18295288085938
134.302,27.194194793701172,-154.35826110839844,134.18295288085938
134.603,3.9971864223480225,-175.1527099609375,90.90789031982422
134.905,12.429012298583984,-169.33006286621094,116.2834243774414
135.207,-3.9503419399261475,-173.75082397460938,148.32516479492188
135.509,-19.7051944732666,-179.21470642089844,174.3421173095703
135.811,-18.478242874145508,177.70127868652344,-153.8093719482422
136.119,-10.819907188415527,174.5887451171875,-114.56893920898438
136.421,-10.819907188415527,174.5887451171875,-114.56893920898438
136.722,-10.899881362915039,174.0378875732422,-12.076688766479492
137.045,-2.973572015762329,176.50161743164062,44.052310943603516
137.32,-0.6428993344306946,-172.4889678955078,159.3919219970703
137.621,-0.6428993344306946,-172.4889678955078,159.3919219970703
137.922,-0.6428993344306946,-172.4889678955078,159.3919219970703
138.229,-0.6428993344306946,-172.4889678955078,159.3919219970703
138.53,-0.6428993344306946,-172.4889678955078,159.3919219970703
138.831,-0.6428993344306946,-172.4889678955078,159.3919219970703
139.132,-0.6428993344306946,-172.4889678955078,159.3919219970703
139.433,-0.6428993344306946,-172.4889678955078,159.3919219970703
139.743,-10.42522144317627,-175.41033935546875,23.843355178833008
140.053,-10.42522144317627,-175.41033935546875,23.843355178833008
140.476,-10.42522144317627,-175.41033935546875,23.843355178833008
140.778,-10.42522144317627,-175.41033935546875,23.843355178833008
141.079,3.1660749912261963,-179.17929077148438,-82.10762023925781
141.38,4.871789455413818,-178.7943878173828,-9.67768669128418
141.682,1.3288177251815796,-176.67739868164062,59.288841247558594
141.984,-1.062764286994934,-176.65478515625,116.02617645263672
142.286,-0.3491261601448059,179.89353942871094,171.0981903076172
142.594,2.237122058868408,-179.54443359375,-142.00802612304688
142.896,2.237122058868408,-179.54443359375,-142.00802612304688
143.197,2.237122058868408,-179.54443359375,-142.00802612304688
143.498,2.237122058868408,-179.54443359375,-142.00802612304688
143.799,2.237122058868408,-179.54443359375,-142.00802612304688
144.1,2.237122058868408,-179.54443359375,-142.00802612304688
144.401,2.237122058868408,-179.54443359375,-142.00802612304688
144.728,2.237122058868408,-179.54443359375,-142.00802612304688
145.03,2.237122058868408,-179.54443359375,-142.00802612304688
145.331,-0.4364103674888611,-176.10186767578125,-161.36550903320312
145.633,-3.725600004196167,-178.21177673339844,161.16944885253906
145.935,-4.375493049621582,-177.84786987304688,137.58001708984375
146.237,-1.7244431972503662,-176.0326385498047,130.64967346191406
146.539,-2.5935394763946533,-179.6381072998047,136.24417114257812
146.847,-2.4767980575561523,179.5338592529297,154.40724182128906
147.149,-2.4767980575561523,179.5338592529297,154.40724182128906
147.478,-1.149814248085022,-179.50950622558594,-137.0465850830078
147.78,-1.149814248085022,-179.50950622558594,-137.0465850830078
148.081,-1.149814248085022,-179.50950622558594,-137.0465850830078
148.382,-1.149814248085022,-179.50950622558594,-137.0465850830078
148.683,-1.149814248085022,-179.50950622558594,-137.0465850830078
148.99,-1.149814248085022,-179.50950622558594,-137.0465850830078
149.291,-1.149814248085022,-179.50950622558594,-137.0465850830078
149.592,-1.149814248085022,-179.50950622558594,-137.0465850830078
149.902,4.25353479385376,-167.8050537109375,85.71453094482422
150.212,4.25353479385376,-167.8050537109375,85.71453094482422
150.522,4.25353479385376,-167.8050537109375,85.71453094482422
150.832,4.25353479385376,-167.8050537109375,85.71453094482422
151.139,4.25353479385376,-167.8050537109375,85.71453094482422
151.455,4.25353479385376,-167.8050537109375,85.71453094482422
151.73,0.1920076459646225,-178.21945190429688,9.168814659118652
152.032,2.5542967319488525,-179.71070861816406,9.466472625732422
152.334,2.568523406982422,-178.27064514160156,21.173967361450195
152.636,5.408712387084961,179.65396118164062,37.29543685913086
152.938,5.408712387084961,179.65396118164062,37.29543685913086
153.245,5.408712387084961,179.65396118164062,37.29543685913086
153.546,5.408712387084961,179.65396118164062,37.29543685913086
153.847,5.408712387084961,179.65396118164062,37.29543685913086
154.148,5.408712387084961,179.65396118164062,37.29543685913086
154.449,5.408712387084961,179.65396118164062,37.29543685913086
154.75,5.408712387084961,179.65396118164062,37.29543685913086
155.051,-4.936678886413574,171.3575439453125,-125.45938873291016
155.36,4.9770612716674805,171.69471740722656,-156.00820922851562
155.661,4.9770612716674805,171.69471740722656,-156.00820922851562
155.983,6.430556297302246,172.8303680419922,153.97645568847656
156.258,-2.6607391834259033,-175.80609130859375,129.9501190185547
156.56,-4.314445972442627,179.04327392578125,143.57308959960938
156.862,-5.286645889282227,173.61769104003906,177.00038146972656
157.164,-6.055996417999268,174.7820587158203,-136.10498046875
157.472,-6.378433704376221,-178.76536560058594,-68.52693939208984
157.774,-6.378433704376221,-178.76536560058594,-68.52693939208984
158.075,-6.378433704376221,-178.76536560058594,-68.52693939208984
158.376,-6.378433704376221,-178.76536560058594,-68.52693939208984
158.677,-6.378433704376221,-178.76536560058594,-68.52693939208984
158.978,-6.378433704376221,-178.76536560058594,-68.52693939208984
159.279,-6.378433704376221,-178.76536560058594,-68.52693939208984
159.586,-6.378433704376221,-178.76536560058594,-68.52693939208984
159.888,-6.378433704376221,-178.76536560058594,-68.52693939208984
160.198,2.5365614891052246,-178.4045867919922,137.9008331298828
160.508,2.5365614891052246,-178.4045867919922,137.9008331298828
160.818,2.5365614891052246,-178.4045867919922,137.9008331298828
161.128,2.5365614891052246,-178.4045867919922,137.9008331298828
161.429,2.5365614891052246,-178.4045867919922,137.9008331298828
161.737,2.343782424926758,177.8262176513672,-162.12879943847656
162.038,2.343782424926758,177.8262176513672,-162.12879943847656
162.339,2.713878870010376,-174.88922119140625,100.99396514892578
162.641,1.3843647241592407,-177.0338134765625,-71.19866943359375
162.943,6.002909183502197,-178.16590881347656,164.08445739746094
163.245,6.002909183502197,-178.16590881347656,164.08445739746094
163.546,6.002909183502197,-178.16590881347656,164.08445739746094
163.853,6.002909183502197,-178.16590881347656,164.08445739746094
164.154,6.002909183502197,-178.16590881347656,164.08445739746094
164.455,6.002909183502197,-178.16590881347656,164.08445739746094
164.756,6.002909183502197,-178.16590881347656,164.08445739746094
165.057,-4.404680252075195,178.0474090576172,16.55348777770996
165.359,-6.165180683135986,177.69973754882812,148.38125610351562
165.661,-7.7104010581970215,-173.7216033935547,-70.02630615234375
165.969,-2.5124359130859375,-171.99298095703125,49.85952377319336
166.271,-2.5124359130859375,-171.99298095703125,49.85952377319336
166.572,-3.182413339614868,177.93161010742188,-83.70964050292969
166.874,-2.202169179916382,179.1026153564453,-2.301589012145996
167.176,-7.385137557983398,-170.2350311279297,53.69597244262695
167.478,-7.499845504760742,-164.43582153320312,86.2560806274414
167.795,0.40812861919403076,-169.10580444335938,99.70486450195312
168.103,0.40812861919403076,-169.10580444335938,99.70486450195312
168.405,0.40812861919403076,-169.10580444335938,99.70486450195312
168.706,0.40812861919403076,-169.10580444335938,99.70486450195312
169.007,0.40812861919403076,-169.10580444335938,99.70486450195312
169.308,0.40812861919403076,-169.10580444335938,99.70486450195312
169.609,0.40812861919403076,-169.10580444335938,99.70486450195312
169.91,0.40812861919403076,-169.10580444335938,99.70486450195312
170.333,4.583709716796875,174.84371948242188,-61.839263916015625
170.754,4.583709716796875,174.84371948242188,-61.839263916015625
171.064,4.583709716796875,174.84371948242188,-61.839263916015625
171.365,4.583709716796875,174.84371948242188,-61.839263916015625
171.666,-2.5642142295837402,175.69873046875,-73.69488525390625
171.968,-5.21501350402832,-178.50477600097656,19.127300262451172
172.276,-6.301743984222412,-179.4097137451172,154.33834838867188
172.599,-6.301743984222412,-179.4097137451172,154.33834838867188
172.875,-2.542818784713745,-178.3538055419922,-169.33023071289062
173.176,-2.542818784713745,-178.3538055419922,-169.33023071289062
173.477,-2.542818784713745,-178.3538055419922,-169.33023071289062
173.778,-2.542818784713745,-178.3538055419922,-169.33023071289062
174.079,-2.542818784713745,-178.3538055419922,-169.33023071289062
174.386,-2.542818784713745,-178.3538055419922,-169.33023071289062
174.688,-2.542818784713745,-178.3538055419922,-169.33023071289062
174.989,-2.542818784713745,-178.3538055419922,-169.33023071289062
175.29,3.8866546154022217,-177.8236083984375,-69.51607513427734
175.592,3.524888038635254,-173.01271057128906,-1.8130505084991455
175.894,0.6118844747543335,-177.4757843017578,68.1028060913086
176.196,4.653221607208252,178.84951782226562,128.197509765625
176.504,9.242168426513672,179.71334838867188,-168.9761505126953
176.806,9.242168426513672,179.71334838867188,-168.9761505126953
177.127,-1.237406849861145,179.12289428710938,99.2847900390625
177.403,-5.19407844543457,177.7019805908203,47.266685485839844
177.704,-5.302064895629883,177.74072265625,160.8102569580078
178.006,2.337836503982544,-178.19039916992188,-99.54549407958984
178.308,2.337836503982544,-178.19039916992188,-99.54549407958984
178.615,2.337836503982544,-178.19039916992188,-99.54549407958984
178.917,2.337836503982544,-178.19039916992188,-99.54549407958984
179.218,2.337836503982544,-178.19039916992188,-99.54549407958984
179.519,2.337836503982544,-178.19039916992188,-99.54549407958984
179.82,2.337836503982544,-178.19039916992188,-99.54549407958984
180.121,2.337836503982544,-178.19039916992188,-99.54549407958984
180.431,4.294328689575195,-179.68019104003906,-29.636186599731445
180.854,4.294328689575195,-179.68019104003906,-29.636186599731445
181.165,4.294328689575195,-179.68019104003906,-29.636186599731445
181.466,4.294328689575195,-179.68019104003906,-29.636186599731445
181.767,0.41615718603134155,-175.6990509033203,137.4267578125
182.069,-5.187003135681152,-175.19345092773438,4.063807964324951
182.371,0.8207452893257141,-175.26763916015625,-39.72986602783203
182.673,7.761288642883301,-169.41290283203125,-9.94275951385498
182.982,-0.44210100173950195,-175.26104736328125,105.8366928100586
183.283,-0.44210100173950195,-175.26104736328125,105.8366928100586
183.584,-0.44210100173950195,-175.26104736328125,105.8366928100586
183.885,-0.44210100173950195,-175.26104736328125,105.8366928100586
184.186,-0.44210100173950195,-175.26104736328125,105.8366928100586
184.487,-0.44210100173950195,-175.26104736328125,105.8366928100586
184.788,-0.44210100173950195,-175.26104736328125,105.8366928100586
185.095,-0.44210100173950195,-175.26104736328125,105.8366928100586
185.396,-0.44210100173950195,-175.26104736328125,105.8366928100586
185.697,-10.025646209716797,179.46780395507812,159.36752319335938
185.999,-7.264232635498047,175.8224639892578,-159.6588897705078
186.301,4.267824649810791,174.38858032226562,-123.3196792602539
186.603,-5.344696044921875,-175.16615295410156,74.1381607055664
186.905,-0.6911484003067017,-176.77236938476562,17.87268829345703
187.213,0.208853080868721,-179.84214782714844,-58.61661148071289
187.514,0.208853080868721,-179.84214782714844,-58.61661148071289
187.837,0.3662879765033722,-179.17230224609375,35.27279281616211
188.113,1.9583873748779297,-179.16856384277344,15.347238540649414
188.414,1.9583873748779297,-179.16856384277344,15.347238540649414
188.715,1.9583873748779297,-179.16856384277344,15.347238540649414
189.016,1.9583873748779297,-179.16856384277344,15.347238540649414
189.323,1.9583873748779297,-179.16856384277344,15.347238540649414
189.625,1.9583873748779297,-179.16856384277344,15.347238540649414
189.926,1.9583873748779297,-179.16856384277344,15.347238540649414
190.227,1.9583873748779297,-179.16856384277344,15.347238540649414
190.537,9.831960678100586,-176.36109924316406,-66.94550323486328
190.847,9.831960678100586,-176.36109924316406,-66.94550323486328
191.157,9.831960678100586,-176.36109924316406,-66.94550323486328
191.58,9.831960678100586,-176.36109924316406,-66.94550323486328
191.882,9.831960678100586,-176.36109924316406,-66.94550323486328
192.183,3.783608913421631,-179.36221313476562,-98.4807357788086
192.485,4.002166748046875,-174.83859252929688,162.2527618408203
192.787,1.8377138376235962,-177.66177368164062,76.75566864013672
193.089,-0.23581121861934662,-179.62289428710938,-8.558807373046875
193.391,-2.384526252746582,-178.9198455810547,-86.77298736572266
193.699,-2.384526252746582,-178.9198455810547,-86.77298736572266
194.001,-2.384526252746582,-178.9198455810547,-86.77298736572266
194.302,-2.384526252746582,-178.9198455810547,-86.77298736572266
194.603,-2.384526252746582,-178.9198455810547,-86.77298736572266
194.904,-2.384526252746582,-178.9198455810547,-86.77298736572266
195.205,-2.384526252746582,-178.9198455810547,-86.77298736572266
195.514,-2.384526252746582,-178.9198455810547,-86.77298736572266
195.796,4.898405075073242,-178.2385711669922,45.95523452758789
196.098,4.898405075073242,-178.2385711669922,45.95523452758789
196.399,7.039008617401123,177.56346130371094,-170.18585205078125
196.701,1.1136729717254639,-178.8099822998047,-101.00859069824219
197.003,-5.5059428215026855,-179.96730041503906,-40.767818450927734
197.305,-6.476848125457764,179.63909912109375,7.219515800476074
197.607,-1.803658127784729,-178.84901428222656,40.83048629760742
197.916,3.191250801086426,-179.66920471191406,59.41349411010742
198.217,3.191250801086426,-179.66920471191406,59.41349411010742
198.518,-8.45279312133789,176.39950561523438,67.49649810791016
198.82,-8.45279312133789,176.39950561523438,67.49649810791016
199.121,-8.45279312133789,176.39950561523438,67.49649810791016
199.422,-8.45279312133789,176.39950561523438,67.49649810791016
199.723,-8.45279312133789,176.39950561523438,67.49649810791016
200.03,-8.45279312133789,176.39950561523438,67.49649810791016
200.332,-8.45279312133789,176.39950561523438,67.49649810791016
200.642,-4.49936056137085,174.585693359375,23.51176643371582
200.952,-4.49936056137085,174.585693359375,23.51176643371582
201.262,-4.49936056137085,174.585693359375,23.51176643371582
201.572,-4.49936056137085,174.585693359375,23.51176643371582
201.873,-4.49936056137085,174.585693359375,23.51176643371582
202.181,1.6018614768981934,-178.31101989746094,-178.74647521972656
202.482,1.6018614768981934,-178.31101989746094,-178.74647521972656
202.799,5.793610095977783,-172.53407287597656,-85.88957977294922
203.074,1.7921018600463867,-177.8618621826172,43.272212982177734
203.376,3.0377371311187744,-177.1596221923828,108.79568481445312
203.678,3.0377371311187744,-177.1596221923828,108.79568481445312
203.979,3.0377371311187744,-177.1596221923828,108.79568481445312
204.286,3.0377371311187744,-177.1596221923828,108.79568481445312
204.588,3.0377371311187744,-177.1596221923828,108.79568481445312
204.889,3.0377371311187744,-177.1596221923828,108.79568481445312
205.19,3.0377371311187744,-177.1596221923828,108.79568481445312
205.491,3.0377371311187744,-177.1596221923828,108.79568481445312
205.792,-5.111652374267578,-175.71798706054688,17.326526641845703
206.094,-10.565154075622559,-174.8187713623047,78.89948272705078
206.402,-5.592630386352539,-173.11907958984375,85.38197326660156
206.704,-5.592630386352539,-173.11907958984375,85.38197326660156
207.005,-2.644928216934204,179.66122436523438,151.6412353515625
207.327,-4.248684883117676,178.82948303222656,63.07096481323242
207.603,0.02365833893418312,176.2657928466797,120.31865692138672
207.904,-1.146518588066101,175.88168334960938,-147.3355255126953
208.206,-2.10967755317688,-178.46546936035156,52.668731689453125
208.515,-0.2910083830356598,-179.8311004638672,-129.0803680419922
208.816,-0.2910083830356598,-179.8311004638672,-129.0803680419922
209.117,-0.2910083830356598,-179.8311004638672,-129.0803680419922
209.418,-0.2910083830356598,-179.8311004638672,-129.0803680419922
209.719,-0.2910083830356598,-179.8311004638672,-129.0803680419922
210.02,-0.2910083830356598,-179.8311004638672,-129.0803680419922
210.321,-0.2910083830356598,-179.8311004638672,-129.0803680419922
210.628,-0.2910083830356598,-179.8311004638672,-129.0803680419922
210.939,-0.2910083830356598,-179.8311004638672,-129.0803680419922
211.249,-0.2910083830356598,-179.8311004638672,-129.0803680419922
211.559,-0.2910083830356598,-179.8311004638672,-129.0803680419922
211.869,-0.2910083830356598,-179.8311004638672,-129.0803680419922
212.17,-0.2910083830356598,-179.8311004638672,-129.0803680419922
212.471,-3.6805245876312256,-178.13743591308594,-20.812744140625
212.779,-1.4798979759216309,176.18460083007812,-48.060218811035156
213.081,-1.4798979759216309,176.18460083007812,-48.060218811035156
213.382,-4.5239949226379395,176.7451629638672,54.481300354003906
213.684,-3.7030937671661377,-178.80540466308594,-124.36275482177734
213.986,-3.7030937671661377,-178.80540466308594,-124.36275482177734
214.287,-3.7030937671661377,-178.80540466308594,-124.36275482177734
214.588,-3.7030937671661377,-178.80540466308594,-124.36275482177734
214.895,-3.7030937671661377,-178.80540466308594,-124.36275482177734
215.196,-3.7030937671661377,-178.80540466308594,-124.36275482177734
215.497,-3.7030937671661377,-178.80540466308594,-124.36275482177734
215.831,-3.7030937671661377,-178.80540466308594,-124.36275482177734
216.107,3.0459513664245605,178.7726593017578,88.28688049316406
216.409,1.2961885929107666,-175.27471923828125,7.401057243347168
216.711,-1.23895263671875,-176.75050354003906,-76.80802154541016
217.019,1.450181007385254,-179.2319793701172,179.52484130859375
217.321,1.450181007385254,-179.2319793701172,179.52484130859375
217.622,3.8882079124450684,179.20065307617188,-14.830473899841309
217.924,4.727846622467041,-177.1806640625,-93.02510070800781
218.226,3.063552141189575,-171.9014129638672,-152.56063842773438
218.528,-5.2229790687561035,-167.51705932617188,158.72286987304688
218.83,-6.649195194244385,-168.34852600097656,134.86795043945312
219.138,-6.649195194244385,-168.34852600097656,134.86795043945312
219.44,-6.649195194244385,-168.34852600097656,134.86795043945312
219.741,-6.649195194244385,-168.34852600097656,134.86795043945312
220.042,-6.649195194244385,-168.34852600097656,134.86795043945312
220.343,-6.649195194244385,-168.34852600097656,134.86795043945312
220.644,-6.649195194244385,-168.34852600097656,134.86795043945312
220.954,2.7312347888946533,170.48028564453125,-171.96385192871094
221.377,2.7312347888946533,170.48028564453125,-171.96385192871094
221.688,2.7312347888946533,170.48028564453125,-171.96385192871094
221.989,2.7312347888946533,170.48028564453125,-171.96385192871094
222.29,2.7312347888946533,170.48028564453125,-171.96385192871094
222.566,1.7472738027572632,-177.67123413085938,-61.03874588012695
222.867,-0.5197722911834717,177.0623016357422,33.13820266723633
223.169,2.079694986343384,176.08786010742188,153.96145629882812
223.478,-0.5777544379234314,178.24562072753906,-45.35573196411133
223.779,-0.5777544379234314,178.24562072753906,-45.35573196411133
224.08,-0.5777544379234314,178.24562072753906,-45.35573196411133
224.381,-0.5777544379234314,178.24562072753906,-45.35573196411133
224.682,-0.5777544379234314,178.24562072753906,-45.35573196411133
224.983,-0.5777544379234314,178.24562072753906,-45.35573196411133
225.284,-0.5777544379234314,178.24562072753906,-45.35573196411133
225.591,-0.5777544379234314,178.24562072753906,-45.35573196411133
225.893,-0.5777544379234314,178.24562072753906,-45.35573196411133
226.194,-0.389020174741745,-177.1451873779297,38.04987335205078
226.496,2.54290771484375,177.9241180419922,-113.75624084472656
226.819,-0.4961545765399933,178.49122619628906,88.54136657714844
227.095,-6.4658989906311035,-171.74037170410156,94.03157806396484
227.396,-5.6497111320495605,-178.68141174316406,81.46953582763672
227.705,-3.128035545349121,177.567138671875,94.06610870361328
228.006,-3.128035545349121,177.567138671875,94.06610870361328
228.307,-1.85353684425354,-175.50303649902344,47.72195816040039
228.609,-3.6083145141601562,-178.12733459472656,83.55174255371094
228.911,-2.4032039642333984,-172.4518585205078,128.82879638671875
229.213,-2.4032039642333984,-172.4518585205078,128.82879638671875
229.514,-2.4032039642333984,-172.4518585205078,128.82879638671875
229.821,-2.4032039642333984,-172.4518585205078,128.82879638671875
230.123,-2.4032039642333984,-172.4518585205078,128.82879638671875
230.424,-2.4032039642333984,-172.4518585205078,128.82879638671875
230.725,-2.4032039642333984,-172.4518585205078,128.82879638671875
231.035,-2.4032039642333984,-172.4518585205078,128.82879638671875
231.345,-2.4032039642333984,-172.4518585205078,128.82879638671875
231.655,-2.4032039642333984,-172.4518585205078,128.82879638671875
232.078,-2.4032039642333984,-172.4518585205078,128.82879638671875
232.38,-2.4032039642333984,-172.4518585205078,128.82879638671875
232.681,0.34157273173332214,176.79698181152344,-122.64871978759766
233.001,-1.5807685852050781,172.62677001953125,129.07937622070312
233.277,-0.6843184232711792,179.8663787841797,-49.78313064575195
233.578,-0.8803122639656067,-175.50497436523438,-122.95702362060547
233.88,1.7590065002441406,-172.95880126953125,-178.02761840820312
234.188,1.7590065002441406,-172.95880126953125,-178.02761840820312
234.489,1.7590065002441406,-172.95880126953125,-178.02761840820312
234.79,1.7590065002441406,-172.95880126953125,-178.02761840820312
235.091,1.7590065002441406,-172.95880126953125,-178.02761840820312
235.392,1.7590065002441406,-172.95880126953125,-178.02761840820312
235.693,1.7590065002441406,-172.95880126953125,-178.02761840820312
235.994,1.7590065002441406,-172.95880126953125,-178.02761840820312
236.301,7.51982307434082,-178.82809448242188,72.93425750732422
236.603,7.51982307434082,-178.82809448242188,72.93425750732422
236.904,2.1541221141815186,177.89361572265625,-79.14443969726562
237.206,4.16437292098999,-178.61993408203125,-162.8138885498047
237.529,-1.3144563436508179,-179.62037658691406,131.8245086669922
237.804,-2.882660388946533,179.71092224121094,60.23106002807617
238.106,-1.078687071800232,-178.96810913085938,-10.374458312988281
238.414,2.340348720550537,178.91091918945312,-41.97346115112305
238.716,2.340348720550537,178.91091918945312,-41.97346115112305
239.017,1.5801870822906494,176.45587158203125,18.71466064453125
239.319,1.5801870822906494,176.45587158203125,18.71466064453125
239.62,1.5801870822906494,176.45587158203125,18.71466064453125
239.921,1.5801870822906494,176.45587158203125,18.71466064453125
240.222,1.5801870822906494,176.45587158203125,18.71466064453125
240.529,1.5801870822906494,176.45587158203125,18.71466064453125
240.831,1.5801870822906494,176.45587158203125,18.71466064453125
241.141,1.5801870822906494,176.45587158203125,18.71466064453125
241.451,1.5801870822906494,176.45587158203125,18.71466064453125
241.761,1.5801870822906494,176.45587158203125,18.71466064453125
242.071,1.5801870822906494,176.45587158203125,18.71466064453125
242.372,1.5801870822906494,176.45587158203125,18.71466064453125
242.679,6.5628156661987305,174.97921752929688,-179.54486083984375
242.981,6.5628156661987305,174.97921752929688,-179.54486083984375
243.282,0.6801309585571289,174.59983825683594,155.96142578125
243.584,6.67413854598999,177.15797424316406,109.76460266113281
243.886,10.0994873046875,175.45932006835938,89.87772369384766
244.188,7.243788242340088,-178.10345458984375,176.23924255371094
244.49,7.243788242340088,-178.10345458984375,176.23924255371094
244.798,7.243788242340088,-178.10345458984375,176.23924255371094
245.099,7.243788242340088,-178.10345458984375,176.23924255371094
245.4,7.243788242340088,-178.10345458984375,176.23924255371094
245.701,7.243788242340088,-178.10345458984375,176.23924255371094
246.002,7.243788242340088,-178.10345458984375,176.23924255371094
246.308,7.243788242340088,-178.10345458984375,176.23924255371094
246.584,-0.3041016459465027,-174.94650268554688,73.80415344238281
246.891,-0.4169507920742035,-175.64317321777344,4.0258073806762695
247.193,-0.4169507920742035,-175.64317321777344,4.0258073806762695
247.494,-5.452758312225342,176.59999084472656,-90.65614318847656
247.796,0.9990190863609314,172.4757537841797,-109.58466339111328
248.098,0.6897230744361877,172.73121643066406,-113.24420928955078
248.4,0.20807141065597534,170.36862182617188,-111.60425567626953
248.702,4.792901039123535,166.01385498046875,-104.89299011230469
249.01,-0.10308187454938889,167.76751708984375,-87.37565612792969
249.312,-0.10308187454938889,167.76751708984375,-87.37565612792969
249.613,-0.10308187454938889,167.76751708984375,-87.37565612792969
249.914,-0.10308187454938889,167.76751708984375,-87.37565612792969
250.215,-0.10308187454938889,167.76751708984375,-87.37565612792969
250.516,-0.10308187454938889,167.76751708984375,-87.37565612792969
250.817,-0.10308187454938889,167.76751708984375,-87.37565612792969
251.124,-0.10308187454938889,167.76751708984375,-87.37565612792969
251.434,-0.10308187454938889,167.76751708984375,-87.37565612792969
251.744,-0.10308187454938889,167.76751708984375,-87.37565612792969
252.054,-0.10308187454938889,167.76751708984375,-87.37565612792969
252.364,-0.10308187454938889,167.76751708984375,-87.37565612792969
252.665,-0.10308187454938889,167.76751708984375,-87.37565612792969
252.966,-2.4577343463897705,-178.93994140625,-6.074558258056641
253.274,-3.5695149898529053,-176.7952880859375,162.54678344726562
253.592,-3.5695149898529053,-176.7952880859375,162.54678344726562
253.867,2.2775495052337646,172.85227966308594,-131.77796936035156
254.169,1.0910612344741821,176.25498962402344,166.8372039794922
254.471,1.0910612344741821,176.25498962402344,166.8372039794922
254.772,1.0910612344741821,176.25498962402344,166.8372039794922
255.073,1.0910612344741821,176.25498962402344,166.8372039794922
255.38,1.0910612344741821,176.25498962402344,166.8372039794922
255.682,1.0910612344741821,176.25498962402344,166.8372039794922
255.983,1.0910612344741821,176.25498962402344,166.8372039794922
256.284,1.0910612344741821,176.25498962402344,166.8372039794922
256.585,0.42214903235435486,-178.6027069091797,-109.65806579589844
256.887,8.324058532714844,-178.4437255859375,-77.91606903076172
257.189,13.041587829589844,178.22747802734375,-78.39441680908203
257.498,6.45388126373291,176.1660919189453,-101.6913833618164
257.799,6.45388126373291,176.1660919189453,-101.6913833618164
258.12,5.084793567657471,-171.3402862548828,-116.07288360595703
258.395,3.1389474868774414,-175.86575317382812,-124.47112274169922
258.697,3.128058910369873,-173.12730407714844,-148.42803955078125
258.999,4.859297752380371,-172.3223114013672,166.09829711914062
259.301,-0.2399275004863739,-178.13681030273438,157.43238830566406
259.609,-0.2399275004863739,-178.13681030273438,157.43238830566406
259.911,-0.2399275004863739,-178.13681030273438,157.43238830566406
260.212,-0.2399275004863739,-178.13681030273438,157.43238830566406
260.513,-0.2399275004863739,-178.13681030273438,157.43238830566406
260.814,-0.2399275004863739,-178.13681030273438,157.43238830566406
261.115,-0.2399275004863739,-178.13681030273438,157.43238830566406
261.416,-0.2399275004863739,-178.13681030273438,157.43238830566406
261.839,-4.360149383544922,168.28631591796875,143.30503845214844
262.15,-4.360149383544922,168.28631591796875,143.30503845214844
262.46,-4.360149383544922,168.28631591796875,143.30503845214844
262.761,-4.360149383544922,168.28631591796875,143.30503845214844
263.062,1.0955634117126465,-177.8911590576172,66.89105987548828
263.364,-6.8993072509765625,177.66860961914062,179.03466796875
263.666,-11.412864685058594,173.49609375,-131.15371704101562
263.975,-4.619843006134033,169.1240234375,-125.56241607666016
264.301,-4.619843006134033,169.1240234375,-125.56241607666016
264.602,-4.619843006134033,169.1240234375,-125.56241607666016
264.903,-4.619843006134033,169.1240234375,-125.56241607666016
265.204,-4.619843006134033,169.1240234375,-125.56241607666016
265.505,-4.619843006134033,169.1240234375,-125.56241607666016
265.806,-4.619843006134033,169.1240234375,-125.56241607666016
266.113,-4.619843006134033,169.1240234375,-125.56241607666016
266.415,-4.619843006134033,169.1240234375,-125.56241607666016
266.716,1.4319616556167603,179.93142700195312,127.91073608398438
267.018,3.212395191192627,-179.92222595214844,137.00706481933594
267.32,-1.5828301906585693,-179.4535369873047,161.77566528320312
267.622,-1.1726126670837402,178.03062438964844,-163.18582153320312
267.924,0.48886817693710327,-177.9282989501953,179.23385620117188
268.232,1.7056238651275635,-174.62139892578125,67.48841857910156
268.552,1.7056238651275635,-174.62139892578125,67.48841857910156
268.828,-7.212067127227783,177.52117919921875,-113.99856567382812
269.129,4.475992202758789,175.53125,-52.23651123046875
269.431,-7.007336616516113,-178.41905212402344,143.58908081054688
269.733,-7.007336616516113,-178.41905212402344,143.58908081054688
270.034,-7.007336616516113,-178.41905212402344,143.58908081054688
270.341,-7.007336616516113,-178.41905212402344,143.58908081054688
270.642,-7.007336616516113,-178.41905212402344,143.58908081054688
270.943,-7.007336616516113,-178.41905212402344,143.58908081054688
271.244,-7.007336616516113,-178.41905212402344,143.58908081054688
271.545,-7.007336616516113,-178.41905212402344,143.58908081054688
271.855,-3.397571563720703,-179.21661376953125,9.194709777832031
272.165,-3.397571563720703,-179.21661376953125,9.194709777832031
272.588,-3.397571563720703,-179.21661376953125,9.194709777832031
272.89,-3.397571563720703,-179.21661376953125,9.194709777832031
273.191,-2.7336037158966064,-176.76536560058594,59.53148651123047
273.493,-8.822748184204102,-176.7288055419922,-24.90565299987793
273.795,-6.230579376220703,-177.78143310546875,-105.96607208251953
274.097,0.47406062483787537,-179.13636779785156,-168.24188232421875
274.399,2.5511722564697266,-179.42434692382812,137.34341430664062
274.707,2.0538108348846436,176.53712463378906,101.05851745605469
275.008,2.0538108348846436,176.53712463378906,101.05851745605469
275.309,2.0538108348846436,176.53712463378906,101.05851745605469
275.61,2.0538108348846436,176.53712463378906,101.05851745605469
275.911,2.0538108348846436,176.53712463378906,101.05851745605469
276.212,2.0538108348846436,176.53712463378906,101.05851745605469
276.513,2.0538108348846436,176.53712463378906,101.05851745605469
276.82,-4.416547775268555,-179.64259338378906,-116.68988800048828
277.122,-4.416547775268555,-179.64259338378906,-116.68988800048828
277.423,3.1783323287963867,-178.94009399414062,-8.889520645141602
277.725,1.9902918338775635,-175.01097106933594,-129.80770874023438
278.027,4.270655632019043,-174.28195190429688,128.14541625976562
278.329,2.304508686065674,-177.09854125976562,57.664878845214844
278.631,1.3159000873565674,174.5503692626953,17.037267684936523
278.939,2.1396360397338867,177.18661499023438,28.41128921508789
279.262,2.1396360397338867,177.18661499023438,28.41128921508789
279.537,-4.401188373565674,-178.47027587890625,68.57256317138672
279.839,-4.401188373565674,-178.47027587890625,68.57256317138672
280.14,-4.401188373565674,-178.47027587890625,68.57256317138672
280.441,-4.401188373565674,-178.47027587890625,68.57256317138672
280.742,-4.401188373565674,-178.47027587890625,68.57256317138672
281.049,-4.401188373565674,-178.47027587890625,68.57256317138672
281.35,-4.401188373565674,-178.47027587890625,68.57256317138672
281.651,-4.401188373565674,-178.47027587890625,68.57256317138672
281.961,-2.7154531478881836,-176.65171813964844,152.3980255126953
282.271,-2.7154531478881836,-176.65171813964844,152.3980255126953
282.581,-2.7154531478881836,-176.65171813964844,152.3980255126953
282.891,-2.7154531478881836,-176.65171813964844,152.3980255126953
283.198,-2.7154531478881836,-176.65171813964844,152.3980255126953
283.513,-2.7154531478881836,-176.65171813964844,152.3980255126953
283.789,0.7338123917579651,-168.97604370117188,160.94873046875
284.091,-2.061919689178467,-169.96676635742188,-167.77772521972656
284.393,4.268380165100098,-175.28146362304688,-117.59346008300781
284.695,11.49532699584961,176.10629272460938,-93.89569091796875
284.997,11.49532699584961,176.10629272460938,-93.89569091796875
285.305,11.49532699584961,176.10629272460938,-93.89569091796875
285.606,11.49532699584961,176.10629272460938,-93.89569091796875
285.907,11.49532699584961,176.10629272460938,-93.89569091796875
286.208,11.49532699584961,176.10629272460938,-93.89569091796875
286.509,11.49532699584961,176.10629272460938,-93.89569091796875
286.81,11.49532699584961,176.10629272460938,-93.89569091796875
287.111,2.1591641902923584,-175.1812744140625,-45.3372917175293
287.419,5.797243595123291,-175.16561889648438,-12.483373641967773
287.72,5.797243595123291,-175.16561889648438,-12.483373641967773
288.042,5.4593892097473145,-175.03359985351562,20.621767044067383
288.317,6.3285298347473145,172.94168090820312,1.7937309741973877
288.619,1.7311135530471802,175.14691162109375,-69.59251403808594
288.921,5.735111236572266,178.88839721679688,-142.09011840820312
289.222,4.70822811126709,-177.552978515625,168.4690399169922
289.53,-1.15975022315979,-176.66285705566406,133.66705322265625
289.832,-1.15975022315979,-176.66285705566406,133.66705322265625
290.133,-1.15975022315979,-176.66285705566406,133.66705322265625
290.434,-1.15975022315979,-176.66285705566406,133.66705322265625
290.735,-1.15975022315979,-176.66285705566406,133.66705322265625
291.036,-1.15975022315979,-176.66285705566406,133.66705322265625
291.337,-1.15975022315979,-176.66285705566406,133.66705322265625
291.644,-1.15975022315979,-176.66285705566406,133.66705322265625
291.946,-1.15975022315979,-176.66285705566406,133.66705322265625
292.256,-3.7516801357269287,179.7263946533203,-17.002117156982422
292.566,-3.7516801357269287,179.7263946533203,-17.002117156982422
292.876,-3.7516801357269287,179.7263946533203,-17.002117156982422
293.186,-3.7516801357269287,179.7263946533203,-17.002117156982422
293.487,-3.7516801357269287,179.7263946533203,-17.002117156982422
293.794,-3.016975164413452,178.0146942138672,-99.9330825805664
294.096,-3.016975164413452,178.0146942138672,-99.9330825805664
294.397,-1.5041745901107788,-178.63095092773438,81.2045669555664
294.699,0.13573265075683594,-177.08726501464844,143.60855102539062
295.001,2.4425761699676514,-172.07737731933594,-174.89674377441406
295.303,2.4425761699676514,-172.07737731933594,-174.89674377441406
295.604,2.4425761699676514,-172.07737731933594,-174.89674377441406
295.911,2.4425761699676514,-172.07737731933594,-174.89674377441406
296.212,2.4425761699676514,-172.07737731933594,-174.89674377441406
296.513,2.4425761699676514,-172.07737731933594,-174.89674377441406
296.814,2.4425761699676514,-172.07737731933594,-174.89674377441406
297.115,5.146763324737549,178.87571716308594,70.89794921875
297.417,-1.869789958000183,-176.0742645263672,48.23120880126953
297.719,-6.031157493591309,-172.2022705078125,43.43025588989258
298.027,-6.742237091064453,-173.6004180908203,47.79426193237305
298.329,-6.742237091064453,-173.6004180908203,47.79426193237305
298.63,-7.320431232452393,-175.96116638183594,84.63465118408203
298.932,-2.1165871620178223,-175.85182189941406,112.21220397949219
299.234,8.552450180053711,-176.14999389648438,123.05278015136719
299.536,3.1681458950042725,176.78915405273438,24.20710563659668
299.854,2.2182345390319824,179.7135467529297,104.98321533203125
300.162,2.2182345390319824,179.7135467529297,104.98321533203125
300.463,2.2182345390319824,179.7135467529297,104.98321533203125
300.764,2.2182345390319824,179.7135467529297,104.98321533203125
301.065,2.2182345390319824,179.7135467529297,104.98321533203125
301.366,2.2182345390319824,179.7135467529297,104.98321533203125
301.667,2.2182345390319824,179.7135467529297,104.98321533203125
301.968,2.2182345390319824,179.7135467529297,104.98321533203125
302.392,-5.098471164703369,-178.6046600341797,171.8042755126953
302.812,-5.098471164703369,-178.6046600341797,171.8042755126953
303.122,-5.098471164703369,-178.6046600341797,171.8042755126953
303.423,-5.098471164703369,-178.6046600341797,171.8042755126953
303.724,-1.8328977823257446,-179.9678497314453,-130.2754364013672
304.026,6.210027694702148,-175.61538696289062,-84.93498229980469
304.335,8.950063705444336,-169.9934844970703,-59.19993591308594
304.66,8.950063705444336,-169.9934844970703,-59.19993591308594
304.936,3.7400765419006348,179.4448699951172,66.5904312133789
305.237,3.7400765419006348,179.4448699951172,66.5904312133789
305.538,3.7400765419006348,179.4448699951172,66.5904312133789
305.839,3.7400765419006348,179.4448699951172,66.5904312133789
306.14,3.7400765419006348,179.4448699951172,66.5904312133789
306.447,3.7400765419006348,179.4448699951172,66.5904312133789
306.749,3.7400765419006348,179.4448699951172,66.5904312133789
307.05,3.7400765419006348,179.4448699951172,66.5904312133789
307.351,7.951657772064209,179.20628356933594,-89.1846694946289
307.653,7.951657772064209,179.20628356933594,-89.1846694946289
307.954,1.250450849533081,172.779052734375,157.12677001953125
308.256,-1.1324278116226196,-174.47373962402344,-73.34586334228516
308.564,3.4683854579925537,-174.98390197753906,47.94636917114258
308.866,3.4683854579925537,-174.98390197753906,47.94636917114258
309.188,2.181509494781494,177.2386016845703,112.2870101928711
309.464,6.1377177238464355,-179.51609802246094,-150.0896453857422
309.765,4.025838375091553,-178.0938720703125,80.02902221679688
310.067,3.1267013549804688,-178.34841918945312,-36.88593292236328
310.369,3.1267013549804688,-178.34841918945312,-36.88593292236328
310.676,3.1267013549804688,-178.34841918945312,-36.88593292236328
310.978,3.1267013549804688,-178.34841918945312,-36.88593292236328
311.279,3.1267013549804688,-178.34841918945312,-36.88593292236328
311.58,3.1267013549804688,-178.34841918945312,-36.88593292236328
311.881,3.1267013549804688,-178.34841918945312,-36.88593292236328
312.182,3.1267013549804688,-178.34841918945312,-36.88593292236328
312.492,-1.4102702140808105,-178.5108184814453,-120.3666763305664
312.915,-1.4102702140808105,-178.5108184814453,-120.3666763305664
313.226,-1.4102702140808105,-178.5108184814453,-120.3666763305664
313.527,-1.4102702140808105,-178.5108184814453,-120.3666763305664
313.828,5.660029888153076,172.62939453125,62.551544189453125
314.13,7.27910041809082,174.58642578125,122.11609649658203
314.432,-0.702163577079773,-179.14096069335938,-160.55062866210938
314.734,-4.546716213226318,179.4563446044922,-140.62847900390625
315.043,-5.429323673248291,178.32131958007812,150.35153198242188
315.344,-5.429323673248291,178.32131958007812,150.35153198242188
315.645,-5.429323673248291,178.32131958007812,150.35153198242188
315.946,-5.429323673248291,178.32131958007812,150.35153198242188
316.247,-5.429323673248291,178.32131958007812,150.35153198242188
316.548,-5.429323673248291,178.32131958007812,150.35153198242188
316.849,-5.429323673248291,178.32131958007812,150.35153198242188
317.156,-5.429323673248291,178.32131958007812,150.35153198242188
317.458,-5.429323673248291,178.32131958007812,150.35153198242188
317.759,2.0958638191223145,168.0589599609375,97.81836700439453
318.061,-0.7498106956481934,-177.71485900878906,-12.135130882263184
318.363,1.3839422464370728,-175.77899169921875,-112.58963775634766
318.665,1.3839422464370728,-175.77899169921875,-112.58963775634766
318.966,-2.3663768768310547,-169.40122985839844,-153.81460571289062
319.275,4.945092678070068,-171.9049072265625,174.1717071533203
319.576,4.945092678070068,-171.9049072265625,174.1717071533203
319.899,-7.105400085449219,-175.3246612548828,-22.495981216430664
320.174,-3.5678887367248535,179.3511505126953,-19.04148292541504
320.476,-3.5678887367248535,179.3511505126953,-19.04148292541504
320.777,-3.5678887367248535,179.3511505126953,-19.04148292541504
321.078,-3.5678887367248535,179.3511505126953,-19.04148292541504
321.385,-3.5678887367248535,179.3511505126953,-19.04148292541504
321.686,-3.5678887367248535,179.3511505126953,-19.04148292541504
321.987,-3.5678887367248535,179.3511505126953,-19.04148292541504
322.288,-3.5678887367248535,179.3511505126953,-19.04148292541504
322.598,-1.0939195156097412,-179.1850128173828,144.54627990722656
322.908,-1.0939195156097412,-179.1850128173828,144.54627990722656
323.218,-1.0939195156097412,-179.1850128173828,144.54627990722656
323.641,-1.0939195156097412,-179.1850128173828,144.54627990722656
323.943,-1.0939195156097412,-179.1850128173828,144.54627990722656
324.244,2.0817525386810303,177.0819091796875,-55.18891525268555
324.546,2.673823356628418,173.87466430664062,35.55587387084961
324.848,-3.1307179927825928,178.3078155517578,-174.5777130126953
325.15,-7.647181987762451,178.64527893066406,-61.29280090332031
325.452,-1.0377053022384644,-174.78805541992188,-64.66438293457031
325.76,-1.0377053022384644,-174.78805541992188,-64.66438293457031
326.061,-1.0377053022384644,-174.78805541992188,-64.66438293457031
326.362,-1.0377053022384644,-174.78805541992188,-64.66438293457031
326.663,-1.0377053022384644,-174.78805541992188,-64.66438293457031
326.964,-1.0377053022384644,-174.78805541992188,-64.66438293457031
327.265,-1.0377053022384644,-174.78805541992188,-64.66438293457031
327.576,-1.0377053022384644,-174.78805541992188,-64.66438293457031
327.858,5.646142959594727,-172.60313415527344,-5.071741104125977
328.16,5.646142959594727,-172.60313415527344,-5.071741104125977
328.461,8.893389701843262,179.443359375,-126.10655975341797
328.763,-2.0391056537628174,178.9480438232422,170.34571838378906
329.065,-1.4277353286743164,175.12005615234375,-137.51602172851562
329.367,-3.308457136154175,-178.02882385253906,42.25042724609375
329.669,-3.308457136154175,-178.02882385253906,42.25042724609375
329.977,10.14274787902832,-171.34292602539062,145.0179443359375
330.278,10.14274787902832,-171.34292602539062,145.0179443359375
330.579,-2.0445384979248047,-176.69259643554688,4.720178604125977
330.881,-2.0445384979248047,-176.69259643554688,4.720178604125977
331.182,-2.0445384979248047,-176.69259643554688,4.720178604125977
331.483,-2.0445384979248047,-176.69259643554688,4.720178604125977
331.784,-2.0445384979248047,-176.69259643554688,4.720178604125977
332.091,-2.0445384979248047,-176.69259643554688,4.720178604125977
332.392,-2.0445384979248047,-176.69259643554688,4.720178604125977
332.702,-5.546672344207764,-169.6939697265625,50.59785842895508
333.012,-5.546672344207764,-169.6939697265625,50.59785842895508
333.322,-5.546672344207764,-169.6939697265625,50.59785842895508
333.632,-5.546672344207764,-169.6939697265625,50.59785842895508
333.933,-5.546672344207764,-169.6939697265625,50.59785842895508
334.24,-5.195046901702881,176.6620330810547,-134.36175537109375
334.542,-5.195046901702881,176.6620330810547,-134.36175537109375
334.843,0.1461009830236435,176.95684814453125,-72.64649200439453
335.144,-0.5697601437568665,-177.70697021484375,-125.93275451660156
335.446,-2.9238429069519043,179.81512451171875,162.55116271972656
335.748,-2.9238429069519043,179.81512451171875,162.55116271972656
336.049,-2.9238429069519043,179.81512451171875,162.55116271972656
336.356,-2.9238429069519043,179.81512451171875,162.55116271972656
336.657,-2.9238429069519043,179.81512451171875,162.55116271972656
336.958,-2.9238429069519043,179.81512451171875,162.55116271972656
337.259,-2.9238429069519043,179.81512451171875,162.55116271972656
337.56,-2.9238429069519043,179.81512451171875,162.55116271972656
337.861,1.5386768579483032,-176.63160705566406,-18.646703720092773
338.163,4.827624320983887,-178.07225036621094,14.734503746032715
338.471,6.388100624084473,-179.3157958984375,37.35150909423828
338.773,6.388100624084473,-179.3157958984375,37.35150909423828
339.074,2.3522112369537354,-173.5065460205078,37.7701416015625
339.389,4.6550750732421875,-172.3478240966797,24.775856018066406
339.664,-2.702479600906372,-177.84642028808594,18.11191749572754
339.966,-8.083986282348633,179.8469696044922,39.139869689941406
340.268,-8.083986282348633,179.8469696044922,39.139869689941406
340.575,-2.3637166023254395,175.83566284179688,174.88754272460938
340.877,-2.3637166023254395,175.83566284179688,174.88754272460938
341.178,-2.3637166023254395,175.83566284179688,174.88754272460938
341.479,-2.3637166023254395,175.83566284179688,174.88754272460938
341.78,-2.3637166023254395,175.83566284179688,174.88754272460938
342.081,-2.3637166023254395,175.83566284179688,174.88754272460938
342.382,-2.3637166023254395,175.83566284179688,174.88754272460938
342.689,-2.3637166023254395,175.83566284179688,174.88754272460938
343,-2.3637166023254395,175.83566284179688,174.88754272460938
343.31,-2.3637166023254395,175.83566284179688,174.88754272460938
343.62,-2.3637166023254395,175.83566284179688,174.88754272460938
343.93,-2.3637166023254395,175.83566284179688,174.88754272460938
344.231,-2.3637166023254395,175.83566284179688,174.88754272460938
344.532,-4.2878546714782715,-174.51258850097656,-134.0137939453125
344.84,-1.184014916419983,-176.8807830810547,43.81792449951172
345.141,-1.184014916419983,-176.8807830810547,43.81792449951172
345.442,0.21621349453926086,-179.4077606201172,80.2868423461914
345.744,-0.21218708157539368,-178.78765869140625,-124.29143524169922
346.046,-0.21218708157539368,-178.78765869140625,-124.29143524169922
346.347,-0.21218708157539368,-178.78765869140625,-124.29143524169922
346.648,-0.21218708157539368,-178.78765869140625,-124.29143524169922
346.955,-0.21218708157539368,-178.78765869140625,-124.29143524169922
347.257,-0.21218708157539368,-178.78765869140625,-124.29143524169922
347.558,-0.21218708157539368,-178.78765869140625,-124.29143524169922
347.892,-0.21218708157539368,-178.78765869140625,-124.29143524169922
348.168,-0.45434680581092834,-179.23330688476562,-67.65889739990234
348.47,0.9887704849243164,178.32334899902344,146.42864990234375
348.772,1.5462898015975952,-179.89065551757812,37.32844161987305
349.08,4.953380107879639,-179.59750366210938,-50.79743194580078
349.382,4.953380107879639,-179.59750366210938,-50.79743194580078
349.683,-1.77434504032135,-169.4920196533203,-111.45919799804688
349.985,-4.779741287231445,-175.56478881835938,-98.11466217041016
350.287,-7.255699634552002,177.16830444335938,-67.76738739013672
350.589,-14.449122428894043,178.6282501220703,-58.61138153076172
350.891,4.699009418487549,179.51446533203125,115.64584350585938
351.199,4.699009418487549,179.51446533203125,115.64584350585938
351.501,4.699009418487549,179.51446533203125,115.64584350585938
351.802,4.699009418487549,179.51446533203125,115.64584350585938
352.103,4.699009418487549,179.51446533203125,115.64584350585938
352.404,4.699009418487549,179.51446533203125,115.64584350585938
352.705,4.699009418487549,179.51446533203125,115.64584350585938
353.015,-2.7762951850891113,-178.18052673339844,-81.7361068725586
353.438,-2.7762951850891113,-178.18052673339844,-81.7361068725586
353.749,-2.7762951850891113,-178.18052673339844,-81.7361068725586
354.05,-2.7762951850891113,-178.18052673339844,-81.7361068725586
354.351,3.3938229084014893,-176.83123779296875,53.51513671875
354.653,-3.564446449279785,-175.8802947998047,64.93041229248047
354.955,-6.708315372467041,-176.5572509765625,139.45101928710938
355.257,-5.555759906768799,179.15225219726562,177.1825714111328
355.566,-3.37539005279541,175.52703857421875,-116.72440338134766
355.867,-3.37539005279541,175.52703857421875,-116.72440338134766
356.168,-3.37539005279541,175.52703857421875,-116.72440338134766
356.469,-3.37539005279541,175.52703857421875,-116.72440338134766
356.77,-3.37539005279541,175.52703857421875,-116.72440338134766
357.071,-3.37539005279541,175.52703857421875,-116.72440338134766
357.372,-3.37539005279541,175.52703857421875,-116.72440338134766
357.679,-3.37539005279541,175.52703857421875,-116.72440338134766
357.981,-3.37539005279541,175.52703857421875,-116.72440338134766
358.282,6.070812702178955,175.5679473876953,-10.949319839477539
358.602,-1.0219870805740356,-179.36346435546875,59.63264846801758
358.878,-11.10693645477295,-171.16629028320312,131.21925354003906
359.179,1.5440289974212646,-170.5059051513672,31.995466232299805
359.481,-0.31310346722602844,-174.64283752441406,-24.213674545288086
359.789,0.8207656145095825,178.28091430664062,-20.712509155273438
360.091,0.8207656145095825,178.28091430664062,-20.712509155273438
360.392,-1.8090999126434326,-178.62586975097656,13.585238456726074
360.694,0.26501980423927307,-179.81077575683594,-112.62110900878906
360.996,3.622969150543213,-179.59661865234375,-172.15447998046875
361.297,3.622969150543213,-179.59661865234375,-172.15447998046875
361.598,3.622969150543213,-179.59661865234375,-172.15447998046875
361.905,3.622969150543213,-179.59661865234375,-172.15447998046875
362.207,3.622969150543213,-179.59661865234375,-172.15447998046875
362.508,3.622969150543213,-179.59661865234375,-172.15447998046875
362.809,3.622969150543213,-179.59661865234375,-172.15447998046875
363.138,3.622969150543213,-179.59661865234375,-172.15447998046875
363.448,3.622969150543213,-179.59661865234375,-172.15447998046875
363.758,3.622969150543213,-179.59661865234375,-172.15447998046875
364.181,3.622969150543213,-179.59661865234375,-172.15447998046875
364.507,3.622969150543213,-179.59661865234375,-172.15447998046875
364.783,5.801372051239014,179.14520263671875,-154.16659545898438
365.084,3.6115593910217285,177.8988037109375,-148.05714416503906
365.386,1.0762779712677002,179.7257537841797,-151.60264587402344
365.688,-0.4217970073223114,-177.4042205810547,-162.65003967285156
365.99,0.2885017693042755,-174.5345916748047,-165.7072296142578
366.298,0.2885017693042755,-174.5345916748047,-165.7072296142578
366.599,0.2885017693042755,-174.5345916748047,-165.7072296142578
366.9,0.2885017693042755,-174.5345916748047,-165.7072296142578
367.201,0.2885017693042755,-174.5345916748047,-165.7072296142578
367.502,0.2885017693042755,-174.5345916748047,-165.7072296142578
367.803,0.2885017693042755,-174.5345916748047,-165.7072296142578
368.104,0.2885017693042755,-174.5345916748047,-165.7072296142578
368.411,1.4532368183135986,179.04327392578125,-12.87496280670166
368.712,1.4532368183135986,179.04327392578125,-12.87496280670166
369.035,-5.741150856018066,-176.90415954589844,9.089359283447266
369.31,-1.4576389789581299,177.8106689453125,11.88276481628418
369.612,-5.8989787101745605,178.3739013671875,21.651451110839844
369.913,-7.2426276206970215,-174.07467651367188,-30.043685913085938
370.215,-7.2426276206970215,-174.07467651367188,-30.043685913085938
370.522,2.9142186641693115,-177.95216369628906,45.78199768066406
370.823,2.9142186641693115,-177.95216369628906,45.78199768066406
371.124,-3.847499370574951,-172.27371215820312,14.61910629272461
371.426,-3.847499370574951,-172.27371215820312,14.61910629272461
371.727,-3.847499370574951,-172.27371215820312,14.61910629272461
372.028,-3.847499370574951,-172.27371215820312,14.61910629272461
372.329,-3.847499370574951,-172.27371215820312,14.61910629272461
372.636,-3.847499370574951,-172.27371215820312,14.61910629272461
372.937,-3.847499370574951,-172.27371215820312,14.61910629272461
373.247,-3.847499370574951,-172.27371215820312,14.61910629272461
373.557,-3.847499370574951,-172.27371215820312,14.61910629272461
373.867,-3.847499370574951,-172.27371215820312,14.61910629272461
374.177,-3.847499370574951,-172.27371215820312,14.61910629272461
374.478,-3.847499370574951,-172.27371215820312,14.61910629272461
374.785,0.47408977150917053,-174.4482879638672,28.28374481201172
375.086,0.47408977150917053,-174.4482879638672,28.28374481201172
375.387,-7.661016941070557,-173.2865447998047,46.6376953125
375.689,-7.2227959632873535,-171.960693359375,23.39686393737793
375.991,-6.930144786834717,-172.52105712890625,-33.806331634521484
376.293,-9.859590530395508,-174.0395050048828,-79.82792663574219
376.595,-9.859590530395508,-174.0395050048828,-79.82792663574219
376.902,-9.859590530395508,-174.0395050048828,-79.82792663574219
377.204,-9.859590530395508,-174.0395050048828,-79.82792663574219
377.505,-9.859590530395508,-174.0395050048828,-79.82792663574219
377.806,-9.859590530395508,-174.0395050048828,-79.82792663574219
378.107,-9.859590530395508,-174.0395050048828,-79.82792663574219
378.408,7.632164478302002,-178.281005859375,158.9953155517578
378.71,4.440300464630127,177.10511779785156,145.96656799316406
379.018,0.21199381351470947,171.68515014648438,126.05534362792969
379.32,0.21199381351470947,171.68515014648438,126.05534362792969
379.621,3.6344106197357178,-171.2710723876953,-10.216947555541992
379.923,-3.695338487625122,-169.43692016601562,11.956964492797852
380.225,-4.306748867034912,-171.3765411376953,-10.652012825012207
380.527,-4.951401233673096,-174.2531280517578,-109.50072479248047
380.847,0.4092225134372711,177.541259765625,85.80951690673828
381.129,11.803462028503418,179.22763061523438,-41.386138916015625
381.431,11.803462028503418,179.22763061523438,-41.386138916015625
381.732,11.803462028503418,179.22763061523438,-41.386138916015625
382.033,11.803462028503418,179.22763061523438,-41.386138916015625
382.334,11.803462028503418,179.22763061523438,-41.386138916015625
382.635,11.803462028503418,179.22763061523438,-41.386138916015625
382.936,11.803462028503418,179.22763061523438,-41.386138916015625
383.243,11.803462028503418,179.22763061523438,-41.386138916015625
383.553,11.803462028503418,179.22763061523438,-41.386138916015625
383.863,11.803462028503418,179.22763061523438,-41.386138916015625
384.173,11.803462028503418,179.22763061523438,-41.386138916015625
384.483,11.803462028503418,179.22763061523438,-41.386138916015625
384.784,11.803462028503418,179.22763061523438,-41.386138916015625
385.1,11.803462028503418,179.22763061523438,-41.386138916015625
385.382,4.881032466888428,-177.7522735595703,141.67922973632812
385.684,4.881032466888428,-177.7522735595703,141.67922973632812
385.985,-0.44709137082099915,177.04344177246094,-55.031673431396484
386.287,4.632554054260254,177.25267028808594,-2.2461416721343994
386.589,4.632554054260254,177.25267028808594,-2.2461416721343994
386.89,4.632554054260254,177.25267028808594,-2.2461416721343994
387.191,4.632554054260254,177.25267028808594,-2.2461416721343994
387.498,4.632554054260254,177.25267028808594,-2.2461416721343994
387.8,4.632554054260254,177.25267028808594,-2.2461416721343994
388.101,4.632554054260254,177.25267028808594,-2.2461416721343994
388.402,4.632554054260254,177.25267028808594,-2.2461416721343994
388.703,4.632554054260254,177.25267028808594,-2.2461416721343994
389.004,-2.3285975456237793,-178.94822692871094,-89.18875885009766
389.306,2.8410143852233887,176.09591674804688,-38.43732833862305
389.634,-0.9346622228622437,177.06813049316406,-22.615398406982422
389.936,-0.9346622228622437,177.06813049316406,-22.615398406982422
390.237,1.670684814453125,178.8705596923828,-64.69947814941406
390.539,8.142609596252441,-174.5474090576172,-16.93539810180664
390.841,4.323001861572266,-177.37591552734375,15.133757591247559
391.142,-6.310885429382324,174.67697143554688,9.248534202575684
391.444,-4.16949462890625,178.70245361328125,-58.04033660888672
391.752,-4.16949462890625,178.70245361328125,-58.04033660888672
392.054,-4.16949462890625,178.70245361328125,-58.04033660888672
392.355,-4.16949462890625,178.70245361328125,-58.04033660888672
392.656,-4.16949462890625,178.70245361328125,-58.04033660888672
392.957,-4.16949462890625,178.70245361328125,-58.04033660888672
393.258,-4.16949462890625,178.70245361328125,-58.04033660888672
393.568,-4.16949462890625,178.70245361328125,-58.04033660888672
393.992,-4.16949462890625,178.70245361328125,-58.04033660888672
394.302,-4.16949462890625,178.70245361328125,-58.04033660888672
394.603,-4.16949462890625,178.70245361328125,-58.04033660888672
394.904,-2.4433043003082275,-176.45655822753906,-124.11631774902344
395.206,2.538942337036133,-179.8709259033203,34.0500373840332
395.534,0.7007861733436584,176.80970764160156,-56.8973274230957
395.81,5.100137710571289,-172.82765197753906,-47.07789993286133
396.117,1.3580958843231201,-175.7974090576172,-141.05419921875
396.419,1.3580958843231201,-175.7974090576172,-141.05419921875
396.72,1.3580958843231201,-175.7974090576172,-141.05419921875
397.021,1.3580958843231201,-175.7974090576172,-141.05419921875
397.322,1.3580958843231201,-175.7974090576172,-141.05419921875
397.623,1.3580958843231201,-175.7974090576172,-141.05419921875
397.924,1.3580958843231201,-175.7974090576172,-141.05419921875
398.231,1.3580958843231201,-175.7974090576172,-141.05419921875
398.533,1.3580958843231201,-175.7974090576172,-141.05419921875
398.834,-0.8809608221054077,178.2956085205078,-27.65744972229004
399.136,0.14687837660312653,-178.62130737304688,21.396472930908203
399.438,0.14687837660312653,-178.62130737304688,21.396472930908203
399.739,-5.75687313079834,-173.67942810058594,46.04429626464844
400.062,-6.911624431610107,-177.40650939941406,82.95510864257812
400.344,-8.044585227966309,-176.0668182373047,173.40040588378906
400.646,-8.044585227966309,-176.0668182373047,173.40040588378906
400.947,-2.956010341644287,-178.04983520507812,-78.62767791748047
401.249,-3.875084161758423,-175.0824737548828,9.403706550598145
401.551,-0.6352006793022156,-171.79391479492188,7.151257038116455
401.853,-0.6352006793022156,-171.79391479492188,7.151257038116455
402.154,-0.6352006793022156,-171.79391479492188,7.151257038116455
402.461,-0.6352006793022156,-171.79391479492188,7.151257038116455
402.763,-0.6352006793022156,-171.79391479492188,7.151257038116455
403.064,-0.6352006793022156,-171.79391479492188,7.151257038116455
403.365,-0.6352006793022156,-171.79391479492188,7.151257038116455
403.675,-0.6352006793022156,-171.79391479492188,7.151257038116455
403.985,-0.6352006793022156,-171.79391479492188,7.151257038116455
404.295,-0.6352006793022156,-171.79391479492188,7.151257038116455
404.719,-0.6352006793022156,-171.79391479492188,7.151257038116455
405.02,-0.6352006793022156,-171.79391479492188,7.151257038116455
405.321,-0.17657285928726196,177.22315979003906,82.4334487915039
405.623,0.7189886569976807,-179.0107879638672,77.0052261352539
405.925,3.7076597213745117,176.8075714111328,46.98145294189453
406.243,8.529401779174805,179.90548706054688,58.16892623901367
406.518,0.9247869253158569,176.78305053710938,90.27379608154297
406.826,0.9247869253158569,176.78305053710938,90.27379608154297
407.127,0.9247869253158569,176.78305053710938,90.27379608154297
407.428,0.9247869253158569,176.78305053710938,90.27379608154297
407.729,0.9247869253158569,176.78305053710938,90.27379608154297
408.03,0.9247869253158569,176.78305053710938,90.27379608154297
408.331,0.9247869253158569,176.78305053710938,90.27379608154297
408.632,0.9247869253158569,176.78305053710938,90.27379608154297
408.939,-3.35664701461792,-177.11654663085938,120.97431945800781
409.24,-3.35664701461792,-177.11654663085938,120.97431945800781
409.541,3.1499745845794678,179.9162139892578,22.87892723083496
409.843,-0.14686554670333862,-177.76791381835938,-9.46417236328125
410.145,-8.803723335266113,-177.2758331298828,15.984042167663574
410.447,-4.584753513336182,-177.19207763671875,25.500062942504883
410.77,-4.584753513336182,-177.19207763671875,25.500062942504883
411.052,-2.176999092102051,175.7404022216797,130.09683227539062
411.354,-2.176999092102051,175.7404022216797,130.09683227539062
411.655,-1.6358424425125122,-179.22853088378906,149.14105224609375
411.957,-1.6358424425125122,-179.22853088378906,149.14105224609375
412.258,-1.6358424425125122,-179.22853088378906,149.14105224609375
412.559,-1.6358424425125122,-179.22853088378906,149.14105224609375
412.86,-1.6358424425125122,-179.22853088378906,149.14105224609375
413.167,-1.6358424425125122,-179.22853088378906,149.14105224609375
413.469,-1.6358424425125122,-179.22853088378906,149.14105224609375
413.779,-1.6358424425125122,-179.22853088378906,149.14105224609375
414.089,-1.6358424425125122,-179.22853088378906,149.14105224609375
414.399,-1.6358424425125122,-179.22853088378906,149.14105224609375
414.709,-1.6358424425125122,-179.22853088378906,149.14105224609375
415.01,-1.6358424425125122,-179.22853088378906,149.14105224609375
415.318,-0.9342061877250671,177.6498565673828,-51.634300231933594
415.619,-0.9342061877250671,177.6498565673828,-51.634300231933594
415.92,-2.563211441040039,178.07374572753906,-7.051269054412842
416.222,-1.7163175344467163,-178.2875213623047,36.81687927246094
416.524,-1.7163175344467163,-178.2875213623047,36.81687927246094
416.825,-0.7401458621025085,-178.9606475830078,-23.497663497924805
417.127,-0.7401458621025085,-178.9606475830078,-23.497663497924805
417.434,-0.7401458621025085,-178.9606475830078,-23.497663497924805
417.736,-0.7401458621025085,-178.9606475830078,-23.497663497924805
418.037,-0.7401458621025085,-178.9606475830078,-23.497663497924805
418.338,-0.7401458621025085,-178.9606475830078,-23.497663497924805
418.639,-0.7401458621025085,-178.9606475830078,-23.497663497924805
418.94,-0.7401458621025085,-178.9606475830078,-23.497663497924805
419.241,3.6186654567718506,-174.36724853515625,-162.1988525390625
419.558,2.26232647895813,-169.67758178710938,-159.3425750732422
419.859,2.26232647895813,-169.67758178710938,-159.3425750732422
420.16,1.2055245637893677,-168.28004455566406,-66.22159576416016
420.462,1.8285216093063354,-167.62135314941406,-50.93022537231445
420.764,0.3343367576599121,-167.04978942871094,32.01369094848633
421.065,4.27146053314209,-179.53305053710938,-105.78301239013672
421.367,0.2574820816516876,179.6796417236328,44.31989288330078
421.675,-2.919003486633301,179.4438934326172,53.137969970703125
421.977,-2.919003486633301,179.4438934326172,53.137969970703125
422.278,-2.919003486633301,179.4438934326172,53.137969970703125
422.579,-2.919003486633301,179.4438934326172,53.137969970703125
422.88,-2.919003486633301,179.4438934326172,53.137969970703125
423.181,-2.919003486633301,179.4438934326172,53.137969970703125
423.482,-2.919003486633301,179.4438934326172,53.137969970703125
423.905,-2.919003486633301,179.4438934326172,53.137969970703125
424.216,-2.919003486633301,179.4438934326172,53.137969970703125
424.526,-2.919003486633301,179.4438934326172,53.137969970703125
424.827,-2.919003486633301,179.4438934326172,53.137969970703125
425.128,-2.919003486633301,179.4438934326172,53.137969970703125
425.458,-5.072495460510254,-176.76348876953125,-8.769562721252441
425.733,-4.392526149749756,178.57931518554688,-125.50981903076172
426.042,-4.335933685302734,175.94705200195312,-166.0204315185547
426.343,-4.335933685302734,175.94705200195312,-166.0204315185547
426.644,-1.5047862529754639,174.6219482421875,-163.9906768798828
426.946,0.8488911390304565,177.1580047607422,-168.45401000976562
427.248,0.8488911390304565,177.1580047607422,-168.45401000976562
427.549,0.8488911390304565,177.1580047607422,-168.45401000976562
427.85,0.8488911390304565,177.1580047607422,-168.45401000976562
428.157,0.8488911390304565,177.1580047607422,-168.45401000976562
428.458,0.8488911390304565,177.1580047607422,-168.45401000976562
428.759,0.8488911390304565,177.1580047607422,-168.45401000976562
429.06,0.8488911390304565,177.1580047607422,-168.45401000976562
429.361,9.732492446899414,178.27035522460938,-127.47260284423828
429.663,-0.8919031023979187,-176.32814025878906,-0.023888032883405685
429.985,-4.775415420532227,-178.16758728027344,94.64265441894531
430.268,2.3176827430725098,-175.264404296875,-50.558799743652344
430.569,2.3176827430725098,-175.264404296875,-50.558799743652344
430.87,2.000338315963745,179.9263916015625,134.3112335205078
431.172,0.41158977150917053,178.3070068359375,164.96531677246094
431.474,0.045260246843099594,179.19691467285156,-142.20779418945312
431.776,0.14091914892196655,178.0476531982422,-75.53600311279297
432.078,-4.24204683303833,175.80174255371094,-40.8468017578125
432.386,-4.24204683303833,175.80174255371094,-40.8468017578125
432.687,-4.24204683303833,175.80174255371094,-40.8468017578125
432.988,-4.24204683303833,175.80174255371094,-40.8468017578125
433.289,-4.24204683303833,175.80174255371094,-40.8468017578125
433.59,-4.24204683303833,175.80174255371094,-40.8468017578125
433.9,-4.24204683303833,175.80174255371094,-40.8468017578125
434.21,-4.24204683303833,175.80174255371094,-40.8468017578125
434.633,-4.24204683303833,175.80174255371094,-40.8468017578125
434.935,-4.24204683303833,175.80174255371094,-40.8468017578125
435.236,-3.5030629634857178,175.08920288085938,-41.17839050292969
435.538,-3.243602991104126,174.7130584716797,3.3571970462799072
435.84,-3.243602991104126,174.7130584716797,3.3571970462799072
436.166,-3.243602991104126,174.7130584716797,3.3571970462799072
436.442,1.5755958557128906,177.8015899658203,57.00694274902344
436.75,4.687053203582764,-176.1657257080078,124.06941223144531
437.052,4.687053203582764,-176.1657257080078,124.06941223144531
437.353,4.687053203582764,-176.1657257080078,124.06941223144531
437.654,4.687053203582764,-176.1657257080078,124.06941223144531
437.955,4.687053203582764,-176.1657257080078,124.06941223144531
438.256,4.687053203582764,-176.1657257080078,124.06941223144531
438.557,4.687053203582764,-176.1657257080078,124.06941223144531
438.864,4.687053203582764,-176.1657257080078,124.06941223144531
439.166,4.687053203582764,-176.1657257080078,124.06941223144531
439.467,-3.643601417541504,-179.61598205566406,-153.66986083984375
439.769,0.2295975536108017,175.9069061279297,-179.61448669433594
440.071,7.656354904174805,176.05838012695312,172.59764099121094
440.373,5.34373664855957,-178.41006469726562,179.132080078125
440.695,-2.6874239444732666,-177.531494140625,-168.39846801757812
440.977,-2.2230546474456787,-172.75799560546875,171.74314880371094
441.279,-2.2230546474456787,-172.75799560546875,171.74314880371094
441.58,1.5812592506408691,179.24192810058594,-75.09015655517578
441.882,2.5002851486206055,179.51473999023438,-150.3577423095703
442.184,-2.623898983001709,-177.20791625976562,-156.32693481445312
442.486,-2.623898983001709,-177.20791625976562,-156.32693481445312
442.787,-2.623898983001709,-177.20791625976562,-156.32693481445312
443.094,-2.623898983001709,-177.20791625976562,-156.32693481445312
443.395,-2.623898983001709,-177.20791625976562,-156.32693481445312
443.696,-2.623898983001709,-177.20791625976562,-156.32693481445312
444.006,-2.623898983001709,-177.20791625976562,-156.32693481445312
444.316,-2.623898983001709,-177.20791625976562,-156.32693481445312
444.626,-2.623898983001709,-177.20791625976562,-156.32693481445312
444.936,-2.623898983001709,-177.20791625976562,-156.32693481445312
445.243,-2.623898983001709,-177.20791625976562,-156.32693481445312
445.544,-2.623898983001709,-177.20791625976562,-156.32693481445312
445.845,6.35874605178833,-174.51727294921875,45.08919143676758
446.147,4.980554580688477,-173.03384399414062,58.073402404785156
446.449,9.207212448120117,-177.82644653320312,41.41495895385742
446.751,11.305184364318848,-177.91668701171875,44.3761100769043
447.053,6.06417989730835,-179.97569274902344,98.63421630859375
447.362,-0.859210193157196,172.57725524902344,143.293212890625
447.663,-0.859210193157196,172.57725524902344,143.293212890625
447.964,-0.859210193157196,172.57725524902344,143.293212890625
448.265,-0.859210193157196,172.57725524902344,143.293212890625
448.566,-0.859210193157196,172.57725524902344,143.293212890625
448.867,-0.859210193157196,172.57725524902344,143.293212890625
449.168,-0.859210193157196,172.57725524902344,143.293212890625
449.481,-0.859210193157196,172.57725524902344,143.293212890625
449.783,-0.859210193157196,172.57725524902344,143.293212890625
450.084,-8.496703147888184,179.67996215820312,56.79557800292969
450.386,-2.534661293029785,-176.782958984375,-4.700837135314941
450.688,1.2003260850906372,-179.06240844726562,-37.35582733154297
450.99,3.3946876525878906,179.18272399902344,-29.7917537689209
451.292,2.769068717956543,177.71630859375,-46.776123046875
451.6,-1.147101640701294,175.8496856689453,-89.87142944335938
451.902,-1.147101640701294,175.8496856689453,-89.87142944335938
452.231,2.862748146057129,-178.45489501953125,-158.88426208496094
452.532,2.862748146057129,-178.45489501953125,-158.88426208496094
452.833,2.862748146057129,-178.45489501953125,-158.88426208496094
453.134,2.862748146057129,-178.45489501953125,-158.88426208496094
453.435,2.862748146057129,-178.45489501953125,-158.88426208496094
453.742,2.862748146057129,-178.45489501953125,-158.88426208496094
454.052,2.862748146057129,-178.45489501953125,-158.88426208496094
454.362,2.862748146057129,-178.45489501953125,-158.88426208496094
454.672,2.862748146057129,-178.45489501953125,-158.88426208496094
454.982,2.862748146057129,-178.45489501953125,-158.88426208496094
455.283,2.862748146057129,-178.45489501953125,-158.88426208496094
455.584,-3.077204465866089,176.63165283203125,19.403898239135742
455.892,1.8300317525863647,176.62921142578125,20.573162078857422
456.207,1.8300317525863647,176.62921142578125,20.573162078857422
456.483,-3.0283758640289307,175.3255157470703,-108.7408676147461
456.785,-5.098508358001709,-179.71209716796875,-23.835479736328125
457.087,-5.992598056793213,-174.2642059326172,43.40857696533203
457.389,-1.9300270080566406,-172.6753387451172,128.77850341796875
457.691,-1.9300270080566406,-172.6753387451172,128.77850341796875
457.998,-1.9300270080566406,-172.6753387451172,128.77850341796875
458.3,-1.9300270080566406,-172.6753387451172,128.77850341796875
458.601,-1.9300270080566406,-172.6753387451172,128.77850341796875
458.902,-1.9300270080566406,-172.6753387451172,128.77850341796875
459.203,-1.9300270080566406,-172.6753387451172,128.77850341796875
459.504,-1.9300270080566406,-172.6753387451172,128.77850341796875
459.805,-5.244153022766113,-178.4693603515625,-17.066274642944336
460.113,-3.00824236869812,-178.5480194091797,-119.17218017578125
460.415,-3.00824236869812,-178.5480194091797,-119.17218017578125
460.735,4.038786888122559,-177.95962524414062,82.98906707763672
461.01,12.999704360961914,-179.46633911132812,69.16848754882812
461.312,7.788142204284668,-176.95944213867188,112.95350646972656
461.614,2.8561477661132812,-175.9703826904297,-173.4680938720703
461.916,-0.03348615765571594,178.1577911376953,-26.96595001220703
462.224,-3.369138240814209,176.9761962890625,177.9838409423828
462.525,-3.369138240814209,176.9761962890625,177.9838409423828
462.826,-3.369138240814209,176.9761962890625,177.9838409423828
463.127,-3.369138240814209,176.9761962890625,177.9838409423828
463.428,-3.369138240814209,176.9761962890625,177.9838409423828
463.729,-3.369138240814209,176.9761962890625,177.9838409423828
464.03,-3.369138240814209,176.9761962890625,177.9838409423828
464.453,-3.369138240814209,176.9761962890625,177.9838409423828
464.763,-3.369138240814209,176.9761962890625,177.9838409423828
465.073,-3.369138240814209,176.9761962890625,177.9838409423828
465.374,-3.369138240814209,176.9761962890625,177.9838409423828
465.675,-5.532415866851807,177.87863159179688,-98.76448822021484
465.977,-5.532415866851807,177.87863159179688,-98.76448822021484
466.278,-4.759880542755127,-175.2604522705078,104.15306854248047
466.586,-0.03577612712979317,-173.18896484375,-168.41021728515625
466.916,-0.03577612712979317,-173.18896484375,-168.41021728515625
467.192,0.012709211558103561,-179.26162719726562,-136.61854553222656
467.493,7.149673938751221,179.42837524414062,-108.69440460205078
467.795,7.149673938751221,179.42837524414062,-108.69440460205078
468.096,7.149673938751221,179.42837524414062,-108.69440460205078
468.397,7.149673938751221,179.42837524414062,-108.69440460205078
468.704,7.149673938751221,179.42837524414062,-108.69440460205078
469.006,7.149673938751221,179.42837524414062,-108.69440460205078
469.307,7.149673938751221,179.42837524414062,-108.69440460205078
469.608,7.149673938751221,179.42837524414062,-108.69440460205078
469.909,7.271973609924316,-176.77432250976562,-26.290842056274414
470.21,6.197255611419678,-179.68955993652344,-46.241580963134766
470.512,0.6384857892990112,179.9940643310547,-119.74772644042969
470.82,1.9780683517456055,-176.16148376464844,134.67233276367188
471.122,1.9780683517456055,-176.16148376464844,134.67233276367188
471.423,1.9780683517456055,-176.16148376464844,134.67233276367188
471.724,-2.987013578414917,-176.20562744140625,74.97936248779297
472.026,0.34717857837677,179.21006774902344,6.770607948303223
472.328,2.8250021934509277,174.4252166748047,-45.75749206542969
472.63,0.8878400325775146,171.26988220214844,-92.08515930175781
472.938,0.8878400325775146,171.26988220214844,-92.08515930175781
473.24,0.8878400325775146,171.26988220214844,-92.08515930175781
473.541,0.8878400325775146,171.26988220214844,-92.08515930175781
473.842,0.8878400325775146,171.26988220214844,-92.08515930175781
474.143,0.8878400325775146,171.26988220214844,-92.08515930175781
474.453,0.8878400325775146,171.26988220214844,-92.08515930175781
474.763,0.8878400325775146,171.26988220214844,-92.08515930175781
475.186,0.8878400325775146,171.26988220214844,-92.08515930175781
475.488,0.8878400325775146,171.26988220214844,-92.08515930175781
475.789,1.985599160194397,176.4784698486328,5.2175140380859375
476.091,-2.546700954437256,-177.1417999267578,85.96101379394531
476.393,-1.6963266134262085,-177.39903259277344,-162.63568115234375
476.695,-2.3332648277282715,178.64361572265625,-8.673462867736816
476.997,0.650303840637207,175.0352325439453,130.16781616210938
477.306,-0.3618859648704529,171.19898986816406,-126.44105529785156
477.627,-0.3618859648704529,171.19898986816406,-126.44105529785156
477.928,-0.3618859648704529,171.19898986816406,-126.44105529785156
478.229,-0.3618859648704529,171.19898986816406,-126.44105529785156
478.53,-0.3618859648704529,171.19898986816406,-126.44105529785156
478.831,-0.3618859648704529,171.19898986816406,-126.44105529785156
479.132,-0.3618859648704529,171.19898986816406,-126.44105529785156
479.439,-0.3618859648704529,171.19898986816406,-126.44105529785156
479.74,-0.3618859648704529,171.19898986816406,-126.44105529785156
480.041,1.6161686182022095,-173.69166564941406,108.2469253540039
480.343,7.150548458099365,176.76344299316406,62.80181121826172
480.645,8.35521125793457,174.87525939941406,92.58145141601562
480.947,3.4114315509796143,-179.7228240966797,-170.45803833007812
481.249,-5.013303279876709,179.1796875,-81.04060363769531
481.557,-9.256688117980957,178.0270538330078,-67.23172760009766
481.879,-9.256688117980957,178.0270538330078,-67.23172760009766
482.155,2.5995523929595947,179.09078979492188,-92.31513977050781
482.457,-0.6152684688568115,178.5457305908203,73.73785400390625
482.759,-3.5526270866394043,178.95460510253906,-157.78085327148438
483.061,-3.5526270866394043,178.95460510253906,-157.78085327148438
483.362,-3.5526270866394043,178.95460510253906,-157.78085327148438
483.669,-3.5526270866394043,178.95460510253906,-157.78085327148438
483.971,-3.5526270866394043,178.95460510253906,-157.78085327148438
484.272,-3.5526270866394043,178.95460510253906,-157.78085327148438
484.582,-3.5526270866394043,178.95460510253906,-157.78085327148438
484.892,-3.5526270866394043,178.95460510253906,-157.78085327148438
485.202,-3.5526270866394043,178.95460510253906,-157.78085327148438
485.512,-3.5526270866394043,178.95460510253906,-157.78085327148438
485.819,-3.5526270866394043,178.95460510253906,-157.78085327148438
486.132,-3.5526270866394043,178.95460510253906,-157.78085327148438
486.408,-2.5211598873138428,177.83396911621094,10.762469291687012
486.709,4.251919746398926,-179.54257202148438,12.268237113952637
487.011,3.3106529712677,-178.82374572753906,29.482364654541016
487.313,3.887904644012451,-176.27491760253906,69.11382293701172
487.615,2.939439296722412,-175.4019317626953,-153.0546417236328
487.922,2.939439296722412,-175.4019317626953,-153.0546417236328
488.224,2.939439296722412,-175.4019317626953,-153.0546417236328
488.525,2.939439296722412,-175.4019317626953,-153.0546417236328
488.826,2.939439296722412,-175.4019317626953,-153.0546417236328
489.127,2.939439296722412,-175.4019317626953,-153.0546417236328
489.428,2.939439296722412,-175.4019317626953,-153.0546417236328
489.729,2.939439296722412,-175.4019317626953,-153.0546417236328
490.036,2.939439296722412,-175.4019317626953,-153.0546417236328
490.338,2.939439296722412,-175.4019317626953,-153.0546417236328
490.66,7.183826923370361,-178.58517456054688,-179.63394165039062
490.936,-0.08921197801828384,-178.95225524902344,-154.82464599609375
491.237,-0.25207966566085815,178.16310119628906,-86.05525207519531
491.539,6.503932952880859,176.96311950683594,6.3225250244140625
491.841,4.526032447814941,-175.9335174560547,86.81318664550781
492.149,0.7283455729484558,-175.1529541015625,131.3103485107422
492.45,0.7283455729484558,-175.1529541015625,131.3103485107422
492.751,-4.822737693786621,172.864990234375,91.06330871582031
493.053,1.0479432344436646,-179.65994262695312,115.70024871826172
493.355,1.0479432344436646,-179.65994262695312,115.70024871826172
493.656,1.0479432344436646,-179.65994262695312,115.70024871826172
493.957,1.0479432344436646,-179.65994262695312,115.70024871826172
494.264,1.0479432344436646,-179.65994262695312,115.70024871826172
494.565,1.0479432344436646,-179.65994262695312,115.70024871826172
494.875,1.0479432344436646,-179.65994262695312,115.70024871826172
495.185,1.0479432344436646,-179.65994262695312,115.70024871826172
495.495,1.0479432344436646,-179.65994262695312,115.70024871826172
495.805,1.0479432344436646,-179.65994262695312,115.70024871826172
496.106,1.0479432344436646,-179.65994262695312,115.70024871826172
496.414,1.8667593002319336,-178.93455505371094,-114.64651489257812
496.715,1.8667593002319336,-178.93455505371094,-114.64651489257812
497.016,9.579462051391602,-171.27943420410156,-72.3678970336914
497.318,-1.2051514387130737,-178.55728149414062,-21.357486724853516
497.62,-4.748642921447754,176.13998413085938,-10.293724060058594
497.944,2.8377671241760254,-179.89053344726562,-12.930183410644531
498.245,2.8377671241760254,-179.89053344726562,-12.930183410644531
498.552,2.8377671241760254,-179.89053344726562,-12.930183410644531
498.853,2.8377671241760254,-179.89053344726562,-12.930183410644531
499.154,2.8377671241760254,-179.89053344726562,-12.930183410644531
499.455,2.8377671241760254,-179.89053344726562,-12.930183410644531
499.756,2.8377671241760254,-179.89053344726562,-12.930183410644531
500.057,2.8377671241760254,-179.89053344726562,-12.930183410644531
500.358,0.5141783356666565,178.48756408691406,-76.59178161621094
500.666,2.478842258453369,179.1891632080078,119.8778076171875
500.968,2.478842258453369,179.1891632080078,119.8778076171875
501.269,1.2875981330871582,-179.9000244140625,127.17996978759766
501.571,1.8267529010772705,178.06521606445312,-49.71525192260742
501.873,3.5261101722717285,-179.5496826171875,153.894287109375
502.195,-0.4466954171657562,177.99085998535156,19.49017333984375
502.471,-9.835875511169434,-178.1343231201172,-154.7730255126953
502.778,-6.443843364715576,-177.1431884765625,155.21461486816406
503.08,-6.443843364715576,-177.1431884765625,155.21461486816406
503.381,-6.443843364715576,-177.1431884765625,155.21461486816406
503.682,-6.443843364715576,-177.1431884765625,155.21461486816406
503.983,-6.443843364715576,-177.1431884765625,155.21461486816406
504.284,-6.443843364715576,-177.1431884765625,155.21461486816406
504.585,-6.443843364715576,-177.1431884765625,155.21461486816406
505.008,-6.443843364715576,-177.1431884765625,155.21461486816406
505.429,-6.443843364715576,-177.1431884765625,155.21461486816406
505.739,-6.443843364715576,-177.1431884765625,155.21461486816406
506.04,-6.443843364715576,-177.1431884765625,155.21461486816406
506.341,5.411787033081055,179.72076416015625,126.06373596191406
506.643,-4.666792392730713,174.6370849609375,163.57887268066406
506.951,-7.31619930267334,175.22227478027344,-169.63377380371094
507.274,-7.31619930267334,175.22227478027344,-169.63377380371094
507.55,-0.9752213954925537,176.02235412597656,-45.92738342285156
507.852,1.6220604181289673,179.60227966308594,-170.02365112304688
508.154,3.2042975425720215,-178.78150939941406,113.78532409667969
508.456,3.2042975425720215,-178.78150939941406,113.78532409667969
508.757,3.2042975425720215,-178.78150939941406,113.78532409667969
509.064,3.2042975425720215,-178.78150939941406,113.78532409667969
509.366,3.2042975425720215,-178.78150939941406,113.78532409667969
509.667,3.2042975425720215,-178.78150939941406,113.78532409667969
509.968,3.2042975425720215,-178.78150939941406,113.78532409667969
510.269,3.2042975425720215,-178.78150939941406,113.78532409667969
510.57,0.18140959739685059,173.20726013183594,95.12274932861328
510.872,-5.2452545166015625,168.3959197998047,81.48710632324219
511.181,-9.848810195922852,-178.68763732910156,18.227474212646484
511.482,-9.848810195922852,-178.68763732910156,18.227474212646484
511.803,5.4164719581604,175.64158630371094,-57.0690803527832
512.078,-4.735466957092285,178.25396728515625,-77.52249908447266
512.38,0.2552415728569031,-172.5909881591797,-111.74653625488281
512.682,4.828802585601807,-172.24551391601562,-133.99160766601562
512.984,-1.1112645864486694,-175.78012084960938,-104.1566162109375
513.293,0.7444674968719482,-175.82254028320312,-61.67701721191406
513.594,0.7444674968719482,-175.82254028320312,-61.67701721191406
513.895,0.7444674968719482,-175.82254028320312,-61.67701721191406
514.196,0.7444674968719482,-175.82254028320312,-61.67701721191406
514.497,0.7444674968719482,-175.82254028320312,-61.67701721191406
514.798,0.7444674968719482,-175.82254028320312,-61.67701721191406
515.108,0.7444674968719482,-175.82254028320312,-61.67701721191406
515.531,0.7444674968719482,-175.82254028320312,-61.67701721191406
515.841,0.7444674968719482,-175.82254028320312,-61.67701721191406
516.142,0.7444674968719482,-175.82254028320312,-61.67701721191406
516.443,-6.120019435882568,-176.65040588378906,164.86399841308594
516.745,-2.741126537322998,-175.1288604736328,-92.93547058105469
517.047,2.9952876567840576,-178.70733642578125,55.674949645996094
517.349,1.0826205015182495,174.62582397460938,87.17294311523438
517.657,-2.535046100616455,178.48431396484375,-2.5532798767089844
517.984,-2.535046100616455,178.48431396484375,-2.5532798767089844
518.26,9.855411529541016,-176.05792236328125,-132.3614044189453
518.562,9.855411529541016,-176.05792236328125,-132.3614044189453
518.863,9.855411529541016,-176.05792236328125,-132.3614044189453
519.164,9.855411529541016,-176.05792236328125,-132.3614044189453
519.465,9.855411529541016,-176.05792236328125,-132.3614044189453
519.772,9.855411529541016,-176.05792236328125,-132.3614044189453
520.074,9.855411529541016,-176.05792236328125,-132.3614044189453
520.375,9.855411529541016,-176.05792236328125,-132.3614044189453
520.676,-2.9797844886779785,-178.27987670898438,-141.22567749023438
520.978,-7.523463249206543,177.956787109375,169.38011169433594
521.28,1.2826734781265259,174.60321044921875,-122.62876892089844
521.582,3.5019755363464355,-179.67774963378906,-8.060894012451172
521.89,-3.575587272644043,-176.9739990234375,90.98921203613281
522.192,-3.575587272644043,-176.9739990234375,90.98921203613281
522.512,-1.554398775100708,-176.8770294189453,48.308326721191406
522.788,6.660643100738525,175.94065856933594,154.43284606933594
523.089,0.5978129506111145,174.37850952148438,124.54296875
523.391,-4.6956377029418945,175.2017059326172,23.5213565826416
523.692,-4.6956377029418945,175.2017059326172,23.5213565826416
523.999,-4.6956377029418945,175.2017059326172,23.5213565826416
524.3,-4.6956377029418945,175.2017059326172,23.5213565826416
524.601,-4.6956377029418945,175.2017059326172,23.5213565826416
524.902,-4.6956377029418945,175.2017059326172,23.5213565826416
525.212,-4.6956377029418945,175.2017059326172,23.5213565826416
525.522,-4.6956377029418945,175.2017059326172,23.5213565826416
525.832,-4.6956377029418945,175.2017059326172,23.5213565826416
526.255,-4.6956377029418945,175.2017059326172,23.5213565826416
526.557,-4.6956377029418945,175.2017059326172,23.5213565826416
526.858,-4.418369293212891,178.38876342773438,42.34424591064453
527.16,-1.0713486671447754,-177.3278350830078,-113.1669692993164
527.462,0.036113180220127106,175.4000701904297,13.271047592163086
527.764,-6.598165512084961,176.14796447753906,30.37359046936035
528.066,-0.43336305022239685,-176.71340942382812,-25.74451446533203
528.375,0.9791194200515747,177.8309783935547,-103.83004760742188
528.676,0.9791194200515747,177.8309783935547,-103.83004760742188
528.977,0.9791194200515747,177.8309783935547,-103.83004760742188
529.278,0.9791194200515747,177.8309783935547,-103.83004760742188
529.579,0.9791194200515747,177.8309783935547,-103.83004760742188
529.88,0.9791194200515747,177.8309783935547,-103.83004760742188
530.181,0.9791194200515747,177.8309783935547,-103.83004760742188
530.488,0.9791194200515747,177.8309783935547,-103.83004760742188
530.79,0.9791194200515747,177.8309783935547,-103.83004760742188
531.091,-5.451974868774414,168.84066772460938,160.87644958496094
531.393,-5.119484901428223,-178.5663299560547,127.99002075195312
531.695,-0.2659761905670166,-172.6667938232422,84.12724304199219
531.997,2.038792371749878,-175.4153289794922,56.51479721069336
532.299,-6.223266124725342,-179.2075653076172,105.73297119140625
532.607,-0.6275979280471802,177.87283325195312,-92.7286605834961
532.909,-0.6275979280471802,177.87283325195312,-92.7286605834961
533.221,-0.8864153623580933,-176.02484130859375,-105.40354919433594
533.496,11.716124534606934,-168.91952514648438,-81.01459503173828
533.798,11.716124534606934,-168.91952514648438,-81.01459503173828
534.099,11.716124534606934,-168.91952514648438,-81.01459503173828
534.4,11.716124534606934,-168.91952514648438,-81.01459503173828
534.707,11.716124534606934,-168.91952514648438,-81.01459503173828
535.008,11.716124534606934,-168.91952514648438,-81.01459503173828
535.318,11.716124534606934,-168.91952514648438,-81.01459503173828
535.628,11.716124534606934,-168.91952514648438,-81.01459503173828
535.938,11.716124534606934,-168.91952514648438,-81.01459503173828
536.248,11.716124534606934,-168.91952514648438,-81.01459503173828
536.549,11.716124534606934,-168.91952514648438,-81.01459503173828
536.856,11.716124534606934,-168.91952514648438,-81.01459503173828
537.158,11.716124534606934,-168.91952514648438,-81.01459503173828
537.473,-4.389581680297852,179.3111114501953,-26.2023983001709
537.749,-5.187396049499512,-179.76414489746094,40.264930725097656
538.05,-5.2440948486328125,-178.02682495117188,67.50800323486328
538.352,-6.3358588218688965,-175.61029052734375,78.21560668945312
538.654,-5.165956020355225,-173.69387817382812,57.65509033203125
538.962,-5.165956020355225,-173.69387817382812,57.65509033203125
539.264,-5.165956020355225,-173.69387817382812,57.65509033203125
539.565,-5.165956020355225,-173.69387817382812,57.65509033203125
539.866,-5.165956020355225,-173.69387817382812,57.65509033203125
540.167,-5.165956020355225,-173.69387817382812,57.65509033203125
540.468,-5.165956020355225,-173.69387817382812,57.65509033203125
540.769,-5.165956020355225,-173.69387817382812,57.65509033203125
541.076,1.673216462135315,178.13307189941406,-69.64987182617188
541.378,1.673216462135315,178.13307189941406,-69.64987182617188
541.679,-7.003483295440674,178.73387145996094,-47.16702651977539
542.001,-4.946697235107422,176.34571838378906,-74.66162872314453
542.276,5.114138603210449,-179.80267333984375,13.080269813537598
542.578,1.8269654512405396,175.0778350830078,74.16707611083984
542.88,0.9604931473731995,175.38136291503906,85.54222106933594
543.188,3.9493162631988525,179.1870574951172,88.83202362060547
543.49,3.9493162631988525,179.1870574951172,88.83202362060547
543.791,0.7859867811203003,177.964111328125,-162.20077514648438
544.093,0.7859867811203003,177.964111328125,-162.20077514648438
544.394,0.7859867811203003,177.964111328125,-162.20077514648438
544.695,0.7859867811203003,177.964111328125,-162.20077514648438
544.996,0.7859867811203003,177.964111328125,-162.20077514648438
545.304,0.7859867811203003,177.964111328125,-162.20077514648438
545.614,0.7859867811203003,177.964111328125,-162.20077514648438
545.924,0.7859867811203003,177.964111328125,-162.20077514648438
546.234,0.7859867811203003,177.964111328125,-162.20077514648438
546.544,0.7859867811203003,177.964111328125,-162.20077514648438
546.845,0.7859867811203003,177.964111328125,-162.20077514648438
547.146,5.2210259437561035,175.65760803222656,127.90682983398438
547.455,5.058923721313477,178.08157348632812,156.54595947265625
547.756,5.058923721313477,178.08157348632812,156.54595947265625
548.057,-5.436090469360352,170.23074340820312,-75.08937072753906
548.359,0.4326660931110382,170.86117553710938,16.000579833984375
548.661,-2.259037733078003,176.07998657226562,95.1374740600586
548.963,-7.804734230041504,179.8225860595703,113.55211639404297
549.265,-7.804734230041504,179.8225860595703,113.55211639404297
549.572,-7.804734230041504,179.8225860595703,113.55211639404297
549.874,-7.804734230041504,179.8225860595703,113.55211639404297
550.175,-7.804734230041504,179.8225860595703,113.55211639404297
550.476,-7.804734230041504,179.8225860595703,113.55211639404297
550.777,-7.804734230041504,179.8225860595703,113.55211639404297
551.078,2.139888286590576,-177.75831604003906,39.217628479003906
551.38,2.449141025543213,-177.56539916992188,41.606929779052734
551.688,1.0387344360351562,-179.5164337158203,70.89983367919922
551.99,1.0387344360351562,-179.5164337158203,70.89983367919922
552.291,6.204154014587402,177.9918212890625,81.43582916259766
552.593,4.398727893829346,-175.69467163085938,88.03660583496094
552.895,-0.9350599646568298,-177.794189453125,129.17127990722656
553.197,0.8803472518920898,-177.46734619140625,-152.9523468017578
553.499,1.3342124223709106,-174.52847290039062,-65.8233871459961
553.82,-0.41837453842163086,-178.0887908935547,7.069269180297852
554.121,-0.41837453842163086,-178.0887908935547,7.069269180297852
554.422,-0.41837453842163086,-178.0887908935547,7.069269180297852
554.723,-0.41837453842163086,-178.0887908935547,7.069269180297852
555.024,-0.41837453842163086,-178.0887908935547,7.069269180297852
555.325,-0.41837453842163086,-178.0887908935547,7.069269180297852
555.635,-0.41837453842163086,-178.0887908935547,7.069269180297852
556.058,-0.41837453842163086,-178.0887908935547,7.069269180297852
556.369,-0.41837453842163086,-178.0887908935547,7.069269180297852
556.67,-0.41837453842163086,-178.0887908935547,7.069269180297852
556.971,-1.87273371219635,179.68199157714844,60.56649398803711
557.273,2.3859546184539795,-177.45339965820312,156.80953979492188
557.575,3.7831873893737793,-174.23272705078125,-95.19005584716797
557.877,3.293731689453125,-177.5812225341797,-16.93488311767578
558.185,0.03255895897746086,-176.73281860351562,17.766817092895508
558.487,0.03255895897746086,-176.73281860351562,17.766817092895508
558.788,3.6031875610351562,178.15220642089844,-15.986931800842285
559.09,0.1575671285390854,-178.92344665527344,-62.51594161987305
559.392,0.1575671285390854,-178.92344665527344,-62.51594161987305
559.693,0.1575671285390854,-178.92344665527344,-62.51594161987305
559.994,0.1575671285390854,-178.92344665527344,-62.51594161987305
560.301,0.1575671285390854,-178.92344665527344,-62.51594161987305
560.603,0.1575671285390854,-178.92344665527344,-62.51594161987305
560.904,0.1575671285390854,-178.92344665527344,-62.51594161987305
561.214,0.1575671285390854,-178.92344665527344,-62.51594161987305
561.49,-2.6535348892211914,178.95599365234375,-90.8734359741211
561.791,-1.3016527891159058,-175.12376403808594,-1.6356465816497803
562.093,-1.1887089014053345,-175.50428771972656,45.00709915161133
562.402,3.0431556701660156,179.03192138671875,56.04114532470703
562.703,3.0431556701660156,179.03192138671875,56.04114532470703
563.004,-0.34776005148887634,176.25682067871094,-50.23045349121094
563.306,2.183828592300415,-177.30149841308594,-154.03802490234375
563.608,2.531672477722168,-178.58694458007812,92.82799530029297
563.91,1.3990752696990967,179.03330993652344,-47.5863151550293
564.212,3.3085219860076904,178.20364379882812,179.136474609375
564.52,3.3085219860076904,178.20364379882812,179.136474609375
564.822,3.3085219860076904,178.20364379882812,179.136474609375
565.123,3.3085219860076904,178.20364379882812,179.136474609375
565.424,3.3085219860076904,178.20364379882812,179.136474609375
565.734,3.3085219860076904,178.20364379882812,179.136474609375
566.044,3.3085219860076904,178.20364379882812,179.136474609375
566.354,3.3085219860076904,178.20364379882812,179.136474609375
566.777,3.3085219860076904,178.20364379882812,179.136474609375
567.078,3.3085219860076904,178.20364379882812,179.136474609375
567.396,0.08253080397844315,179.32949829101562,107.68720245361328
567.671,4.680882453918457,-178.96067810058594,-161.83311462402344
567.973,6.588018894195557,-176.83154296875,-118.36784362792969
568.275,12.237220764160156,176.06103515625,-105.46025848388672
568.577,2.0380074977874756,163.7865447998047,-143.94549560546875
568.885,6.282456874847412,167.24740600585938,-135.40652465820312
569.186,6.282456874847412,167.24740600585938,-135.40652465820312
569.487,6.282456874847412,167.24740600585938,-135.40652465820312
569.788,6.282456874847412,167.24740600585938,-135.40652465820312
570.089,6.282456874847412,167.24740600585938,-135.40652465820312
570.39,6.282456874847412,167.24740600585938,-135.40652465820312
570.691,6.282456874847412,167.24740600585938,-135.40652465820312
570.998,6.282456874847412,167.24740600585938,-135.40652465820312
571.3,6.282456874847412,167.24740600585938,-135.40652465820312
571.601,1.1632345914840698,176.64157104492188,77.15872192382812
571.925,2.4103543758392334,177.24072265625,52.407012939453125
572.201,10.463468551635742,-178.03721618652344,24.584049224853516
572.502,6.360734462738037,-175.56585693359375,19.09258270263672
572.804,4.938967704772949,-176.63284301757812,28.41631507873535
573.113,3.5719869136810303,-178.58401489257812,54.0240364074707
573.414,3.5719869136810303,-178.58401489257812,54.0240364074707
573.715,1.0932176113128662,172.6018829345703,79.84329223632812
574.017,4.678613185882568,178.04055786132812,76.17671966552734
574.319,-1.6267478466033936,-178.06991577148438,81.34014129638672
574.621,-1.6267478466033936,-178.06991577148438,81.34014129638672
574.922,-1.6267478466033936,-178.06991577148438,81.34014129638672
575.23,-1.6267478466033936,-178.06991577148438,81.34014129638672
575.531,-1.6267478466033936,-178.06991577148438,81.34014129638672
575.841,-1.6267478466033936,-178.06991577148438,81.34014129638672
576.151,-1.6267478466033936,-178.06991577148438,81.34014129638672
576.461,-1.6267478466033936,-178.06991577148438,81.34014129638672
576.771,-1.6267478466033936,-178.06991577148438,81.34014129638672
577.072,-1.6267478466033936,-178.06991577148438,81.34014129638672
577.379,1.9705959558486938,-171.76318359375,8.734273910522461
577.681,1.9705959558486938,-171.76318359375,8.734273910522461
577.982,1.0692676305770874,-177.8800506591797,79.78917694091797
578.284,0.9310348629951477,-179.02906799316406,-169.3168487548828
578.586,0.6179926991462708,-177.1277618408203,-55.31072235107422
578.888,1.1907817125320435,-177.2861328125,56.59273910522461
579.21,3.5445399284362793,-177.84722900390625,113.16680908203125
579.517,3.5445399284362793,-177.84722900390625,113.16680908203125
579.819,3.5445399284362793,-177.84722900390625,113.16680908203125
580.12,3.5445399284362793,-177.84722900390625,113.16680908203125
580.421,3.5445399284362793,-177.84722900390625,113.16680908203125
580.722,3.5445399284362793,-177.84722900390625,113.16680908203125
581.023,3.5445399284362793,-177.84722900390625,113.16680908203125
581.324,3.5445399284362793,-177.84722900390625,113.16680908203125
581.631,8.013951301574707,178.3897247314453,168.46875
581.933,8.013951301574707,178.3897247314453,168.46875
582.234,5.707273006439209,178.98922729492188,153.92562866210938
582.536,7.463409900665283,178.99310302734375,152.75799560546875
582.838,-0.126557856798172,175.92868041992188,150.61387634277344
583.14,-5.380500316619873,171.49082946777344,136.57557678222656
583.462,1.6162151098251343,174.87591552734375,118.98899841308594
583.744,-6.781386375427246,-179.0465087890625,69.2237777709961
584.046,-6.781386375427246,-179.0465087890625,69.2237777709961
584.347,7.561509132385254,-175.388671875,-3.2777915000915527
584.648,7.561509132385254,-175.388671875,-3.2777915000915527
584.949,7.561509132385254,-175.388671875,-3.2777915000915527
585.25,7.561509132385254,-175.388671875,-3.2777915000915527
585.551,7.561509132385254,-175.388671875,-3.2777915000915527
585.974,7.561509132385254,-175.388671875,-3.2777915000915527
586.285,7.561509132385254,-175.388671875,-3.2777915000915527
586.595,7.561509132385254,-175.388671875,-3.2777915000915527
586.896,7.561509132385254,-175.388671875,-3.2777915000915527
587.197,4.037687301635742,178.12728881835938,-4.090776443481445
587.499,5.437475681304932,-179.97763061523438,7.135395526885986
587.801,4.210598945617676,-177.36195373535156,70.27447509765625
588.11,0.8597651720046997,179.00433349609375,151.38893127441406
588.411,0.8597651720046997,179.00433349609375,151.38893127441406
588.712,-5.684391498565674,177.61691284179688,-91.68447875976562
589.014,0.14280252158641815,-178.29507446289062,87.14480590820312
589.316,-0.5221447348594666,178.5803680419922,-145.5652618408203
589.618,3.2007832527160645,-179.0539093017578,97.21269226074219
589.92,3.2007832527160645,-179.0539093017578,97.21269226074219
590.227,3.2007832527160645,-179.0539093017578,97.21269226074219
590.528,3.2007832527160645,-179.0539093017578,97.21269226074219
590.829,3.2007832527160645,-179.0539093017578,97.21269226074219
591.13,3.2007832527160645,-179.0539093017578,97.21269226074219
591.431,3.2007832527160645,-179.0539093017578,97.21269226074219
591.732,3.023120641708374,179.96092224121094,-36.443321228027344
592.034,0.5142747759819031,178.50503540039062,98.92633056640625
592.343,0.06864166259765625,177.7880401611328,-135.25830078125
592.644,0.06864166259765625,177.7880401611328,-135.25830078125
592.945,6.496020793914795,-174.7526397705078,28.795074462890625
593.247,3.4743614196777344,-172.4970245361328,68.09959411621094
593.549,-0.6736882925033569,-175.90615844726562,75.65580749511719
593.851,-0.38818567991256714,178.92552185058594,17.12161636352539
594.17,-0.36808931827545166,-177.8876190185547,-117.95903015136719
594.452,-0.1870805025100708,178.65780639648438,-59.1974983215332
594.754,-0.1870805025100708,178.65780639648438,-59.1974983215332
595.055,-0.1870805025100708,178.65780639648438,-59.1974983215332
595.356,-0.1870805025100708,178.65780639648438,-59.1974983215332
595.657,-0.1870805025100708,178.65780639648438,-59.1974983215332
595.967,-0.1870805025100708,178.65780639648438,-59.1974983215332
596.277,-0.1870805025100708,178.65780639648438,-59.1974983215332
596.7,-0.1870805025100708,178.65780639648438,-59.1974983215332
597.001,-0.1870805025100708,178.65780639648438,-59.1974983215332
597.331,0.9183603525161743,-176.52896118164062,147.3174285888672
597.606,-5.715498924255371,-175.66732788085938,174.54837036132812
597.908,0.3810684084892273,-178.5043182373047,-161.1117401123047
598.21,6.722843647003174,-174.73397827148438,-157.28338623046875
598.512,7.551604747772217,-175.9409637451172,166.67465209960938
598.82,6.131524562835693,-175.45480346679688,129.29617309570312
599.122,6.131524562835693,-175.45480346679688,129.29617309570312
599.423,-2.468705654144287,-176.76341247558594,97.14895629882812
599.725,0.2738548815250397,-176.6803436279297,109.09867858886719
600.027,0.2738548815250397,-176.6803436279297,109.09867858886719
600.328,0.2738548815250397,-176.6803436279297,109.09867858886719
600.629,0.2738548815250397,-176.6803436279297,109.09867858886719
600.936,0.2738548815250397,-176.6803436279297,109.09867858886719
601.237,0.2738548815250397,-176.6803436279297,109.09867858886719
601.538,0.2738548815250397,-176.6803436279297,109.09867858886719
601.861,0.2738548815250397,-176.6803436279297,109.09867858886719
602.137,-1.2716294527053833,-172.1746063232422,81.48284912109375
602.439,4.951552391052246,-174.57186889648438,-164.58926391601562
602.741,9.887328147888184,178.51925659179688,-136.01576232910156
603.049,5.628085613250732,175.05392456054688,-148.00668334960938
603.351,5.628085613250732,175.05392456054688,-148.00668334960938
603.652,0.8677564859390259,177.96168518066406,167.09849548339844
603.954,-2.7530479431152344,-179.79469299316406,136.70794677734375
604.256,2.2625746726989746,-172.4200439453125,91.29790496826172
604.558,3.449533462524414,-175.009521484375,24.864728927612305
604.86,-0.7605360746383667,-178.7688751220703,-47.07291030883789
605.168,-0.7605360746383667,-178.7688751220703,-47.07291030883789
605.47,-0.7605360746383667,-178.7688751220703,-47.07291030883789
605.771,-0.7605360746383667,-178.7688751220703,-47.07291030883789
606.081,-0.7605360746383667,-178.7688751220703,-47.07291030883789
606.391,-0.7605360746383667,-178.7688751220703,-47.07291030883789
606.701,-0.7605360746383667,-178.7688751220703,-47.07291030883789
607.011,-0.7605360746383667,-178.7688751220703,-47.07291030883789
607.318,-0.7605360746383667,-178.7688751220703,-47.07291030883789
607.62,-0.7605360746383667,-178.7688751220703,-47.07291030883789
607.921,1.013139009475708,178.8272705078125,-117.78359985351562
608.223,10.256758689880371,-178.7559051513672,-99.1211166381836
608.55,7.954337120056152,-176.48707580566406,-45.82460021972656
608.825,-1.239627480506897,177.2333221435547,-125.66517639160156
609.127,0.6880768537521362,175.18312072753906,132.4623565673828
609.436,8.312134742736816,175.8484649658203,119.6631088256836
609.737,8.312134742736816,175.8484649658203,119.6631088256836
610.038,8.312134742736816,175.8484649658203,119.6631088256836
610.339,8.312134742736816,175.8484649658203,119.6631088256836
610.64,8.312134742736816,175.8484649658203,119.6631088256836
610.941,8.312134742736816,175.8484649658203,119.6631088256836
611.242,8.312134742736816,175.8484649658203,119.6631088256836
611.549,8.312134742736816,175.8484649658203,119.6631088256836
611.851,8.312134742736816,175.8484649658203,119.6631088256836
612.152,-0.9474484920501709,-178.6378936767578,46.23720169067383
612.454,3.2673850059509277,-178.0975341796875,75.2310791015625
612.756,2.560795783996582,-178.57244873046875,67.43620300292969
613.079,-1.5808353424072266,178.76812744140625,66.7236099243164
613.355,-5.259890079498291,178.26522827148438,89.72281646728516
613.662,-2.4195430278778076,-179.03533935546875,109.5849838256836
613.964,-2.4195430278778076,-179.03533935546875,109.5849838256836
614.265,-1.1765551567077637,-176.53189086914062,113.7562255859375
614.567,-1.9279208183288574,179.01852416992188,59.142852783203125
614.869,-1.7038887739181519,179.56668090820312,-22.20024871826172
615.171,-1.7038887739181519,179.56668090820312,-22.20024871826172
615.472,-1.7038887739181519,179.56668090820312,-22.20024871826172
615.779,-1.7038887739181519,179.56668090820312,-22.20024871826172
616.09,-1.7038887739181519,179.56668090820312,-22.20024871826172
616.4,-1.7038887739181519,179.56668090820312,-22.20024871826172
616.71,-1.7038887739181519,179.56668090820312,-22.20024871826172
617.02,-1.7038887739181519,179.56668090820312,-22.20024871826172
617.321,-1.7038887739181519,179.56668090820312,-22.20024871826172
617.622,0.7447315454483032,178.54859924316406,73.1341323852539
617.931,-0.6850779056549072,-179.89649963378906,63.3607063293457
618.232,-0.6850779056549072,-179.89649963378906,63.3607063293457
618.558,-2.1172757148742676,-175.87667846679688,132.73171997070312
618.834,0.26302990317344666,-175.0979766845703,132.75933837890625
619.136,1.210808277130127,-177.5360565185547,100.8974380493164
619.438,-1.343753457069397,-178.2996368408203,96.3017349243164
619.74,-4.70605993270874,-175.4952392578125,98.74970245361328
620.048,-1.240979552268982,-174.8641815185547,78.27842712402344
620.35,-1.240979552268982,-174.8641815185547,78.27842712402344
620.651,-1.240979552268982,-174.8641815185547,78.27842712402344
620.952,-1.240979552268982,-174.8641815185547,78.27842712402344
621.253,-1.240979552268982,-174.8641815185547,78.27842712402344
621.554,-1.240979552268982,-174.8641815185547,78.27842712402344
621.855,-1.240979552268982,-174.8641815185547,78.27842712402344
622.162,-1.240979552268982,-174.8641815185547,78.27842712402344
622.464,-1.240979552268982,-174.8641815185547,78.27842712402344
622.765,-0.6238162517547607,174.9436492919922,-42.159481048583984
623.085,-1.048270344734192,174.81195068359375,0.1608293503522873
623.361,-3.074705123901367,-174.40249633789062,60.710670471191406
623.662,-0.8955966830253601,-174.35458374023438,-28.750856399536133
623.964,-2.334303140640259,-178.585693359375,-131.55506896972656
624.272,-2.975257158279419,177.97921752929688,-136.23280334472656
624.574,-2.975257158279419,177.97921752929688,-136.23280334472656
624.875,-6.153073787689209,177.3484344482422,-81.90540313720703
625.177,-2.9996628761291504,175.61497497558594,-91.20570373535156
625.479,-2.9996628761291504,175.61497497558594,-91.20570373535156
625.78,-2.9996628761291504,175.61497497558594,-91.20570373535156
626.09,-2.9996628761291504,175.61497497558594,-91.20570373535156
626.513,-2.9996628761291504,175.61497497558594,-91.20570373535156
626.823,-2.9996628761291504,175.61497497558594,-91.20570373535156
627.124,-2.9996628761291504,175.61497497558594,-91.20570373535156
627.454,-2.9996628761291504,175.61497497558594,-91.20570373535156
627.73,0.8219504952430725,-176.42613220214844,22.401390075683594
628.032,-3.656099557876587,-176.22750854492188,-80.27423095703125
628.334,-2.5245227813720703,-178.4924774169922,-159.59754943847656
628.642,-0.33691713213920593,-178.5021209716797,156.36390686035156
628.944,-0.33691713213920593,-178.5021209716797,156.36390686035156
629.245,3.859315872192383,176.6900177001953,-141.7447052001953
629.547,-1.0294296741485596,176.6648712158203,-71.64856719970703
629.849,-3.593780279159546,177.30323791503906,-5.115683078765869
630.151,-5.653882026672363,-179.5093231201172,49.65052795410156
630.453,-6.965696334838867,-178.6555633544922,102.46574401855469
630.761,-6.965696334838867,-178.6555633544922,102.46574401855469
631.062,-6.965696334838867,-178.6555633544922,102.46574401855469
631.363,-6.965696334838867,-178.6555633544922,102.46574401855469
631.664,-6.965696334838867,-178.6555633544922,102.46574401855469
631.965,-6.965696334838867,-178.6555633544922,102.46574401855469
632.266,-6.965696334838867,-178.6555633544922,102.46574401855469
632.567,-0.26969361305236816,-177.20138549804688,-7.672239780426025
632.875,0.02391679398715496,-172.82615661621094,-23.71664810180664
633.177,0.02391679398715496,-172.82615661621094,-23.71664810180664
633.478,-1.4609981775283813,-174.81495666503906,-149.21612548828125
633.78,-1.8056591749191284,-179.34994506835938,134.67263793945312
634.082,2.8581018447875977,178.8113555908203,141.16831970214844
634.384,4.455738067626953,174.3517303466797,145.5187530517578
634.686,2.1683223247528076,172.03948974609375,119.16277313232422
635.019,-2.0090575218200684,174.37667846679688,72.12970733642578
635.321,-2.0090575218200684,174.37667846679688,72.12970733642578
635.622,-2.0090575218200684,174.37667846679688,72.12970733642578
635.923,-2.0090575218200684,174.37667846679688,72.12970733642578
636.233,-2.0090575218200684,174.37667846679688,72.12970733642578
636.543,-2.0090575218200684,174.37667846679688,72.12970733642578
636.853,-2.0090575218200684,174.37667846679688,72.12970733642578
637.276,-2.0090575218200684,174.37667846679688,72.12970733642578
637.598,-2.0090575218200684,174.37667846679688,72.12970733642578
637.874,3.554814100265503,-173.94393920898438,152.9518585205078
638.176,1.1398138999938965,-171.6683349609375,152.43902587890625
638.478,-4.281016826629639,-173.6910400390625,175.84829711914062
638.78,-1.0671342611312866,-176.05886840820312,-145.23435974121094
639.082,5.305595874786377,-176.31690979003906,-135.13389587402344
639.39,6.254635334014893,178.5857696533203,-177.18736267089844
639.692,6.254635334014893,178.5857696533203,-177.18736267089844
639.993,0.03434770554304123,-172.59169006347656,75.78108978271484
640.295,0.4432135224342346,-171.50660705566406,105.20689392089844
640.597,0.3391188681125641,-174.2466278076172,140.79928588867188
640.899,0.3391188681125641,-174.2466278076172,140.79928588867188
641.2,0.3391188681125641,-174.2466278076172,140.79928588867188
641.507,0.3391188681125641,-174.2466278076172,140.79928588867188
641.809,0.3391188681125641,-174.2466278076172,140.79928588867188
642.11,0.3391188681125641,-174.2466278076172,140.79928588867188
642.411,0.3391188681125641,-174.2466278076172,140.79928588867188
642.712,0.3460575044155121,-179.09365844726562,32.77961349487305
643.014,-4.1111741065979,-177.93251037597656,36.02383804321289
643.316,-1.5367999076843262,-176.41600036621094,-16.225990295410156
643.625,-1.2295899391174316,-175.64447021484375,-106.27274322509766
643.926,-1.2295899391174316,-175.64447021484375,-106.27274322509766
644.227,-8.6248140335083,179.65890502929688,137.24185180664062
644.529,-5.6379804611206055,176.31192016601562,163.70632934570312
644.831,-7.155034065246582,175.25331115722656,173.06121826171875
645.156,-7.958944320678711,178.67318725585938,124.91175079345703
645.457,-7.958944320678711,178.67318725585938,124.91175079345703
645.765,-7.958944320678711,178.67318725585938,124.91175079345703
646.066,-7.958944320678711,178.67318725585938,124.91175079345703
646.376,-7.958944320678711,178.67318725585938,124.91175079345703
646.686,-7.958944320678711,178.67318725585938,124.91175079345703
646.996,-7.958944320678711,178.67318725585938,124.91175079345703
647.306,-7.958944320678711,178.67318725585938,124.91175079345703
647.607,-7.958944320678711,178.67318725585938,124.91175079345703
647.914,-4.178398609161377,179.4909210205078,112.94143676757812
648.216,-4.178398609161377,179.4909210205078,112.94143676757812
648.517,3.2246758937835693,-177.1602020263672,-156.8474884033203
648.844,1.1668604612350464,-171.98631286621094,148.21534729003906
649.119,-0.5634585022926331,177.74830627441406,-168.9799041748047
649.421,1.6912822723388672,177.91946411132812,-95.7214126586914
649.723,-1.6554433107376099,-176.6472625732422,-28.271352767944336
650.031,-2.5897302627563477,-174.2938232421875,-35.275840759277344
650.333,-2.5897302627563477,-174.2938232421875,-35.275840759277344
650.634,5.844808578491211,-166.6394500732422,-111.88740539550781
650.936,5.844808578491211,-166.6394500732422,-111.88740539550781
651.237,5.844808578491211,-166.6394500732422,-111.88740539550781
651.538,5.844808578491211,-166.6394500732422,-111.88740539550781
651.839,5.844808578491211,-166.6394500732422,-111.88740539550781
652.146,5.844808578491211,-166.6394500732422,-111.88740539550781
652.448,5.844808578491211,-166.6394500732422,-111.88740539550781
652.749,5.844808578491211,-166.6394500732422,-111.88740539550781
653.05,2.7251455783843994,177.60313415527344,-10.114892959594727
653.37,3.55180287361145,172.69175720214844,-15.618764877319336
653.646,-2.104278087615967,176.01242065429688,-32.521236419677734
653.948,2.576207399368286,179.3036346435547,-83.79412841796875
654.256,2.9641971588134766,-179.40084838867188,-79.83893585205078
654.558,2.9641971588134766,-179.40084838867188,-79.83893585205078
654.859,3.387843608856201,-175.77308654785156,-26.75992774963379
655.161,3.387843608856201,-175.77308654785156,-26.75992774963379
655.462,1.5733808279037476,178.47451782226562,-146.82470703125
655.764,-8.752424240112305,176.38560485839844,-94.1207275390625
656.066,-8.752424240112305,176.38560485839844,-94.1207275390625
656.489,-8.752424240112305,176.38560485839844,-94.1207275390625
656.799,-8.752424240112305,176.38560485839844,-94.1207275390625
657.109,-8.752424240112305,176.38560485839844,-94.1207275390625
657.41,-8.752424240112305,176.38560485839844,-94.1207275390625
657.74,-8.752424240112305,176.38560485839844,-94.1207275390625
658.016,-0.0996481254696846,-177.30694580078125,-90.42664337158203
658.318,-0.4941142201423645,175.8021240234375,-126.30458068847656
658.626,2.526061773300171,174.02496337890625,164.14041137695312
658.928,2.526061773300171,174.02496337890625,164.14041137695312
659.229,6.915182590484619,-175.26947021484375,46.39736557006836
659.531,0.056927017867565155,-167.73532104492188,28.103134155273438
659.833,4.012487411499023,-171.82040405273438,-4.0760016441345215
660.135,4.99864387512207,-179.1710968017578,-66.50473022460938
660.437,-2.5427591800689697,-174.9045867919922,-110.33525085449219
660.78,-3.5776305198669434,-167.6213836669922,-92.91326141357422
661.081,-3.5776305198669434,-167.6213836669922,-92.91326141357422
661.382,-3.5776305198669434,-167.6213836669922,-92.91326141357422
661.683,-3.5776305198669434,-167.6213836669922,-92.91326141357422
661.984,-3.5776305198669434,-167.6213836669922,-92.91326141357422
662.285,-3.5776305198669434,-167.6213836669922,-92.91326141357422
662.586,-3.5776305198669434,-167.6213836669922,-92.91326141357422
662.893,-3.5776305198669434,-167.6213836669922,-92.91326141357422
663.195,-3.5776305198669434,-167.6213836669922,-92.91326141357422
663.496,0.9626036882400513,-175.8028564453125,-171.24742126464844
663.798,0.8859310746192932,-179.3355712890625,-127.74807739257812
664.1,1.4592056274414062,-173.7015838623047,-85.37078094482422
664.402,-0.03053293563425541,-179.56919860839844,-17.87598419189453
664.704,5.245433330535889,-175.8847198486328,49.478843688964844
665.03,10.592662811279297,-179.3282928466797,13.855355262756348
665.332,10.592662811279297,-179.3282928466797,13.855355262756348
665.633,0.2561829686164856,-175.7430877685547,-52.89703369140625
665.935,3.2209415435791016,179.3854522705078,-48.09541702270508
666.237,3.2209415435791016,179.3854522705078,-48.09541702270508
666.547,3.2209415435791016,179.3854522705078,-48.09541702270508
666.857,3.2209415435791016,179.3854522705078,-48.09541702270508
667.28,3.2209415435791016,179.3854522705078,-48.09541702270508
667.581,3.2209415435791016,179.3854522705078,-48.09541702270508
667.913,-3.782034158706665,-179.26153564453125,-70.1558609008789
668.188,4.245065689086914,-175.42933654785156,27.11861228942871
668.49,4.073456764221191,-177.0832977294922,53.45523452758789
668.792,5.162093162536621,-179.46043395996094,53.9064826965332
669.094,6.9841132164001465,178.18299865722656,26.257610321044922
669.402,3.8018312454223633,-179.45816040039062,-24.03432273864746
669.703,3.8018312454223633,-179.45816040039062,-24.03432273864746
670.004,-0.540382981300354,-175.36705017089844,-75.11830139160156
670.306,-0.7557466626167297,-173.7665557861328,-39.2908935546875
670.608,2.308673858642578,-172.47857666015625,-59.21513748168945
670.91,4.852732181549072,-175.7909393310547,-124.50940704345703
671.212,4.27638053894043,-176.52528381347656,174.78367614746094
671.52,4.27638053894043,-176.52528381347656,174.78367614746094
671.821,4.27638053894043,-176.52528381347656,174.78367614746094
672.122,4.27638053894043,-176.52528381347656,174.78367614746094
672.423,4.27638053894043,-176.52528381347656,174.78367614746094
672.724,4.27638053894043,-176.52528381347656,174.78367614746094
673.025,4.27638053894043,-176.52528381347656,174.78367614746094
673.326,-0.9251992106437683,-177.98019409179688,135.5478515625
673.634,4.370243549346924,178.74783325195312,162.51742553710938
673.936,4.370243549346924,178.74783325195312,162.51742553710938
674.237,2.844111442565918,-178.58316040039062,-123.42737579345703
674.539,-3.2759220600128174,-178.9803466796875,-148.82327270507812
674.841,-4.395138740539551,-174.1655731201172,-92.01052856445312
675.143,6.49479866027832,-173.47479248046875,-140.62640380859375
675.47,0.23115141689777374,179.4368438720703,93.03644561767578
675.752,-4.417924880981445,-178.5343780517578,138.99526977539062
676.054,-4.417924880981445,-178.5343780517578,138.99526977539062
676.355,-4.417924880981445,-178.5343780517578,138.99526977539062
676.665,-4.417924880981445,-178.5343780517578,138.99526977539062
676.975,-4.417924880981445,-178.5343780517578,138.99526977539062
677.285,-4.417924880981445,-178.5343780517578,138.99526977539062
677.595,-4.417924880981445,-178.5343780517578,138.99526977539062
677.902,-4.417924880981445,-178.5343780517578,138.99526977539062
678.204,-4.417924880981445,-178.5343780517578,138.99526977539062
678.505,-2.22871732711792,178.7014617919922,-14.049220085144043
678.807,-4.463507175445557,178.13650512695312,-40.28242111206055
679.132,-1.9216898679733276,176.91445922851562,-50.71446990966797
679.408,-1.7808023691177368,176.14471435546875,-18.104881286621094
679.71,2.5392098426818848,-179.4681854248047,75.65220642089844
680.017,0.4870118796825409,-177.99609375,-155.48825073242188
680.319,0.4870118796825409,-177.99609375,-155.48825073242188
680.62,-2.5668115615844727,-174.91766357421875,91.7080307006836
680.922,1.786759853363037,-174.8129425048828,66.08455657958984
681.224,0.17508433759212494,178.7886962890625,15.098395347595215
681.526,0.17508433759212494,178.7886962890625,15.098395347595215
681.827,0.17508433759212494,178.7886962890625,15.098395347595215
682.134,0.17508433759212494,178.7886962890625,15.098395347595215
682.435,0.17508433759212494,178.7886962890625,15.098395347595215
682.736,0.17508433759212494,178.7886962890625,15.098395347595215
683.037,0.17508433759212494,178.7886962890625,15.098395347595215
683.338,0.17508433759212494,178.7886962890625,15.098395347595215
683.658,2.3228564262390137,176.50645446777344,94.85933685302734
683.933,4.953902721405029,-176.8180694580078,-139.78921508789062
684.241,1.1072607040405273,-178.92491149902344,89.82366943359375
684.542,1.1072607040405273,-178.92491149902344,89.82366943359375
684.843,-1.617045521736145,-178.33705139160156,-125.54385375976562
685.145,-3.335689067840576,-176.85572814941406,6.380058765411377
685.447,-1.3171045780181885,-173.80056762695312,69.6217269897461
685.749,-1.3947031497955322,-172.50465393066406,76.27068328857422
686.051,1.9992748498916626,-176.10183715820312,85.50804138183594
686.36,10.671077728271484,-175.62811279296875,89.53448486328125
686.67,10.671077728271484,-175.62811279296875,89.53448486328125
686.98,10.671077728271484,-175.62811279296875,89.53448486328125
687.29,10.671077728271484,-175.62811279296875,89.53448486328125
687.6,10.671077728271484,-175.62811279296875,89.53448486328125
687.901,10.671077728271484,-175.62811279296875,89.53448486328125
688.202,0.9142991900444031,-178.79049682617188,-156.13943481445312
688.51,-0.867441713809967,-175.79843139648438,160.18748474121094
688.812,-0.867441713809967,-175.79843139648438,160.18748474121094
689.137,-2.6402335166931152,178.88394165039062,156.71197509765625
689.413,-4.748106479644775,-179.49935913085938,175.81259155273438
689.714,-4.879987716674805,-177.39833068847656,-146.86302185058594
690.016,-0.4130875766277313,-174.74716186523438,-80.388427734375
690.318,0.44543930888175964,-170.4669189453125,-16.183210372924805
690.625,7.569921493530273,-173.3424072265625,-10.653430938720703
690.927,7.569921493530273,-173.3424072265625,-10.653430938720703
691.228,0.9844329953193665,-173.71670532226562,-164.52647399902344
691.53,-0.4250315725803375,-169.37667846679688,-156.7566680908203
691.832,-0.4250315725803375,-169.37667846679688,-156.7566680908203
692.133,-0.4250315725803375,-169.37667846679688,-156.7566680908203
692.434,-0.4250315725803375,-169.37667846679688,-156.7566680908203
692.741,-0.4250315725803375,-169.37667846679688,-156.7566680908203
693.043,-0.4250315725803375,-169.37667846679688,-156.7566680908203
693.344,-0.4250315725803375,-169.37667846679688,-156.7566680908203
693.663,-0.4250315725803375,-169.37667846679688,-156.7566680908203
693.939,8.5661039352417,176.3851318359375,21.75651741027832
694.24,13.191100120544434,170.53993225097656,0.365769624710083
694.542,10.58333683013916,171.09512329101562,-31.918167114257812
694.85,6.631803035736084,174.58905029296875,-86.94683074951172
695.152,6.631803035736084,174.58905029296875,-86.94683074951172
695.453,3.9405112266540527,179.6018829345703,137.04415893554688
695.755,1.8363322019577026,-174.70135498046875,71.95829772949219
696.057,-2.5254435539245605,-175.0672607421875,90.2764892578125
696.359,-1.871001124382019,177.42111206054688,-127.46240234375
696.67,-5.893584251403809,179.78982543945312,23.197799682617188
697.094,-5.893584251403809,179.78982543945312,23.197799682617188
697.404,-5.893584251403809,179.78982543945312,23.197799682617188
697.705,-5.893584251403809,179.78982543945312,23.197799682617188
698.035,-5.893584251403809,179.78982543945312,23.197799682617188
698.311,-0.7070887088775635,-174.7718048095703,-48.472557067871094
698.612,-2.0952460765838623,-176.8573760986328,-60.9412727355957
698.914,-0.8459232449531555,-175.95521545410156,-94.8892822265625
699.222,0.8012039065361023,-176.7270965576172,-171.87071228027344
699.524,0.8012039065361023,-176.7270965576172,-171.87071228027344
699.825,-2.7429215908050537,175.5133056640625,140.37750244140625
700.127,2.1710901260375977,-179.46945190429688,145.1614227294922
700.429,2.3374862670898438,178.1324005126953,134.95989990234375
700.731,2.104989528656006,172.2576141357422,178.06390380859375
701.067,0.5739706158638,-178.12400817871094,-75.95486450195312
701.349,4.3528242111206055,-167.0057373046875,6.978397369384766
701.65,4.3528242111206055,-167.0057373046875,6.978397369384766
701.951,4.3528242111206055,-167.0057373046875,6.978397369384766
702.252,4.3528242111206055,-167.0057373046875,6.978397369384766
702.553,4.3528242111206055,-167.0057373046875,6.978397369384766
702.854,4.3528242111206055,-167.0057373046875,6.978397369384766
703.155,4.3528242111206055,-167.0057373046875,6.978397369384766
703.462,4.3528242111206055,-167.0057373046875,6.978397369384766
703.764,4.3528242111206055,-167.0057373046875,6.978397369384766
704.065,-5.398308753967285,-176.35154724121094,125.39701843261719
704.367,-4.401405334472656,-176.2291259765625,92.67832946777344
704.669,-6.93333101272583,-178.3553466796875,81.75190734863281
704.971,-7.484160423278809,-178.94082641601562,99.30313110351562
705.273,-4.134035110473633,-172.65673828125,50.74455261230469
705.6,0.9840946793556213,179.9083251953125,-22.267332077026367
705.902,0.9840946793556213,179.9083251953125,-22.267332077026367
706.203,-1.2464871406555176,179.25933837890625,-87.61002349853516
706.505,2.758715867996216,174.24874877929688,-94.78115844726562
706.816,0.294355571269989,176.28564453125,-44.27912521362305
707.126,0.294355571269989,176.28564453125,-44.27912521362305
707.436,0.294355571269989,176.28564453125,-44.27912521362305
707.859,0.294355571269989,176.28564453125,-44.27912521362305
708.18,0.294355571269989,176.28564453125,-44.27912521362305
708.456,-4.224618434906006,-177.88316345214844,-124.51264190673828
708.758,-0.3947703540325165,178.67056274414062,-122.7134780883789
709.06,0.35004186630249023,-179.31820678710938,-57.16178894042969
709.362,-2.9489200115203857,-175.7300262451172,50.90401840209961
709.663,-4.361145973205566,-178.2065887451172,-179.42494201660156
709.971,0.35020211338996887,-176.4298095703125,-57.53230667114258
710.272,0.35020211338996887,-176.4298095703125,-57.53230667114258
710.573,10.070302963256836,179.5334930419922,-34.50141906738281
710.875,6.094560146331787,-173.64895629882812,12.869224548339844
711.177,1.0564011335372925,-174.9844207763672,107.70217895507812
711.487,-0.10487166792154312,-179.5211639404297,-135.010009765625
711.763,-4.2159318923950195,-178.94729614257812,47.131935119628906
712.071,-4.2159318923950195,-178.94729614257812,47.131935119628906
712.373,-4.2159318923950195,-178.94729614257812,47.131935119628906
712.674,-4.2159318923950195,-178.94729614257812,47.131935119628906
712.975,-4.2159318923950195,-178.94729614257812,47.131935119628906
713.276,-4.2159318923950195,-178.94729614257812,47.131935119628906
713.577,-4.2159318923950195,-178.94729614257812,47.131935119628906
713.878,-4.2159318923950195,-178.94729614257812,47.131935119628906
714.185,2.500176191329956,174.07330322265625,171.98104858398438
714.486,2.500176191329956,174.07330322265625,171.98104858398438
714.787,1.1310096979141235,-178.2462921142578,-50.19961166381836
715.089,-1.3603308200836182,179.61187744140625,38.34779739379883
715.391,-2.101686716079712,-179.53282165527344,139.11045837402344
715.693,-0.32305431365966797,-176.19505310058594,161.51345825195312
716.015,6.9868550300598145,-175.41371154785156,129.30467224121094
716.297,1.4527136087417603,-173.4467315673828,76.54032897949219
716.599,1.4527136087417603,-173.4467315673828,76.54032897949219
716.909,-2.6410133838653564,175.13693237304688,-11.806445121765137
717.219,-2.6410133838653564,175.13693237304688,-11.806445121765137
717.529,-2.6410133838653564,175.13693237304688,-11.806445121765137
717.839,-2.6410133838653564,175.13693237304688,-11.806445121765137
718.14,-2.6410133838653564,175.13693237304688,-11.806445121765137
718.447,1.581162929534912,-179.86048889160156,-98.24356079101562
718.748,1.581162929534912,-179.86048889160156,-98.24356079101562
719.049,-2.5780489444732666,179.9528045654297,17.323020935058594
719.375,-2.483827590942383,-176.42520141601562,45.14008331298828
719.651,-2.3155996799468994,-176.5592498779297,81.39689636230469
719.953,-1.5752538442611694,-175.9119110107422,140.53073120117188
720.255,-0.33409780263900757,-172.31903076171875,-178.67808532714844
720.563,4.7862420082092285,-173.79962158203125,164.35360717773438
720.865,4.7862420082092285,-173.79962158203125,164.35360717773438
721.166,6.376071929931641,-175.63232421875,147.90232849121094
721.468,0.8940809965133667,-174.24246215820312,-110.89576721191406
721.77,1.408555030822754,-178.75730895996094,66.79067993164062
722.072,-0.12357582896947861,-179.24429321289062,-129.3518829345703
722.374,-4.228697776794434,-179.23886108398438,-39.17143630981445
722.682,-4.228697776794434,-179.23886108398438,-39.17143630981445
722.984,-4.228697776794434,-179.23886108398438,-39.17143630981445
723.285,-4.228697776794434,-179.23886108398438,-39.17143630981445
723.586,-4.228697776794434,-179.23886108398438,-39.17143630981445
723.887,-4.228697776794434,-179.23886108398438,-39.17143630981445
724.188,-4.228697776794434,-179.23886108398438,-39.17143630981445
724.489,-3.595324754714966,-179.7544403076172,-139.4912872314453
724.797,-5.797898292541504,-173.9119110107422,-139.48550415039062
725.099,-5.797898292541504,-173.9119110107422,-139.48550415039062
725.4,1.7362146377563477,-179.0531463623047,43.23234939575195
725.702,4.20413875579834,177.9717559814453,-33.73080825805664
726.004,1.6245129108428955,178.50657653808594,-20.50931739807129
726.306,1.6245129108428955,178.50657653808594,-20.50931739807129
726.607,-2.7518601417541504,178.60836791992188,-45.281280517578125
727.056,3.484839677810669,172.5628204345703,-49.470401763916016
727.366,3.484839677810669,172.5628204345703,-49.470401763916016
727.676,3.484839677810669,172.5628204345703,-49.470401763916016
727.977,3.484839677810669,172.5628204345703,-49.470401763916016
728.278,6.0919575691223145,-179.46829223632812,-56.28036117553711
728.58,6.670876502990723,179.0063934326172,-63.50783920288086
728.882,6.670876502990723,179.0063934326172,-63.50783920288086
729.189,0.3129815459251404,-177.73284912109375,72.75519561767578
729.49,0.3129815459251404,-177.73284912109375,72.75519561767578
729.791,4.042731761932373,175.9228973388672,161.68373107910156
730.108,10.147175788879395,-177.7884979248047,-157.84600830078125
730.384,-0.28821852803230286,172.69882202148438,-21.795000076293945
730.685,-3.7641923427581787,172.80035400390625,-2.0199778079986572
730.987,-5.860645294189453,-176.1061248779297,-13.488045692443848
731.296,-4.9895172119140625,-168.37620544433594,-55.98421096801758
731.597,-4.9895172119140625,-168.37620544433594,-55.98421096801758
731.898,-1.0987980365753174,-178.07102966308594,-0.8980420231819153
732.2,1.3421236276626587,-178.34837341308594,-166.75706481933594
732.502,-0.12564483284950256,-177.7081298828125,48.47837448120117
732.804,-0.12564483284950256,-177.7081298828125,48.47837448120117
733.105,-0.12564483284950256,-177.7081298828125,48.47837448120117
733.412,-0.12564483284950256,-177.7081298828125,48.47837448120117
733.714,-0.12564483284950256,-177.7081298828125,48.47837448120117
734.015,-0.12564483284950256,-177.7081298828125,48.47837448120117
734.316,-0.12564483284950256,-177.7081298828125,48.47837448120117
734.635,-0.12564483284950256,-177.7081298828125,48.47837448120117
734.911,5.38302755355835,-177.13853454589844,169.27764892578125
735.213,-0.5088270306587219,-176.27590942382812,-58.01198959350586
735.521,0.2100793570280075,-177.31788635253906,122.58277130126953
735.823,0.2100793570280075,-177.31788635253906,122.58277130126953
736.124,2.4075927734375,-178.21421813964844,-154.75071716308594
736.426,-1.7088686227798462,-176.0914306640625,139.5045928955078
736.728,-4.5438761711120605,-174.5571746826172,122.96062469482422
737.039,-10.058646202087402,-170.4312744140625,132.18655395507812
737.349,-10.058646202087402,-170.4312744140625,132.18655395507812
737.772,-10.058646202087402,-170.4312744140625,132.18655395507812
738.074,-10.058646202087402,-170.4312744140625,132.18655395507812
738.375,4.745887279510498,165.65980529785156,-26.731746673583984
738.677,-2.4827420711517334,171.32754516601562,-119.8297119140625
738.989,4.157411098480225,177.8276824951172,159.57601928710938
739.265,7.544191360473633,-177.6809844970703,113.00202941894531
739.567,3.7176320552825928,-174.19256591796875,152.10968017578125
739.875,1.1371729373931885,-172.7622833251953,-144.45408630371094
740.177,1.1371729373931885,-172.7622833251953,-144.45408630371094
740.478,-0.28504225611686707,-176.05221557617188,10.43907356262207
740.78,5.161689758300781,176.47952270507812,-10.157771110534668
741.082,2.788144826889038,179.0358428955078,-169.70960998535156
741.384,4.27963399887085,-177.54904174804688,82.8655014038086
741.686,4.24673318862915,-174.56980895996094,36.42076110839844
742.028,-1.3949631452560425,-166.63897705078125,-11.660367965698242
742.33,-1.3949631452560425,-166.63897705078125,-11.660367965698242
742.631,-6.825153350830078,-176.87661743164062,-114.22176361083984
742.933,-6.825153350830078,-176.87661743164062,-114.22176361083984
743.234,-6.825153350830078,-176.87661743164062,-114.22176361083984
743.535,-6.825153350830078,-176.87661743164062,-114.22176361083984
743.836,-6.825153350830078,-176.87661743164062,-114.22176361083984
744.143,-6.825153350830078,-176.87661743164062,-114.22176361083984
744.445,-6.825153350830078,-176.87661743164062,-114.22176361083984
744.746,-6.825153350830078,-176.87661743164062,-114.22176361083984
745.047,5.979239463806152,-176.93450927734375,21.474435806274414
745.349,5.533745765686035,-173.50808715820312,19.01630973815918
745.651,5.805806636810303,-175.1768341064453,21.119544982910156
745.953,6.723905563354492,-176.4676513671875,16.810386657714844
746.278,7.548208236694336,-179.22718811035156,12.556055068969727
746.58,7.548208236694336,-179.22718811035156,12.556055068969727
746.881,3.2496299743652344,175.8109130859375,22.289831161499023
747.192,4.638467311859131,179.0292205810547,55.1334228515625
747.502,4.638467311859131,179.0292205810547,55.1334228515625
747.812,4.638467311859131,179.0292205810547,55.1334228515625
748.122,4.638467311859131,179.0292205810547,55.1334228515625
748.429,4.638467311859131,179.0292205810547,55.1334228515625
748.731,4.638467311859131,179.0292205810547,55.1334228515625
749.032,-0.07640769332647324,-176.03952026367188,86.34886932373047
749.334,-3.0802254676818848,-177.21896362304688,74.83455657958984
749.636,-1.9450548887252808,177.1854248046875,77.62864685058594
749.938,1.7512534856796265,-179.4844512939453,111.74292755126953
750.24,-0.6404097080230713,-177.93252563476562,163.0261993408203
750.562,-0.09255984425544739,175.58583068847656,-126.0742416381836
750.863,-0.09255984425544739,175.58583068847656,-126.0742416381836
751.164,-10.32469654083252,174.25784301757812,-38.11870574951172
751.466,-6.642938137054443,177.89675903320312,-29.013092041015625
751.768,-5.9515485763549805,179.88966369628906,34.32854461669922
752.07,-2.8541853427886963,-178.35401916503906,-141.7561492919922
752.372,-1.881675362586975,179.57237243652344,111.9349594116211
752.681,-2.2498388290405273,-178.42776489257812,-56.18656921386719
752.982,-2.2498388290405273,-178.42776489257812,-56.18656921386719
753.283,-2.2498388290405273,-178.42776489257812,-56.18656921386719
753.584,-2.2498388290405273,-178.42776489257812,-56.18656921386719
753.885,-2.2498388290405273,-178.42776489257812,-56.18656921386719
754.186,-2.2498388290405273,-178.42776489257812,-56.18656921386719
754.487,-2.2498388290405273,-178.42776489257812,-56.18656921386719
754.794,-2.2498388290405273,-178.42776489257812,-56.18656921386719
755.096,6.490167617797852,-178.8702850341797,-121.59789276123047
755.398,8.726937294006348,-175.3636474609375,-132.0677032470703
755.7,10.134489059448242,-178.3095703125,-168.99842834472656
756.002,4.463180065155029,-179.7874755859375,114.22731018066406
756.304,-2.764862060546875,-176.14613342285156,79.70185852050781
756.606,-0.48252493143081665,-173.2967529296875,105.89678192138672
756.914,8.285637855529785,-173.24009704589844,89.80671691894531
757.225,8.285637855529785,-173.24009704589844,89.80671691894531
757.535,8.285637855529785,-173.24009704589844,89.80671691894531
757.845,8.285637855529785,-173.24009704589844,89.80671691894531
758.155,8.285637855529785,-173.24009704589844,89.80671691894531
758.456,8.285637855529785,-173.24009704589844,89.80671691894531
758.757,-0.6890951991081238,-175.79818725585938,-114.25145721435547
759.066,-7.119820594787598,-175.9650421142578,-118.90022277832031
759.367,-7.119820594787598,-175.9650421142578,-118.90022277832031
759.668,0.8822046518325806,-172.87049865722656,169.74034118652344
759.97,1.2183566093444824,-178.3385009765625,116.0852279663086
760.272,-1.9421945810317993,-179.74513244628906,61.72504425048828
760.588,-3.9492030143737793,179.3202362060547,11.780274391174316
760.863,1.5514215230941772,175.9866943359375,-68.13386535644531
761.172,2.8311188220977783,176.38906860351562,-146.23794555664062
761.473,2.8311188220977783,176.38906860351562,-146.23794555664062
761.774,7.497069835662842,-178.4659881591797,64.6040267944336
762.075,8.263578414916992,-174.93170166015625,55.194454193115234
762.377,9.184210777282715,-177.59178161621094,12.81684684753418
762.679,7.3460164070129395,178.60736083984375,-34.72190856933594
762.981,1.0992345809936523,-178.55731201171875,-95.23109436035156
763.289,-3.4463539123535156,-178.53952026367188,-145.73568725585938
763.59,-3.4463539123535156,-178.53952026367188,-145.73568725585938
763.891,-3.4463539123535156,-178.53952026367188,-145.73568725585938
764.192,-3.4463539123535156,-178.53952026367188,-145.73568725585938
764.493,-3.4463539123535156,-178.53952026367188,-145.73568725585938
764.794,-3.4463539123535156,-178.53952026367188,-145.73568725585938
765.095,-3.4463539123535156,-178.53952026367188,-145.73568725585938
765.402,-4.297311305999756,175.3604278564453,179.97023010253906
765.703,-4.297311305999756,175.3604278564453,179.97023010253906
766.004,-3.572291135787964,-177.2262725830078,172.4107666015625
766.306,-6.418676376342773,179.43702697753906,126.56238555908203
766.608,-8.840506553649902,-178.64813232421875,85.9523696899414
766.909,-5.337338447570801,-175.68209838867188,57.27839279174805
767.211,4.060367584228516,179.3556671142578,39.74070358276367
767.635,4.6030354499816895,172.43771362304688,2.8222508430480957
767.946,4.6030354499816895,172.43771362304688,2.8222508430480957
768.256,4.6030354499816895,172.43771362304688,2.8222508430480957
768.557,4.6030354499816895,172.43771362304688,2.8222508430480957
768.858,4.6030354499816895,172.43771362304688,2.8222508430480957
769.159,-4.672878265380859,-174.5077362060547,-29.40460205078125
769.461,0.09002897143363953,-171.3672332763672,-66.18279266357422
769.769,0.09002897143363953,-171.3672332763672,-66.18279266357422
770.07,0.09002897143363953,-171.3672332763672,-66.18279266357422
770.371,0.09002897143363953,-171.3672332763672,-66.18279266357422
770.672,0.09002897143363953,-171.3672332763672,-66.18279266357422
770.973,0.09002897143363953,-171.3672332763672,-66.18279266357422
771.274,0.09002897143363953,-171.3672332763672,-66.18279266357422
771.575,0.09002897143363953,-171.3672332763672,-66.18279266357422
771.882,0.09002897143363953,-171.3672332763672,-66.18279266357422
772.184,0.09002897143363953,-171.3672332763672,-66.18279266357422
772.485,0.09002897143363953,-171.3672332763672,-66.18279266357422
772.786,0.09002897143363953,-171.3672332763672,-66.18279266357422
773.087,0.09002897143363953,-171.3672332763672,-66.18279266357422
773.388,0.09002897143363953,-171.3672332763672,-66.18279266357422
773.689,0.09002897143363953,-171.3672332763672,-66.18279266357422
773.996,0.09002897143363953,-171.3672332763672,-66.18279266357422
774.298,0.09002897143363953,-171.3672332763672,-66.18279266357422
774.599,0.09002897143363953,-171.3672332763672,-66.18279266357422
774.9,0.09002897143363953,-171.3672332763672,-66.18279266357422
775.201,0.09002897143363953,-171.3672332763672,-66.18279266357422
775.502,0.09002897143363953,-171.3672332763672,-66.18279266357422
775.803,0.09002897143363953,-171.3672332763672,-66.18279266357422
776.11,0.09002897143363953,-171.3672332763672,-66.18279266357422
776.412,0.09002897143363953,-171.3672332763672,-66.18279266357422
776.713,-50.730709075927734,86.48238372802734,163.2021942138672
777.015,-50.730709075927734,86.48238372802734,163.2021942138672
777.316,-53.241844177246094,86.35426330566406,-155.9549102783203
777.627,-53.241844177246094,86.35426330566406,-155.9549102783203
777.937,-53.241844177246094,86.35426330566406,-155.9549102783203
778.36,-53.241844177246094,86.35426330566406,-155.9549102783203
778.661,-53.241844177246094,86.35426330566406,-155.9549102783203
778.962,-53.241844177246094,86.35426330566406,-155.9549102783203
779.263,-53.241844177246094,86.35426330566406,-155.9549102783203
779.564,-53.241844177246094,86.35426330566406,-155.9549102783203
779.865,-53.241844177246094,86.35426330566406,-155.9549102783203
780.166,-53.241844177246094,86.35426330566406,-155.9549102783203
780.473,-53.241844177246094,86.35426330566406,-155.9549102783203
780.775,-53.241844177246094,86.35426330566406,-155.9549102783203
781.076,-53.241844177246094,86.35426330566406,-155.9549102783203
781.377,-53.241844177246094,86.35426330566406,-155.9549102783203
781.678,-53.241844177246094,86.35426330566406,-155.9549102783203
781.979,-53.241844177246094,86.35426330566406,-155.9549102783203
782.28,-53.241844177246094,86.35426330566406,-155.9549102783203
782.587,-53.241844177246094,86.35426330566406,-155.9549102783203
782.889,-53.241844177246094,86.35426330566406,-155.9549102783203
783.19,-53.241844177246094,86.35426330566406,-155.9549102783203
783.491,-53.241844177246094,86.35426330566406,-155.9549102783203
783.792,-53.241844177246094,86.35426330566406,-155.9549102783203
784.093,-53.241844177246094,86.35426330566406,-155.9549102783203
784.394,-53.241844177246094,86.35426330566406,-155.9549102783203
784.701,-53.241844177246094,86.35426330566406,-155.9549102783203
785.002,-53.241844177246094,86.35426330566406,-155.9549102783203
785.303,-53.241844177246094,86.35426330566406,-155.9549102783203
785.604,-53.241844177246094,86.35426330566406,-155.9549102783203
785.905,-53.241844177246094,86.35426330566406,-155.9549102783203
786.206,-53.241844177246094,86.35426330566406,-155.9549102783203
786.507,-53.241844177246094,86.35426330566406,-155.9549102783203
786.814,-53.241844177246094,86.35426330566406,-155.9549102783203
787.115,-53.241844177246094,86.35426330566406,-155.9549102783203
787.416,-53.241844177246094,86.35426330566406,-155.9549102783203
787.726,-53.241844177246094,86.35426330566406,-155.9549102783203
788.036,-53.241844177246094,86.35426330566406,-155.9549102783203
788.346,-53.241844177246094,86.35426330566406,-155.9549102783203
788.656,-53.241844177246094,86.35426330566406,-155.9549102783203
788.963,-53.241844177246094,86.35426330566406,-155.9549102783203
789.265,-53.241844177246094,86.35426330566406,-155.9549102783203
789.566,-53.241844177246094,86.35426330566406,-155.9549102783203
789.867,-53.241844177246094,86.35426330566406,-155.9549102783203
790.168,-53.241844177246094,86.35426330566406,-155.9549102783203
790.469,-53.241844177246094,86.35426330566406,-155.9549102783203
790.77,-53.241844177246094,86.35426330566406,-155.9549102783203
791.077,-53.241844177246094,86.35426330566406,-155.9549102783203
791.379,-53.241844177246094,86.35426330566406,-155.9549102783203
791.68,-53.241844177246094,86.35426330566406,-155.9549102783203
791.981,-53.241844177246094,86.35426330566406,-155.9549102783203
792.282,-53.241844177246094,86.35426330566406,-155.9549102783203
792.583,-53.241844177246094,86.35426330566406,-155.9549102783203
792.884,-53.241844177246094,86.35426330566406,-155.9549102783203
793.191,-53.241844177246094,86.35426330566406,-155.9549102783203
793.493,-53.241844177246094,86.35426330566406,-155.9549102783203
793.794,-53.241844177246094,86.35426330566406,-155.9549102783203
794.095,-53.241844177246094,86.35426330566406,-155.9549102783203
794.396,-53.241844177246094,86.35426330566406,-155.9549102783203
794.697,-53.241844177246094,86.35426330566406,-155.9549102783203
794.998,-53.241844177246094,86.35426330566406,-155.9549102783203
795.306,-53.241844177246094,86.35426330566406,-155.9549102783203
795.607,-53.241844177246094,86.35426330566406,-155.9549102783203
795.908,-53.241844177246094,86.35426330566406,-155.9549102783203
796.209,-53.241844177246094,86.35426330566406,-155.9549102783203
796.51,-53.241844177246094,86.35426330566406,-155.9549102783203
796.811,-53.241844177246094,86.35426330566406,-155.9549102783203
797.112,-53.241844177246094,86.35426330566406,-155.9549102783203
797.419,-53.241844177246094,86.35426330566406,-155.9549102783203
797.729,-53.241844177246094,86.35426330566406,-155.9549102783203
798.039,-53.241844177246094,86.35426330566406,-155.9549102783203
798.349,-53.241844177246094,86.35426330566406,-155.9549102783203
798.659,-53.241844177246094,86.35426330566406,-155.9549102783203
798.96,-53.241844177246094,86.35426330566406,-155.9549102783203
799.261,-53.241844177246094,86.35426330566406,-155.9549102783203
799.568,-53.241844177246094,86.35426330566406,-155.9549102783203
799.869,-53.241844177246094,86.35426330566406,-155.9549102783203
800.17,-53.241844177246094,86.35426330566406,-155.9549102783203
800.471,-53.241844177246094,86.35426330566406,-155.9549102783203
