relseconds,x,y,z
24.479,0.02470986731350422,0.07679598778486252,0.9999215602874756
24.755,0.026239674538373947,0.07856544852256775,1.0003950595855713
25.063,0.024750936776399612,0.07783499360084534,0.9998992085456848
25.365,0.024750936776399612,0.07783499360084534,0.9998992085456848
25.666,0.025850139558315277,0.0772995576262474,0.9995993971824646
25.968,0.025850139558315277,0.0772995576262474,0.9995993971824646
26.269,0.025850139558315277,0.0772995576262474,0.9995993971824646
26.57,0.025850139558315277,0.0772995576262474,0.9995993971824646
26.871,0.025850139558315277,0.0772995576262474,0.9995993971824646
27.178,0.025850139558315277,0.0772995576262474,0.9995993971824646
27.48,0.025850139558315277,0.0772995576262474,0.9995993971824646
27.781,0.025850139558315277,0.0772995576262474,0.9995993971824646
28.082,0.019553426653146744,0.07694484293460846,0.9999820590019226
28.384,0.029270214959979057,0.07201965153217316,0.999845027923584
28.695,0.025545570999383926,0.07901477813720703,0.9996362924575806
29.005,0.025545570999383926,0.07901477813720703,0.9996362924575806
29.428,0.025545570999383926,0.07901477813720703,0.9996362924575806
29.73,0.025545570999383926,0.07901477813720703,0.9996362924575806
30.031,0.012806719169020653,0.08350671827793121,1.0002055168151855
30.333,0.03942082077264786,0.06794741004705429,1.0004754066467285
30.66,0.012206189334392548,0.0832105427980423,0.9997022151947021
30.962,0.012206189334392548,0.0832105427980423,0.9997022151947021
31.263,0.012206189334392548,0.0832105427980423,0.9997022151947021
31.57,0.012206189334392548,0.0832105427980423,0.9997022151947021
31.872,0.012206189334392548,0.0832105427980423,0.9997022151947021
32.173,0.012206189334392548,0.0832105427980423,0.9997022151947021
32.474,0.012206189334392548,0.0832105427980423,0.9997022151947021
32.775,0.012206189334392548,0.0832105427980423,0.9997022151947021
33.076,0.0232114028185606,0.0813877135515213,0.9993842244148254
33.378,0.025763070210814476,0.07385175675153732,0.9994089603424072
33.685,0.021690016612410545,0.07552134990692139,1.0002201795578003
33.987,0.021690016612410545,0.07552134990692139,1.0002201795578003
34.288,0.025753237307071686,0.07611510902643204,1.000337839126587
34.59,0.02057301625609398,0.07270973920822144,0.9997600317001343
34.913,0.023792807012796402,0.07873649895191193,0.9991650581359863
35.187,0.025410205125808716,0.07228241115808487,1.0003445148468018
35.489,0.0297405906021595,0.07287360727787018,1.000196099281311
35.797,0.024342253804206848,0.08084475994110107,1.00004243850708
36.099,0.024342253804206848,0.08084475994110107,1.00004243850708
36.4,0.024342253804206848,0.08084475994110107,1.00004243850708
36.701,0.024342253804206848,0.08084475994110107,1.00004243850708
37.002,0.024342253804206848,0.08084475994110107,1.00004243850708
37.303,0.024342253804206848,0.08084475994110107,1.00004243850708
37.604,0.024342253804206848,0.08084475994110107,1.00004243850708
37.911,0.024342253804206848,0.08084475994110107,1.00004243850708
38.213,0.024342253804206848,0.08084475994110107,1.00004243850708
38.514,0.028827762231230736,0.06897646933794022,1.0007867813110352
38.825,0.020833510905504227,0.07823336869478226,0.9999414086341858
39.135,0.020833510905504227,0.07823336869478226,0.9999414086341858
39.445,0.020833510905504227,0.07823336869478226,0.9999414086341858
39.755,0.020833510905504227,0.07823336869478226,0.9999414086341858
40.062,0.020833510905504227,0.07823336869478226,0.9999414086341858
40.364,0.020833510905504227,0.07823336869478226,0.9999414086341858
40.665,0.030693799257278442,0.07608625292778015,0.999506950378418
40.967,0.018167905509471893,0.08069316297769547,1.0000755786895752
41.269,0.018167905509471893,0.08069316297769547,1.0000755786895752
41.57,0.018167905509471893,0.08069316297769547,1.0000755786895752
41.871,0.018167905509471893,0.08069316297769547,1.0000755786895752
42.178,0.018167905509471893,0.08069316297769547,1.0000755786895752
42.48,0.018167905509471893,0.08069316297769547,1.0000755786895752
42.781,0.018167905509471893,0.08069316297769547,1.0000755786895752
43.082,0.018167905509471893,0.08069316297769547,1.0000755786895752
43.415,0.03140346705913544,0.07195878773927689,0.9998643398284912
43.691,0.02965216152369976,0.07915214449167252,0.9999549388885498
43.993,0.02229616791009903,0.07518158107995987,1.0001014471054077
44.301,0.029190141707658768,0.07112859189510345,1.0000523328781128
44.603,0.029190141707658768,0.07112859189510345,1.0000523328781128
44.904,0.027661887928843498,0.0762874111533165,0.9998326897621155
45.206,0.02310354821383953,0.07088624686002731,0.9998248219490051
45.508,0.027362171560525894,0.07624118030071259,1.0001593828201294
45.81,0.02306034043431282,0.08442503958940506,0.9998923540115356
46.112,0.02216397598385811,0.07174773514270782,0.9999505281448364
46.42,0.02216397598385811,0.07174773514270782,0.9999505281448364
46.721,0.02216397598385811,0.07174773514270782,0.9999505281448364
47.022,0.02216397598385811,0.07174773514270782,0.9999505281448364
47.323,0.02216397598385811,0.07174773514270782,0.9999505281448364
47.624,0.02216397598385811,0.07174773514270782,0.9999505281448364
47.925,0.02216397598385811,0.07174773514270782,0.9999505281448364
48.226,0.03066101297736168,0.07067538797855377,0.9998050332069397
48.534,0.01614360138773918,0.08188461512327194,0.999273419380188
48.844,0.01614360138773918,0.08188461512327194,0.999273419380188
49.154,0.01614360138773918,0.08188461512327194,0.999273419380188
49.464,0.01614360138773918,0.08188461512327194,0.999273419380188
49.774,0.01614360138773918,0.08188461512327194,0.999273419380188
50.075,0.01614360138773918,0.08188461512327194,0.999273419380188
50.376,0.01614360138773918,0.08188461512327194,0.999273419380188
50.706,0.03484778478741646,0.073600634932518,0.9993677139282227
51.008,0.03484778478741646,0.073600634932518,0.9993677139282227
51.309,0.03484778478741646,0.073600634932518,0.9993677139282227
51.61,0.03484778478741646,0.073600634932518,0.9993677139282227
51.911,0.03484778478741646,0.073600634932518,0.9993677139282227
52.212,0.03484778478741646,0.073600634932518,0.9993677139282227
52.513,0.03484778478741646,0.073600634932518,0.9993677139282227
52.82,0.03484778478741646,0.073600634932518,0.9993677139282227
53.122,0.03484778478741646,0.073600634932518,0.9993677139282227
53.423,0.02908596396446228,0.07340875267982483,1.0001955032348633
53.725,0.025520866736769676,0.07620176672935486,1.0000661611557007
54.027,0.025696881115436554,0.07544878125190735,0.9993496537208557
54.329,0.030614497140049934,0.07397033274173737,1.0001733303070068
54.631,0.01979074440896511,0.07677483558654785,1.0005791187286377
54.958,0.026776567101478577,0.0740579292178154,1.0000725984573364
55.26,0.026776567101478577,0.0740579292178154,1.0000725984573364
55.561,0.025423478335142136,0.07498402893543243,1.00020170211792
55.863,0.01860693283379078,0.07920864224433899,1.0001530647277832
56.165,0.03004460781812668,0.07483135163784027,0.9993964433670044
56.467,0.03004460781812668,0.07483135163784027,0.9993964433670044
56.768,0.03004460781812668,0.07483135163784027,0.9993964433670044
57.075,0.03004460781812668,0.07483135163784027,0.9993964433670044
57.377,0.03004460781812668,0.07483135163784027,0.9993964433670044
57.678,0.03004460781812668,0.07483135163784027,0.9993964433670044
57.979,0.03004460781812668,0.07483135163784027,0.9993964433670044
58.28,0.03004460781812668,0.07483135163784027,0.9993964433670044
58.581,0.015982914716005325,0.08235042542219162,0.9987394213676453
58.892,0.015982914716005325,0.08235042542219162,0.9987394213676453
59.315,0.015982914716005325,0.08235042542219162,0.9987394213676453
59.626,0.015982914716005325,0.08235042542219162,0.9987394213676453
59.927,0.015982914716005325,0.08235042542219162,0.9987394213676453
60.228,0.024999860674142838,0.07582931965589523,1.0003042221069336
60.53,0.027652835473418236,0.07596554607152939,0.9998877644538879
60.856,0.02634633332490921,0.07456643879413605,0.9996325969696045
61.132,0.02687183767557144,0.07818421721458435,0.998806357383728
61.44,0.02687183767557144,0.07818421721458435,0.998806357383728
61.742,0.02687183767557144,0.07818421721458435,0.998806357383728
62.043,0.02687183767557144,0.07818421721458435,0.998806357383728
62.344,0.02687183767557144,0.07818421721458435,0.998806357383728
62.645,0.02687183767557144,0.07818421721458435,0.998806357383728
62.946,0.02687183767557144,0.07818421721458435,0.998806357383728
63.247,0.02687183767557144,0.07818421721458435,0.998806357383728
63.554,0.01718532294034958,0.08214882016181946,1.000065565109253
63.856,0.01718532294034958,0.08214882016181946,1.000065565109253
64.157,0.020310161635279655,0.07988560199737549,0.9998846054077148
64.459,0.02712211199104786,0.07639609277248383,0.9995338916778564
64.761,0.022972367703914642,0.07368563115596771,0.9995400905609131
65.063,0.02752973884344101,0.07498355209827423,0.9992551803588867
65.384,0.024005357176065445,0.08075430989265442,0.9993686676025391
65.666,0.023432059213519096,0.07682865858078003,0.9999243021011353
65.968,0.023432059213519096,0.07682865858078003,0.9999243021011353
66.269,0.027562450617551804,0.07524091005325317,0.9994003772735596
66.571,0.027562450617551804,0.07524091005325317,0.9994003772735596
66.872,0.027562450617551804,0.07524091005325317,0.9994003772735596
67.173,0.027562450617551804,0.07524091005325317,0.9994003772735596
67.474,0.027562450617551804,0.07524091005325317,0.9994003772735596
67.781,0.027562450617551804,0.07524091005325317,0.9994003772735596
68.083,0.027562450617551804,0.07524091005325317,0.9994003772735596
68.384,0.027562450617551804,0.07524091005325317,0.9994003772735596
68.685,0.02994358539581299,0.07241475582122803,1.0002719163894653
68.996,0.019109081476926804,0.07489853352308273,1.0002951622009277
69.306,0.019109081476926804,0.07489853352308273,1.0002951622009277
69.616,0.019109081476926804,0.07489853352308273,1.0002951622009277
70.039,0.019109081476926804,0.07489853352308273,1.0002951622009277
70.34,0.019109081476926804,0.07489853352308273,1.0002951622009277
70.641,0.023697780445218086,0.0786442831158638,0.9998849630355835
70.943,0.02959492988884449,0.07238775491714478,1.0002954006195068
71.245,0.024346403777599335,0.0785301923751831,1.000216007232666
71.547,0.02717297524213791,0.07454291731119156,1.0006344318389893
71.849,0.02717297524213791,0.07454291731119156,1.0006344318389893
72.156,0.02717297524213791,0.07454291731119156,1.0006344318389893
72.458,0.02717297524213791,0.07454291731119156,1.0006344318389893
72.759,0.02717297524213791,0.07454291731119156,1.0006344318389893
73.06,0.02717297524213791,0.07454291731119156,1.0006344318389893
73.361,0.02717297524213791,0.07454291731119156,1.0006344318389893
73.662,0.02273307368159294,0.07712433487176895,0.9999039173126221
73.964,0.027607973664999008,0.07164950668811798,1.0003440380096436
74.272,0.021800298243761063,0.07967101782560349,1.0003880262374878
74.574,0.021800298243761063,0.07967101782560349,1.0003880262374878
74.875,0.01980236917734146,0.07482067495584488,0.9997307658195496
75.177,0.033864762634038925,0.07604419440031052,1.0002477169036865
75.479,0.016370704397559166,0.08145629614591599,1.0005218982696533
75.781,0.032785192131996155,0.06714263558387756,1.0004591941833496
76.083,0.032785192131996155,0.06714263558387756,1.0004591941833496
76.39,0.012534292414784431,0.0794144719839096,0.9998151063919067
76.692,0.012534292414784431,0.0794144719839096,0.9998151063919067
76.993,0.012534292414784431,0.0794144719839096,0.9998151063919067
77.294,0.012534292414784431,0.0794144719839096,0.9998151063919067
77.595,0.012534292414784431,0.0794144719839096,0.9998151063919067
77.896,0.012534292414784431,0.0794144719839096,0.9998151063919067
78.197,0.012534292414784431,0.0794144719839096,0.9998151063919067
78.504,0.012534292414784431,0.0794144719839096,0.9998151063919067
78.806,0.012534292414784431,0.0794144719839096,0.9998151063919067
79.116,0.03142687678337097,0.07081004977226257,0.9998338222503662
79.426,0.03142687678337097,0.07081004977226257,0.9998338222503662
79.736,0.03142687678337097,0.07081004977226257,0.9998338222503662
80.046,0.03142687678337097,0.07081004977226257,0.9998338222503662
80.347,0.03142687678337097,0.07081004977226257,0.9998338222503662
80.655,0.028364159166812897,0.07034873217344284,0.9998653531074524
80.956,0.028364159166812897,0.07034873217344284,0.9998653531074524
81.257,0.028976429253816605,0.07453493028879166,1.0003173351287842
81.559,0.022501155734062195,0.07618887722492218,1.000636100769043
81.861,0.022501155734062195,0.07618887722492218,1.000636100769043
82.162,0.022501155734062195,0.07618887722492218,1.000636100769043
82.463,0.022501155734062195,0.07618887722492218,1.000636100769043
82.769,0.022501155734062195,0.07618887722492218,1.000636100769043
83.071,0.022501155734062195,0.07618887722492218,1.000636100769043
83.372,0.022501155734062195,0.07618887722492218,1.000636100769043
83.673,0.022501155734062195,0.07618887722492218,1.000636100769043
83.974,0.01822325959801674,0.07943069934844971,0.9993802309036255
84.276,0.03101331740617752,0.07453934848308563,0.9999768733978271
84.597,0.017237909138202667,0.07955224812030792,1.000157117843628
84.879,0.02387728914618492,0.07770183682441711,1.0000311136245728
85.181,0.02387728914618492,0.07770183682441711,1.0000311136245728
85.482,0.02041606977581978,0.07830438017845154,0.9999068975448608
85.784,0.03253260254859924,0.07126253843307495,0.9995430707931519
86.086,0.02393830008804798,0.07595295459032059,0.9998708367347717
86.388,0.032933007925748825,0.0705433115363121,1.0009092092514038
86.69,0.018786165863275528,0.0810537189245224,0.9997143149375916
86.998,0.018786165863275528,0.0810537189245224,0.9997143149375916
87.3,0.018786165863275528,0.0810537189245224,0.9997143149375916
87.601,0.018786165863275528,0.0810537189245224,0.9997143149375916
87.902,0.018786165863275528,0.0810537189245224,0.9997143149375916
88.203,0.018786165863275528,0.0810537189245224,0.9997143149375916
88.504,0.018786165863275528,0.0810537189245224,0.9997143149375916
88.805,0.018786165863275528,0.0810537189245224,0.9997143149375916
89.246,0.027143556624650955,0.07446996122598648,0.9995948076248169
89.557,0.027143556624650955,0.07446996122598648,0.9995948076248169
89.867,0.027143556624650955,0.07446996122598648,0.9995948076248169
90.168,0.027143556624650955,0.07446996122598648,0.9995948076248169
90.469,0.027143556624650955,0.07446996122598648,0.9995948076248169
90.778,0.028177641332149506,0.07266711443662643,0.9992901086807251
91.054,0.029433775693178177,0.07340249419212341,0.9994032979011536
91.362,0.020023003220558167,0.07797352224588394,0.9991806745529175
91.664,0.020023003220558167,0.07797352224588394,0.9991806745529175
91.965,0.020023003220558167,0.07797352224588394,0.9991806745529175
92.266,0.020023003220558167,0.07797352224588394,0.9991806745529175
92.567,0.020023003220558167,0.07797352224588394,0.9991806745529175
92.868,0.020023003220558167,0.07797352224588394,0.9991806745529175
93.169,0.020023003220558167,0.07797352224588394,0.9991806745529175
93.476,0.020023003220558167,0.07797352224588394,0.9991806745529175
93.778,0.020023003220558167,0.07797352224588394,0.9991806745529175
94.079,0.030003691092133522,0.07647274434566498,0.9997003078460693
94.381,0.030003691092133522,0.07647274434566498,0.9997003078460693
94.682,0.029418421909213066,0.07445116341114044,0.9996892213821411
94.984,0.021973848342895508,0.08031079918146133,1.000043272972107
95.306,0.02862381935119629,0.0732099860906601,0.9995802044868469
95.588,0.029311709105968475,0.07567176967859268,0.9990484714508057
95.89,0.029311709105968475,0.07567176967859268,0.9990484714508057
96.191,0.02941971831023693,0.07279159873723984,1.0001046657562256
96.493,0.023023486137390137,0.07853082567453384,0.9994832277297974
96.795,0.030098987743258476,0.07550326734781265,0.9993655681610107
97.097,0.030098987743258476,0.07550326734781265,0.9993655681610107
97.398,0.030098987743258476,0.07550326734781265,0.9993655681610107
97.705,0.030098987743258476,0.07550326734781265,0.9993655681610107
98.007,0.030098987743258476,0.07550326734781265,0.9993655681610107
98.308,0.030098987743258476,0.07550326734781265,0.9993655681610107
98.609,0.030098987743258476,0.07550326734781265,0.9993655681610107
98.91,0.030098987743258476,0.07550326734781265,0.9993655681610107
99.22,0.030098987743258476,0.07550326734781265,0.9993655681610107
99.53,0.030098987743258476,0.07550326734781265,0.9993655681610107
99.953,0.030098987743258476,0.07550326734781265,0.9993655681610107
100.254,0.030098987743258476,0.07550326734781265,0.9993655681610107
100.555,0.06480494886636734,0.5004532337188721,11.391524314880371
100.857,-0.08687509596347809,0.18625041842460632,2.469965696334839
101.158,-0.07902523130178452,0.07800528407096863,-1.3079726696014404
101.488,0.04554477334022522,0.16779065132141113,-1.3852522373199463
101.764,0.032016802579164505,0.23032206296920776,-1.2194545269012451
102.071,0.032016802579164505,0.23032206296920776,-1.2194545269012451
102.373,0.032016802579164505,0.23032206296920776,-1.2194545269012451
102.674,0.032016802579164505,0.23032206296920776,-1.2194545269012451
102.975,0.032016802579164505,0.23032206296920776,-1.2194545269012451
103.276,0.032016802579164505,0.23032206296920776,-1.2194545269012451
103.577,0.032016802579164505,0.23032206296920776,-1.2194545269012451
103.878,0.032016802579164505,0.23032206296920776,-1.2194545269012451
104.186,0.011369535699486732,0.21984019875526428,-0.8003767132759094
104.487,0.011369535699486732,0.21984019875526428,-0.8003767132759094
104.788,0.020016564056277275,0.10939012467861176,-0.7295587658882141
105.09,0.00996970571577549,0.19611027836799622,-0.7075749635696411
105.392,-0.030128994956612587,0.145297110080719,-0.6765204071998596
105.694,-0.03333745151758194,0.13654854893684387,-0.6448733806610107
106.017,-0.00029791612178087234,0.09975273907184601,-0.6130841970443726
106.3,-0.02977474220097065,0.06971774250268936,-0.55857253074646
106.602,-0.02977474220097065,0.06971774250268936,-0.55857253074646
106.903,-0.021695272997021675,0.04798236861824989,-0.5163638591766357
107.205,-0.021695272997021675,0.04798236861824989,-0.5163638591766357
107.506,-0.021695272997021675,0.04798236861824989,-0.5163638591766357
107.807,-0.021695272997021675,0.04798236861824989,-0.5163638591766357
108.108,-0.021695272997021675,0.04798236861824989,-0.5163638591766357
108.415,-0.021695272997021675,0.04798236861824989,-0.5163638591766357
108.717,-0.021695272997021675,0.04798236861824989,-0.5163638591766357
109.018,-0.021695272997021675,0.04798236861824989,-0.5163638591766357
109.328,-0.054435744881629944,-0.013507908210158348,-0.34976786375045776
109.638,-0.054435744881629944,-0.013507908210158348,-0.34976786375045776
109.948,-0.054435744881629944,-0.013507908210158348,-0.34976786375045776
110.258,-0.054435744881629944,-0.013507908210158348,-0.34976786375045776
110.565,-0.054435744881629944,-0.013507908210158348,-0.34976786375045776
110.867,-0.054435744881629944,-0.013507908210158348,-0.34976786375045776
111.168,-0.030520841479301453,-0.005359833128750324,-0.2514227032661438
111.47,-0.03211546689271927,-0.03277299553155899,-0.24120178818702698
111.772,-0.03226698562502861,-0.02769356593489647,-0.23032784461975098
112.074,-0.040390051901340485,-0.03571115434169769,-0.2188654989004135
112.376,-0.040390051901340485,-0.03571115434169769,-0.2188654989004135
112.682,-0.040390051901340485,-0.03571115434169769,-0.2188654989004135
112.984,-0.040390051901340485,-0.03571115434169769,-0.2188654989004135
113.285,-0.040390051901340485,-0.03571115434169769,-0.2188654989004135
113.586,-0.040390051901340485,-0.03571115434169769,-0.2188654989004135
113.887,-0.040390051901340485,-0.03571115434169769,-0.2188654989004135
114.188,-0.040390051901340485,-0.03571115434169769,-0.2188654989004135
114.521,-0.025254499167203903,-0.016419431194663048,-0.13816118240356445
114.804,-0.02406691014766693,-0.013268238864839077,-0.12315449118614197
115.105,-0.02406691014766693,-0.013268238864839077,-0.12315449118614197
115.406,-0.017889320850372314,-0.0161190964281559,-0.11024242639541626
115.708,-0.016599005088210106,-0.007958179339766502,-0.10341562330722809
116.01,-0.017312761396169662,0.00033459742553532124,-0.09496607631444931
116.312,-0.020214060321450233,-0.00019708380568772554,-0.08871197700500488
116.614,-0.014127634465694427,-0.00042953836964443326,-0.08538930863142014
116.922,-0.012820212170481682,0.003214654978364706,-0.07978814840316772
117.224,-0.012820212170481682,0.003214654978364706,-0.07978814840316772
117.525,-0.012820212170481682,0.003214654978364706,-0.07978814840316772
117.826,-0.012820212170481682,0.003214654978364706,-0.07978814840316772
118.127,-0.012820212170481682,0.003214654978364706,-0.07978814840316772
118.428,-0.012820212170481682,0.003214654978364706,-0.07978814840316772
118.729,-0.012820212170481682,0.003214654978364706,-0.07978814840316772
119.036,-0.012820212170481682,0.003214654978364706,-0.07978814840316772
119.347,-0.013259888626635075,0.0077420794405043125,-0.03526703268289566
119.657,-0.013259888626635075,0.0077420794405043125,-0.03526703268289566
119.967,-0.013259888626635075,0.0077420794405043125,-0.03526703268289566
120.277,-0.013259888626635075,0.0077420794405043125,-0.03526703268289566
120.578,-0.013259888626635075,0.0077420794405043125,-0.03526703268289566
120.879,-0.010295926593244076,0.012066906318068504,-0.02310037985444069
121.187,-0.009523909538984299,0.00854764599353075,-0.020784525200724602
121.488,-0.009523909538984299,0.00854764599353075,-0.020784525200724602
121.806,-0.009204531088471413,0.00012261560186743736,-0.018633969128131866
122.082,-0.0068166484124958515,-0.0033952267840504646,-0.014126334339380264
122.384,-0.0068166484124958515,-0.0033952267840504646,-0.014126334339380264
122.685,-0.0068166484124958515,-0.0033952267840504646,-0.014126334339380264
122.986,-0.0068166484124958515,-0.0033952267840504646,-0.014126334339380264
123.293,-0.0068166484124958515,-0.0033952267840504646,-0.014126334339380264
123.594,-0.0068166484124958515,-0.0033952267840504646,-0.014126334339380264
123.895,-0.0068166484124958515,-0.0033952267840504646,-0.014126334339380264
124.196,-0.0068166484124958515,-0.0033952267840504646,-0.014126334339380264
124.497,0.3677263855934143,0.3147820234298706,2.1122653484344482
124.799,-0.02080812118947506,0.031813785433769226,-0.021276550367474556
125.101,-0.032125767320394516,-0.0033766478300094604,-0.18466141819953918
125.409,-0.028600018471479416,0.02418096922338009,-0.12654846906661987
125.71,-0.028600018471479416,0.02418096922338009,-0.12654846906661987
126.011,-0.2089814990758896,-0.0968148484826088,-1.1252334117889404
126.334,0.34431982040405273,-0.506170392036438,-0.7916989326477051
126.61,0.31382790207862854,-0.23649457097053528,-1.1269055604934692
126.912,0.32816779613494873,-0.24330942332744598,-0.8745202422142029
127.214,0.33042627573013306,-0.022677801549434662,-1.0769033432006836
127.522,0.33042627573013306,-0.022677801549434662,-1.0769033432006836
127.823,0.33042627573013306,-0.022677801549434662,-1.0769033432006836
128.124,0.33042627573013306,-0.022677801549434662,-1.0769033432006836
128.425,0.33042627573013306,-0.022677801549434662,-1.0769033432006836
128.726,0.33042627573013306,-0.022677801549434662,-1.0769033432006836
129.027,0.33042627573013306,-0.022677801549434662,-1.0769033432006836
129.328,0.33042627573013306,-0.022677801549434662,-1.0769033432006836
129.751,0.06790558993816376,-0.17803680896759033,-0.8833741545677185
130.062,-0.08009569346904755,0.04402665048837662,-1.8349941968917847
130.372,-0.08009569346904755,0.04402665048837662,-1.8349941968917847
130.673,-0.08009569346904755,0.04402665048837662,-1.8349941968917847
130.974,0.029802773147821426,-0.07930967211723328,-1.1474642753601074
131.276,-0.006069643422961235,0.0654473677277565,-0.6609663963317871
131.578,0.0010340544395148754,0.023238198831677437,-1.3215656280517578
131.886,0.003162495791912079,0.0049425046890974045,-0.853495180606842
132.187,0.003162495791912079,0.0049425046890974045,-0.853495180606842
132.488,-0.04363036900758743,0.04465443640947342,-1.0831102132797241
132.79,-0.04363036900758743,0.04465443640947342,-1.0831102132797241
133.091,-0.04363036900758743,0.04465443640947342,-1.0831102132797241
133.392,-0.04363036900758743,0.04465443640947342,-1.0831102132797241
133.693,-0.04363036900758743,0.04465443640947342,-1.0831102132797241
134,-0.04363036900758743,0.04465443640947342,-1.0831102132797241
134.302,-0.04363036900758743,0.04465443640947342,-1.0831102132797241
134.603,-0.046710461378097534,-0.03945636376738548,-1.0156553983688354
134.905,0.004189812578260899,-0.03578691929578781,-1.070432186126709
135.207,0.037267960608005524,-0.043495554476976395,-0.9379545450210571
135.509,0.026714634150266647,-0.042068079113960266,-0.9048947691917419
135.811,0.017693381756544113,-0.04366762936115265,-0.8910294771194458
136.119,0.036119334399700165,-0.04913302883505821,-0.9508413076400757
136.421,0.036119334399700165,-0.04913302883505821,-0.9508413076400757
136.722,0.02909855544567108,-0.03477049246430397,-1.1149425506591797
137.045,0.016054242849349976,-0.04037972539663315,-1.112768530845642
137.32,0.017373472452163696,-0.058883994817733765,-1.1187907457351685
137.621,0.017373472452163696,-0.058883994817733765,-1.1187907457351685
137.922,0.017373472452163696,-0.058883994817733765,-1.1187907457351685
138.228,0.017373472452163696,-0.058883994817733765,-1.1187907457351685
138.53,0.017373472452163696,-0.058883994817733765,-1.1187907457351685
138.831,0.017373472452163696,-0.058883994817733765,-1.1187907457351685
139.132,0.017373472452163696,-0.058883994817733765,-1.1187907457351685
139.433,0.017373472452163696,-0.058883994817733765,-1.1187907457351685
139.743,0.02005564421415329,-0.058228325098752975,-1.0396397113800049
140.053,0.02005564421415329,-0.058228325098752975,-1.0396397113800049
140.476,0.02005564421415329,-0.058228325098752975,-1.0396397113800049
140.778,0.02005564421415329,-0.058228325098752975,-1.0396397113800049
141.079,-0.011992460116744041,-0.03382258862257004,-0.9602984189987183
141.38,-0.025537043809890747,-0.02587808109819889,-0.8854182958602905
141.682,-0.01702561415731907,-0.0289764404296875,-0.9994353652000427
141.984,-0.020555369555950165,-0.030571311712265015,-0.9513791799545288
142.286,-0.027860449627041817,-0.01841788738965988,-0.9184494018554688
142.594,-0.037589579820632935,-0.030402764678001404,-0.9988973140716553
142.896,-0.037589579820632935,-0.030402764678001404,-0.9988973140716553
143.197,-0.037589579820632935,-0.030402764678001404,-0.9988973140716553
143.498,-0.037589579820632935,-0.030402764678001404,-0.9988973140716553
143.799,-0.037589579820632935,-0.030402764678001404,-0.9988973140716553
144.1,-0.037589579820632935,-0.030402764678001404,-0.9988973140716553
144.401,-0.037589579820632935,-0.030402764678001404,-0.9988973140716553
144.728,-0.037589579820632935,-0.030402764678001404,-0.9988973140716553
145.03,-0.037589579820632935,-0.030402764678001404,-0.9988973140716553
145.331,0.018514443188905716,-0.06672726571559906,-0.921271800994873
145.633,0.02863876149058342,-0.03556504845619202,-0.9884469509124756
145.935,0.021192623302340508,-0.03819267079234123,-1.0352635383605957
146.237,0.009955836459994316,-0.042251452803611755,-0.9771915674209595
146.539,0.015135474503040314,-0.0307932049036026,-1.0283128023147583
146.847,0.01627039909362793,-0.036118537187576294,-1.0450961589813232
147.149,0.01627039909362793,-0.036118537187576294,-1.0450961589813232
147.478,0.016468137502670288,-0.043970294296741486,-1.0623362064361572
147.78,0.016468137502670288,-0.043970294296741486,-1.0623362064361572
148.081,0.016468137502670288,-0.043970294296741486,-1.0623362064361572
148.382,0.016468137502670288,-0.043970294296741486,-1.0623362064361572
148.683,0.016468137502670288,-0.043970294296741486,-1.0623362064361572
148.99,0.016468137502670288,-0.043970294296741486,-1.0623362064361572
149.291,0.016468137502670288,-0.043970294296741486,-1.0623362064361572
149.592,0.016468137502670288,-0.043970294296741486,-1.0623362064361572
149.902,-0.036915503442287445,-0.08671146631240845,-1.0262908935546875
150.212,-0.036915503442287445,-0.08671146631240845,-1.0262908935546875
150.522,-0.036915503442287445,-0.08671146631240845,-1.0262908935546875
150.832,-0.036915503442287445,-0.08671146631240845,-1.0262908935546875
151.139,-0.036915503442287445,-0.08671146631240845,-1.0262908935546875
151.455,-0.036915503442287445,-0.08671146631240845,-1.0262908935546875
151.73,-0.002744716126471758,-0.04986052215099335,-1.0928497314453125
152.032,0.0077356137335300446,-0.049510110169649124,-1.0989166498184204
152.334,-0.002362326253205538,-0.06473703682422638,-1.1284565925598145
152.636,0.009624558500945568,-0.05013207346200943,-1.0809485912322998
152.938,0.009624558500945568,-0.05013207346200943,-1.0809485912322998
153.244,0.009624558500945568,-0.05013207346200943,-1.0809485912322998
153.546,0.009624558500945568,-0.05013207346200943,-1.0809485912322998
153.847,0.009624558500945568,-0.05013207346200943,-1.0809485912322998
154.148,0.009624558500945568,-0.05013207346200943,-1.0809485912322998
154.449,0.009624558500945568,-0.05013207346200943,-1.0809485912322998
154.75,0.009624558500945568,-0.05013207346200943,-1.0809485912322998
155.051,-0.04187837615609169,0.04529215395450592,-1.0314933061599731
155.36,-0.04865194857120514,0.015072114765644073,-1.0270252227783203
155.661,-0.04865194857120514,0.015072114765644073,-1.0270252227783203
155.983,-0.02105499431490898,-0.019966529682278633,-0.9533348083496094
156.258,0.0008819184149615467,-0.02655470371246338,-0.9445042610168457
156.56,0.01898207888007164,-0.011408273130655289,-0.9857239127159119
156.862,0.02907007932662964,-0.030242139473557472,-1.0759788751602173
157.164,0.025084052234888077,-0.0468868613243103,-1.050815224647522
157.472,-0.011567654088139534,-0.0786295086145401,-1.023237705230713
157.774,-0.011567654088139534,-0.0786295086145401,-1.023237705230713
158.075,-0.011567654088139534,-0.0786295086145401,-1.023237705230713
158.376,-0.011567654088139534,-0.0786295086145401,-1.023237705230713
158.677,-0.011567654088139534,-0.0786295086145401,-1.023237705230713
158.978,-0.011567654088139534,-0.0786295086145401,-1.023237705230713
159.279,-0.011567654088139534,-0.0786295086145401,-1.023237705230713
159.586,-0.011567654088139534,-0.0786295086145401,-1.023237705230713
159.888,-0.011567654088139534,-0.0786295086145401,-1.023237705230713
160.198,-0.02882484905421734,-0.04224274307489395,-1.0258469581604004
160.508,-0.02882484905421734,-0.04224274307489395,-1.0258469581604004
160.818,-0.02882484905421734,-0.04224274307489395,-1.0258469581604004
161.128,-0.02882484905421734,-0.04224274307489395,-1.0258469581604004
161.429,-0.02882484905421734,-0.04224274307489395,-1.0258469581604004
161.737,-0.02921602874994278,-0.052091825753450394,-1.0204546451568604
162.038,-0.02921602874994278,-0.052091825753450394,-1.0204546451568604
162.339,0.06719060242176056,-0.0908525139093399,-1.0264185667037964
162.641,0.028531601652503014,-0.0006542522460222244,-1.029451847076416
162.943,-0.06603625416755676,-0.0060173701494932175,-0.9388433694839478
163.245,-0.06603625416755676,-0.0060173701494932175,-0.9388433694839478
163.546,-0.06603625416755676,-0.0060173701494932175,-0.9388433694839478
163.853,-0.06603625416755676,-0.0060173701494932175,-0.9388433694839478
164.154,-0.06603625416755676,-0.0060173701494932175,-0.9388433694839478
164.455,-0.06603625416755676,-0.0060173701494932175,-0.9388433694839478
164.756,-0.06603625416755676,-0.0060173701494932175,-0.9388433694839478
165.057,0.045377686619758606,-0.05233386158943176,-1.0774223804473877
165.359,0.008614476770162582,-0.09123676270246506,-1.0588469505310059
165.661,-0.08511918038129807,-0.04978149011731148,-1.069669485092163
165.969,-0.06587298214435577,0.023953482508659363,-1.0684759616851807
166.271,-0.06587298214435577,0.023953482508659363,-1.0684759616851807
166.572,0.041029613465070724,0.009117413312196732,-1.0163506269454956
166.874,0.03687120974063873,0.006146274507045746,-1.0151710510253906
167.176,0.035053499042987823,-0.028622109442949295,-0.9884309768676758
167.478,0.028619565069675446,-0.027913682162761688,-0.9882600903511047
167.795,0.015446240082383156,-0.002383073326200247,-1.0033254623413086
168.103,0.015446240082383156,-0.002383073326200247,-1.0033254623413086
168.405,0.015446240082383156,-0.002383073326200247,-1.0033254623413086
168.706,0.015446240082383156,-0.002383073326200247,-1.0033254623413086
169.007,0.015446240082383156,-0.002383073326200247,-1.0033254623413086
169.308,0.015446240082383156,-0.002383073326200247,-1.0033254623413086
169.609,0.015446240082383156,-0.002383073326200247,-1.0033254623413086
169.91,0.015446240082383156,-0.002383073326200247,-1.0033254623413086
170.333,-0.08354724943637848,-0.027573898434638977,-1.0335967540740967
170.754,-0.08354724943637848,-0.027573898434638977,-1.0335967540740967
171.064,-0.08354724943637848,-0.027573898434638977,-1.0335967540740967
171.365,-0.08354724943637848,-0.027573898434638977,-1.0335967540740967
171.666,-0.025414375588297844,-0.06993162631988525,-0.9937412738800049
171.968,-0.03196694701910019,-0.024981364607810974,-1.03805410861969
172.276,-0.04570864140987396,-0.018426496535539627,-0.9668357372283936
172.599,-0.04570864140987396,-0.018426496535539627,-0.9668357372283936
172.875,0.021122906357049942,-0.02479281648993492,-1.035491943359375
173.176,0.021122906357049942,-0.02479281648993492,-1.035491943359375
173.477,0.021122906357049942,-0.02479281648993492,-1.035491943359375
173.778,0.021122906357049942,-0.02479281648993492,-1.035491943359375
174.079,0.021122906357049942,-0.02479281648993492,-1.035491943359375
174.386,0.021122906357049942,-0.02479281648993492,-1.035491943359375
174.688,0.021122906357049942,-0.02479281648993492,-1.035491943359375
174.989,0.021122906357049942,-0.02479281648993492,-1.035491943359375
175.29,-0.02087746001780033,-0.06524892151355743,-0.9789170622825623
175.592,-0.03815198689699173,-0.05824292078614235,-0.9866459965705872
175.894,-0.04722339287400246,-0.02476729452610016,-1.0273072719573975
176.196,-0.054679594933986664,0.02804115042090416,-0.9844583868980408
176.504,-0.07996844500303268,0.059590306133031845,-1.0045937299728394
176.806,-0.07996844500303268,0.059590306133031845,-1.0045937299728394
177.127,0.03554067388176918,0.023378614336252213,-0.9839933514595032
177.403,-0.008292595855891705,-0.06381148099899292,-1.0684161186218262
177.704,-0.023035995662212372,-0.05943211913108826,-1.0395565032958984
178.006,-0.06262478232383728,-0.03320108354091644,-1.079378366470337
178.308,-0.06262478232383728,-0.03320108354091644,-1.079378366470337
178.615,-0.06262478232383728,-0.03320108354091644,-1.079378366470337
178.917,-0.06262478232383728,-0.03320108354091644,-1.079378366470337
179.218,-0.06262478232383728,-0.03320108354091644,-1.079378366470337
179.519,-0.06262478232383728,-0.03320108354091644,-1.079378366470337
179.82,-0.06262478232383728,-0.03320108354091644,-1.079378366470337
180.121,-0.06262478232383728,-0.03320108354091644,-1.079378366470337
180.431,-0.062025994062423706,-0.07308049499988556,-0.9766460657119751
180.854,-0.062025994062423706,-0.07308049499988556,-0.9766460657119751
181.165,-0.062025994062423706,-0.07308049499988556,-0.9766460657119751
181.466,-0.062025994062423706,-0.07308049499988556,-0.9766460657119751
181.767,0.0599757581949234,-0.04719455912709236,-0.9780611991882324
182.069,-0.055816493928432465,0.0071377018466591835,-0.9964537620544434
182.371,-0.08084478974342346,-0.007001820486038923,-0.991759181022644
182.673,-0.09976346045732498,0.00363222137093544,-0.9751936197280884
182.981,-0.03661075234413147,0.008396357297897339,-1.0289000272750854
183.283,-0.03661075234413147,0.008396357297897339,-1.0289000272750854
183.584,-0.03661075234413147,0.008396357297897339,-1.0289000272750854
183.885,-0.03661075234413147,0.008396357297897339,-1.0289000272750854
184.186,-0.03661075234413147,0.008396357297897339,-1.0289000272750854
184.487,-0.03661075234413147,0.008396357297897339,-1.0289000272750854
184.788,-0.03661075234413147,0.008396357297897339,-1.0289000272750854
185.094,-0.03661075234413147,0.008396357297897339,-1.0289000272750854
185.396,-0.03661075234413147,0.008396357297897339,-1.0289000272750854
185.697,0.052278004586696625,0.003323465120047331,-0.9690329432487488
185.999,0.0343039333820343,0.003992465324699879,-1.0171256065368652
186.301,0.0010774177499115467,0.022471118718385696,-0.9957266449928284
186.603,0.04153428226709366,-0.1383228302001953,-1.0041738748550415
186.905,-0.04669591784477234,-0.08866633474826813,-0.9217212200164795
187.213,0.02052205428481102,-0.05287294089794159,-1.0238946676254272
187.514,0.02052205428481102,-0.05287294089794159,-1.0238946676254272
187.837,-0.04533376172184944,-0.05327218025922775,-0.9817795157432556
188.112,0.00594483595341444,0.020915109664201736,-1.0097661018371582
188.414,0.00594483595341444,0.020915109664201736,-1.0097661018371582
188.715,0.00594483595341444,0.020915109664201736,-1.0097661018371582
189.016,0.00594483595341444,0.020915109664201736,-1.0097661018371582
189.323,0.00594483595341444,0.020915109664201736,-1.0097661018371582
189.625,0.00594483595341444,0.020915109664201736,-1.0097661018371582
189.926,0.00594483595341444,0.020915109664201736,-1.0097661018371582
190.227,0.00594483595341444,0.020915109664201736,-1.0097661018371582
190.537,-0.062331125140190125,-0.033642031252384186,-1.1284677982330322
190.847,-0.062331125140190125,-0.033642031252384186,-1.1284677982330322
191.157,-0.062331125140190125,-0.033642031252384186,-1.1284677982330322
191.58,-0.062331125140190125,-0.033642031252384186,-1.1284677982330322
191.882,-0.062331125140190125,-0.033642031252384186,-1.1284677982330322
192.183,-0.04828169196844101,-0.03524388372898102,-1.0612109899520874
192.485,0.00567298848181963,-0.08555302023887634,-1.0322315692901611
192.787,0.0006633931770920753,-0.05197402089834213,-1.0060534477233887
193.089,0.04102914780378342,-0.04564211145043373,-1.0433778762817383
193.391,0.03348518908023834,0.013647806830704212,-1.026132345199585
193.699,0.03348518908023834,0.013647806830704212,-1.026132345199585
194.001,0.03348518908023834,0.013647806830704212,-1.026132345199585
194.302,0.03348518908023834,0.013647806830704212,-1.026132345199585
194.603,0.03348518908023834,0.013647806830704212,-1.026132345199585
194.904,0.03348518908023834,0.013647806830704212,-1.026132345199585
195.205,0.03348518908023834,0.013647806830704212,-1.026132345199585
195.514,0.03348518908023834,0.013647806830704212,-1.026132345199585
195.796,-0.06638156622648239,0.009190774522721767,-0.9602748155593872
196.098,-0.06638156622648239,0.009190774522721767,-0.9602748155593872
196.399,-0.004705635830760002,0.026092180982232094,-0.9887916445732117
196.701,0.02490108646452427,0.007852286100387573,-0.9843790531158447
197.003,0.028839588165283203,-0.020670613273978233,-0.9777975082397461
197.305,0.024658232927322388,-0.01636449620127678,-0.9749538898468018
197.607,0.01708984375,-0.022797830402851105,-1.0436795949935913
197.916,0.04621696472167969,-0.02853173203766346,-0.9987258315086365
198.217,0.04621696472167969,-0.02853173203766346,-0.9987258315086365
198.518,0.04501712694764137,-0.0022325534373521805,-1.0068871974945068
198.82,0.04501712694764137,-0.0022325534373521805,-1.0068871974945068
199.121,0.04501712694764137,-0.0022325534373521805,-1.0068871974945068
199.422,0.04501712694764137,-0.0022325534373521805,-1.0068871974945068
199.723,0.04501712694764137,-0.0022325534373521805,-1.0068871974945068
200.03,0.04501712694764137,-0.0022325534373521805,-1.0068871974945068
200.332,0.04501712694764137,-0.0022325534373521805,-1.0068871974945068
200.642,0.018212299793958664,0.047084297984838486,-0.9752691984176636
200.952,0.018212299793958664,0.047084297984838486,-0.9752691984176636
201.262,0.018212299793958664,0.047084297984838486,-0.9752691984176636
201.572,0.018212299793958664,0.047084297984838486,-0.9752691984176636
201.873,0.018212299793958664,0.047084297984838486,-0.9752691984176636
202.18,-0.018236719071865082,0.028647806495428085,-1.0319666862487793
202.482,-0.018236719071865082,0.028647806495428085,-1.0319666862487793
202.798,-0.03997400403022766,0.05722230300307274,-0.9833325743675232
203.074,-0.04737582057714462,-0.161948099732399,-1.0327284336090088
203.376,0.01843499019742012,-0.2042146623134613,-1.0130186080932617
203.678,0.01843499019742012,-0.2042146623134613,-1.0130186080932617
203.979,0.01843499019742012,-0.2042146623134613,-1.0130186080932617
204.286,0.01843499019742012,-0.2042146623134613,-1.0130186080932617
204.588,0.01843499019742012,-0.2042146623134613,-1.0130186080932617
204.889,0.01843499019742012,-0.2042146623134613,-1.0130186080932617
205.19,0.01843499019742012,-0.2042146623134613,-1.0130186080932617
205.491,0.01843499019742012,-0.2042146623134613,-1.0130186080932617
205.792,-0.010498087853193283,-0.07023606449365616,-0.9422997236251831
206.094,0.0017080307006835938,-0.06794533133506775,-1.0912716388702393
206.402,0.02731490135192871,-0.06205423176288605,-1.054157018661499
206.704,0.02731490135192871,-0.06205423176288605,-1.054157018661499
207.005,0.019306598231196404,0.00739423418417573,-1.003861427307129
207.327,0.020676393061876297,0.04446489363908768,-1.0623791217803955
207.603,0.017436541616916656,0.10182782262563705,-1.0324345827102661
207.904,0.07936116307973862,0.049706023186445236,-1.079500675201416
208.206,0.03613115847110748,-0.06243596225976944,-1.0465625524520874
208.515,0.056998252868652344,-0.013720211572945118,-0.9702858328819275
208.816,0.056998252868652344,-0.013720211572945118,-0.9702858328819275
209.117,0.056998252868652344,-0.013720211572945118,-0.9702858328819275
209.418,0.056998252868652344,-0.013720211572945118,-0.9702858328819275
209.719,0.056998252868652344,-0.013720211572945118,-0.9702858328819275
210.02,0.056998252868652344,-0.013720211572945118,-0.9702858328819275
210.321,0.056998252868652344,-0.013720211572945118,-0.9702858328819275
210.628,0.056998252868652344,-0.013720211572945118,-0.9702858328819275
210.939,0.056998252868652344,-0.013720211572945118,-0.9702858328819275
211.249,0.056998252868652344,-0.013720211572945118,-0.9702858328819275
211.559,0.056998252868652344,-0.013720211572945118,-0.9702858328819275
211.869,0.056998252868652344,-0.013720211572945118,-0.9702858328819275
212.17,0.056998252868652344,-0.013720211572945118,-0.9702858328819275
212.471,-0.0192684568464756,-0.026343710720539093,-1.109304428100586
212.779,0.08373095095157623,-0.03952477127313614,-1.0210399627685547
213.081,0.08373095095157623,-0.03952477127313614,-1.0210399627685547
213.382,0.005801171995699406,-0.06540572643280029,-1.0200822353363037
213.684,-0.06015473231673241,-0.07653520256280899,-0.9867063164710999
213.986,-0.06015473231673241,-0.07653520256280899,-0.9867063164710999
214.287,-0.06015473231673241,-0.07653520256280899,-0.9867063164710999
214.588,-0.06015473231673241,-0.07653520256280899,-0.9867063164710999
214.894,-0.06015473231673241,-0.07653520256280899,-0.9867063164710999
215.196,-0.06015473231673241,-0.07653520256280899,-0.9867063164710999
215.497,-0.06015473231673241,-0.07653520256280899,-0.9867063164710999
215.831,-0.06015473231673241,-0.07653520256280899,-0.9867063164710999
216.107,-0.02113623358309269,-0.052868496626615524,-1.0311684608459473
216.409,0.0353156141936779,-0.0622795931994915,-1.0062469244003296
216.711,0.04129154980182648,-0.030823754146695137,-1.1423847675323486
217.019,0.002436191774904728,0.04128187894821167,-1.119250774383545
217.321,0.002436191774904728,0.04128187894821167,-1.119250774383545
217.622,-0.09332361072301865,-0.040277861058712006,-1.109372854232788
217.924,-0.052497923374176025,-0.08372925966978073,-1.1152985095977783
218.226,-0.029141440987586975,-0.13120171427726746,-1.1289254426956177
218.528,-0.00532707292586565,-0.06717810779809952,-1.1270341873168945
218.83,0.0014174412935972214,-0.0947585478425026,-1.088712453842163
219.138,0.0014174412935972214,-0.0947585478425026,-1.088712453842163
219.44,0.0014174412935972214,-0.0947585478425026,-1.088712453842163
219.741,0.0014174412935972214,-0.0947585478425026,-1.088712453842163
220.042,0.0014174412935972214,-0.0947585478425026,-1.088712453842163
220.343,0.0014174412935972214,-0.0947585478425026,-1.088712453842163
220.644,0.0014174412935972214,-0.0947585478425026,-1.088712453842163
220.954,-0.019232548773288727,0.04296254739165306,-1.0112981796264648
221.377,-0.019232548773288727,0.04296254739165306,-1.0112981796264648
221.688,-0.019232548773288727,0.04296254739165306,-1.0112981796264648
221.989,-0.019232548773288727,0.04296254739165306,-1.0112981796264648
222.29,-0.019232548773288727,0.04296254739165306,-1.0112981796264648
222.566,-0.039729900658130646,0.009835571050643921,-1.0136178731918335
222.867,-0.048597272485494614,0.018025705590844154,-0.9683064818382263
223.169,0.010381195694208145,0.01742021180689335,-0.9777499437332153
223.478,0.02502191625535488,-0.00995699129998684,-0.9729936122894287
223.779,0.02502191625535488,-0.00995699129998684,-0.9729936122894287
224.08,0.02502191625535488,-0.00995699129998684,-0.9729936122894287
224.381,0.02502191625535488,-0.00995699129998684,-0.9729936122894287
224.682,0.02502191625535488,-0.00995699129998684,-0.9729936122894287
224.983,0.02502191625535488,-0.00995699129998684,-0.9729936122894287
225.284,0.02502191625535488,-0.00995699129998684,-0.9729936122894287
225.591,0.02502191625535488,-0.00995699129998684,-0.9729936122894287
225.893,0.02502191625535488,-0.00995699129998684,-0.9729936122894287
226.194,-0.050706200301647186,-0.02457565627992153,-1.072229027748108
226.496,0.054493099451065063,-0.021186666563153267,-1.104726791381836
226.819,0.032453108578920364,-0.07427329570055008,-1.094416618347168
227.094,0.06770829111337662,-0.084881991147995,-1.1146680116653442
227.396,0.10442836582660675,-0.01682702824473381,-1.0520319938659668
227.704,0.09210675954818726,-0.022914867848157883,-1.017540454864502
228.006,0.09210675954818726,-0.022914867848157883,-1.017540454864502
228.307,0.0460365004837513,-0.04438544064760208,-0.9678871631622314
228.609,0.01855386793613434,-0.019341422244906425,-0.9606858491897583
228.911,0.009447812102735043,-0.04985051602125168,-0.9477486610412598
229.213,0.009447812102735043,-0.04985051602125168,-0.9477486610412598
229.514,0.009447812102735043,-0.04985051602125168,-0.9477486610412598
229.821,0.009447812102735043,-0.04985051602125168,-0.9477486610412598
230.123,0.009447812102735043,-0.04985051602125168,-0.9477486610412598
230.424,0.009447812102735043,-0.04985051602125168,-0.9477486610412598
230.725,0.009447812102735043,-0.04985051602125168,-0.9477486610412598
231.035,0.009447812102735043,-0.04985051602125168,-0.9477486610412598
231.345,0.009447812102735043,-0.04985051602125168,-0.9477486610412598
231.655,0.009447812102735043,-0.04985051602125168,-0.9477486610412598
232.078,0.009447812102735043,-0.04985051602125168,-0.9477486610412598
232.38,0.009447812102735043,-0.04985051602125168,-0.9477486610412598
232.681,0.06870462745428085,-0.009589103981852531,-1.0442559719085693
233.001,-0.010913511738181114,0.02384989708662033,-1.0208828449249268
233.276,-0.03454379737377167,-0.024638894945383072,-0.9632050395011902
233.578,-0.02364170365035534,-0.0705399364233017,-0.9538059830665588
233.88,-0.01493426226079464,-0.07490275800228119,-0.940318763256073
234.187,-0.01493426226079464,-0.07490275800228119,-0.940318763256073
234.489,-0.01493426226079464,-0.07490275800228119,-0.940318763256073
234.79,-0.01493426226079464,-0.07490275800228119,-0.940318763256073
235.091,-0.01493426226079464,-0.07490275800228119,-0.940318763256073
235.392,-0.01493426226079464,-0.07490275800228119,-0.940318763256073
235.693,-0.01493426226079464,-0.07490275800228119,-0.940318763256073
235.994,-0.01493426226079464,-0.07490275800228119,-0.940318763256073
236.301,-0.04283043369650841,0.014756157994270325,-1.0100727081298828
236.603,-0.04283043369650841,0.014756157994270325,-1.0100727081298828
236.904,-0.04657823219895363,-0.06630151718854904,-1.1017168760299683
237.206,0.017518145963549614,-0.09479454159736633,-1.037872552871704
237.529,0.054957568645477295,-0.027213402092456818,-1.0164506435394287
237.804,0.009595691226422787,0.037589285522699356,-1.0582871437072754
238.106,-0.018718170002102852,0.014365903101861477,-1.039290189743042
238.414,-0.0468805655837059,0.05441610515117645,-1.0459961891174316
238.716,-0.0468805655837059,0.05441610515117645,-1.0459961891174316
239.017,0.021628592163324356,0.04729404300451279,-1.0640697479248047
239.319,0.021628592163324356,0.04729404300451279,-1.0640697479248047
239.62,0.021628592163324356,0.04729404300451279,-1.0640697479248047
239.921,0.021628592163324356,0.04729404300451279,-1.0640697479248047
240.222,0.021628592163324356,0.04729404300451279,-1.0640697479248047
240.529,0.021628592163324356,0.04729404300451279,-1.0640697479248047
240.831,0.021628592163324356,0.04729404300451279,-1.0640697479248047
241.141,0.021628592163324356,0.04729404300451279,-1.0640697479248047
241.451,0.021628592163324356,0.04729404300451279,-1.0640697479248047
241.761,0.021628592163324356,0.04729404300451279,-1.0640697479248047
242.071,0.021628592163324356,0.04729404300451279,-1.0640697479248047
242.372,0.021628592163324356,0.04729404300451279,-1.0640697479248047
242.679,-0.003766140900552273,0.06221143901348114,-1.0988117456436157
242.981,-0.003766140900552273,0.06221143901348114,-1.0988117456436157
243.282,-0.04211905598640442,0.04653964936733246,-1.0705034732818604
243.584,-0.06852651387453079,0.04894000291824341,-1.0901764631271362
243.886,-0.09163777530193329,0.052479375153779984,-1.0806132555007935
244.188,-0.013543211854994297,0.04483603313565254,-1.0596859455108643
244.49,-0.013543211854994297,0.04483603313565254,-1.0596859455108643
244.797,-0.013543211854994297,0.04483603313565254,-1.0596859455108643
245.099,-0.013543211854994297,0.04483603313565254,-1.0596859455108643
245.4,-0.013543211854994297,0.04483603313565254,-1.0596859455108643
245.701,-0.013543211854994297,0.04483603313565254,-1.0596859455108643
246.002,-0.013543211854994297,0.04483603313565254,-1.0596859455108643
246.308,-0.013543211854994297,0.04483603313565254,-1.0596859455108643
246.583,0.026460222899913788,-0.05933355912566185,-1.1425426006317139
246.891,0.06437811255455017,-0.022847898304462433,-1.1156566143035889
247.193,0.06437811255455017,-0.022847898304462433,-1.1156566143035889
247.494,0.0070701418444514275,0.07263600826263428,-1.0682687759399414
247.796,-0.001147995237261057,0.06238735094666481,-1.1838432550430298
248.098,-0.0291094072163105,0.06480921059846878,-1.1097965240478516
248.4,-0.04573827609419823,0.07983576506376266,-1.054851770401001
248.702,-0.05433289706707001,0.05664348974823952,-1.1191099882125854
249.01,0.010914195328950882,0.04160309210419655,-1.075843095779419
249.312,0.010914195328950882,0.04160309210419655,-1.075843095779419
249.613,0.010914195328950882,0.04160309210419655,-1.075843095779419
249.914,0.010914195328950882,0.04160309210419655,-1.075843095779419
250.215,0.010914195328950882,0.04160309210419655,-1.075843095779419
250.516,0.010914195328950882,0.04160309210419655,-1.075843095779419
250.817,0.010914195328950882,0.04160309210419655,-1.075843095779419
251.124,0.010914195328950882,0.04160309210419655,-1.075843095779419
251.434,0.010914195328950882,0.04160309210419655,-1.075843095779419
251.744,0.010914195328950882,0.04160309210419655,-1.075843095779419
252.054,0.010914195328950882,0.04160309210419655,-1.075843095779419
252.364,0.010914195328950882,0.04160309210419655,-1.075843095779419
252.665,0.010914195328950882,0.04160309210419655,-1.075843095779419
252.966,-0.017281141132116318,-0.05019067972898483,-1.0120716094970703
253.274,-0.03085751086473465,-0.00412334967404604,-1.0535277128219604
253.592,-0.03085751086473465,-0.00412334967404604,-1.0535277128219604
253.867,-0.033056627959012985,0.05442619323730469,-0.9818693399429321
254.169,-0.05105481296777725,-0.03175760805606842,-1.0143206119537354
254.471,-0.05105481296777725,-0.03175760805606842,-1.0143206119537354
254.772,-0.05105481296777725,-0.03175760805606842,-1.0143206119537354
255.073,-0.05105481296777725,-0.03175760805606842,-1.0143206119537354
255.38,-0.05105481296777725,-0.03175760805606842,-1.0143206119537354
255.682,-0.05105481296777725,-0.03175760805606842,-1.0143206119537354
255.983,-0.05105481296777725,-0.03175760805606842,-1.0143206119537354
256.284,-0.05105481296777725,-0.03175760805606842,-1.0143206119537354
256.585,-0.13489969074726105,0.03494488447904587,-1.0004338026046753
256.887,-0.08147075027227402,0.060408178716897964,-1.00796639919281
257.189,-0.05888979509472847,0.03540287911891937,-1.023250937461853
257.498,-0.04086599871516228,-0.003829951398074627,-1.0309215784072876
257.799,-0.04086599871516228,-0.003829951398074627,-1.0309215784072876
258.119,-0.056958481669425964,-0.06501559913158417,-1.02936851978302
258.395,-0.03489428758621216,-0.05314364656805992,-1.0419301986694336
258.697,-0.028637373819947243,-0.06268199533224106,-1.0331181287765503
258.999,0.004348683636635542,-0.05829828977584839,-1.0562855005264282
259.301,-0.0047777146100997925,-0.04443687945604324,-1.050878882408142
259.609,-0.0047777146100997925,-0.04443687945604324,-1.050878882408142
259.911,-0.0047777146100997925,-0.04443687945604324,-1.050878882408142
260.212,-0.0047777146100997925,-0.04443687945604324,-1.050878882408142
260.513,-0.0047777146100997925,-0.04443687945604324,-1.050878882408142
260.814,-0.0047777146100997925,-0.04443687945604324,-1.050878882408142
261.115,-0.0047777146100997925,-0.04443687945604324,-1.050878882408142
261.416,-0.0047777146100997925,-0.04443687945604324,-1.050878882408142
261.839,0.05493701994419098,0.08466176688671112,-0.9609527587890625
262.15,0.05493701994419098,0.08466176688671112,-0.9609527587890625
262.46,0.05493701994419098,0.08466176688671112,-0.9609527587890625
262.761,0.05493701994419098,0.08466176688671112,-0.9609527587890625
263.062,0.058551181107759476,-0.024970632046461105,-0.9905009269714355
263.364,0.04256506636738777,-0.05445034056901932,-1.0882554054260254
263.666,0.02048715204000473,-0.0021166871301829815,-0.9683977365493774
263.974,0.018508393317461014,-0.03129657357931137,-1.02266526222229
264.301,0.018508393317461014,-0.03129657357931137,-1.02266526222229
264.602,0.018508393317461014,-0.03129657357931137,-1.02266526222229
264.903,0.018508393317461014,-0.03129657357931137,-1.02266526222229
265.204,0.018508393317461014,-0.03129657357931137,-1.02266526222229
265.505,0.018508393317461014,-0.03129657357931137,-1.02266526222229
265.806,0.018508393317461014,-0.03129657357931137,-1.02266526222229
266.113,0.018508393317461014,-0.03129657357931137,-1.02266526222229
266.415,0.018508393317461014,-0.03129657357931137,-1.02266526222229
266.716,-0.02771088480949402,-0.02777126617729664,-0.9607909917831421
267.018,-0.02537560649216175,-0.03115689754486084,-1.00095534324646
267.32,-0.027500376105308533,-0.038618236780166626,-1.0051813125610352
267.622,-0.039510078728199005,-0.005952920764684677,-1.0185710191726685
267.924,-0.0056550102308392525,-0.06469830870628357,-1.0782077312469482
268.232,0.023473700508475304,-0.07411646842956543,-1.0506211519241333
268.552,0.023473700508475304,-0.07411646842956543,-1.0506211519241333
268.828,0.05494869500398636,0.015392252244055271,-1.0628559589385986
269.129,0.013345496729016304,0.011209499090909958,-1.0343328714370728
269.431,0.001920381560921669,-0.1276412308216095,-1.0706239938735962
269.733,0.001920381560921669,-0.1276412308216095,-1.0706239938735962
270.034,0.001920381560921669,-0.1276412308216095,-1.0706239938735962
270.341,0.001920381560921669,-0.1276412308216095,-1.0706239938735962
270.642,0.001920381560921669,-0.1276412308216095,-1.0706239938735962
270.943,0.001920381560921669,-0.1276412308216095,-1.0706239938735962
271.244,0.001920381560921669,-0.1276412308216095,-1.0706239938735962
271.545,0.001920381560921669,-0.1276412308216095,-1.0706239938735962
271.855,-0.03920050710439682,-0.020891161635518074,-1.0106536149978638
272.165,-0.03920050710439682,-0.020891161635518074,-1.0106536149978638
272.588,-0.03920050710439682,-0.020891161635518074,-1.0106536149978638
272.89,-0.03920050710439682,-0.020891161635518074,-1.0106536149978638
273.191,0.06057998538017273,-0.002935932483524084,-1.0445202589035034
273.493,0.02967265620827675,0.023903602734208107,-1.022804856300354
273.795,-0.021329274401068687,0.013432481326162815,-0.9951928853988647
274.097,-0.04173200950026512,-0.012605180963873863,-1.0054203271865845
274.399,-0.030520901083946228,-0.02898612804710865,-0.9660966992378235
274.707,-0.029853586107492447,-0.02826588787138462,-0.9398295879364014
275.008,-0.029853586107492447,-0.02826588787138462,-0.9398295879364014
275.309,-0.029853586107492447,-0.02826588787138462,-0.9398295879364014
275.61,-0.029853586107492447,-0.02826588787138462,-0.9398295879364014
275.911,-0.029853586107492447,-0.02826588787138462,-0.9398295879364014
276.212,-0.029853586107492447,-0.02826588787138462,-0.9398295879364014
276.513,-0.029853586107492447,-0.02826588787138462,-0.9398295879364014
276.82,0.042636241763830185,0.020413760095834732,-0.981081485748291
277.122,0.042636241763830185,0.020413760095834732,-0.981081485748291
277.423,-0.06474658846855164,-0.06563032418489456,-1.0098164081573486
277.725,-0.00912342220544815,-0.058210764080286026,-1.0618244409561157
278.027,0.017854364588856697,-0.04872451722621918,-1.0002474784851074
278.329,0.05060485005378723,0.006474119145423174,-0.9939630031585693
278.631,-0.012768440879881382,0.04660094156861305,-1.0293478965759277
278.939,0.006020474247634411,0.015792101621627808,-1.047044277191162
279.261,0.006020474247634411,0.015792101621627808,-1.047044277191162
279.537,-0.02245870605111122,-0.06868986040353775,-1.070887804031372
279.839,-0.02245870605111122,-0.06868986040353775,-1.070887804031372
280.14,-0.02245870605111122,-0.06868986040353775,-1.070887804031372
280.441,-0.02245870605111122,-0.06868986040353775,-1.070887804031372
280.742,-0.02245870605111122,-0.06868986040353775,-1.070887804031372
281.049,-0.02245870605111122,-0.06868986040353775,-1.070887804031372
281.35,-0.02245870605111122,-0.06868986040353775,-1.070887804031372
281.651,-0.02245870605111122,-0.06868986040353775,-1.070887804031372
281.961,0.028497900813817978,0.001884138211607933,-1.0391600131988525
282.271,0.028497900813817978,0.001884138211607933,-1.0391600131988525
282.581,0.028497900813817978,0.001884138211607933,-1.0391600131988525
282.891,0.028497900813817978,0.001884138211607933,-1.0391600131988525
283.198,0.028497900813817978,0.001884138211607933,-1.0391600131988525
283.513,0.028497900813817978,0.001884138211607933,-1.0391600131988525
283.789,-0.04941209405660629,-0.047920968383550644,-1.0771477222442627
284.091,-0.06565827876329422,-0.04898323118686676,-1.0725507736206055
284.393,-0.08492468297481537,-0.008954199030995369,-1.0291621685028076
284.695,-0.0630013570189476,0.0027514277026057243,-1.0940779447555542
284.997,-0.0630013570189476,0.0027514277026057243,-1.0940779447555542
285.304,-0.0630013570189476,0.0027514277026057243,-1.0940779447555542
285.606,-0.0630013570189476,0.0027514277026057243,-1.0940779447555542
285.907,-0.0630013570189476,0.0027514277026057243,-1.0940779447555542
286.208,-0.0630013570189476,0.0027514277026057243,-1.0940779447555542
286.509,-0.0630013570189476,0.0027514277026057243,-1.0940779447555542
286.81,-0.0630013570189476,0.0027514277026057243,-1.0940779447555542
287.111,-0.07260654866695404,-0.040310442447662354,-1.0856527090072632
287.419,-0.07628174126148224,-0.010393195785582066,-1.0457196235656738
287.72,-0.07628174126148224,-0.010393195785582066,-1.0457196235656738
288.042,-0.06328218430280685,-0.015824779868125916,-1.0866810083389282
288.317,-0.03724078834056854,-0.0006706328131258488,-1.0215849876403809
288.619,-0.03174079209566116,-0.03798884153366089,-1.037490963935852
288.921,-0.025310279801487923,-0.039498232305049896,-1.0129746198654175
289.222,0.02056042104959488,-0.02397431619465351,-0.9923749566078186
289.53,0.016070179641246796,-0.00699381809681654,-0.9676629900932312
289.832,0.016070179641246796,-0.00699381809681654,-0.9676629900932312
290.133,0.016070179641246796,-0.00699381809681654,-0.9676629900932312
290.434,0.016070179641246796,-0.00699381809681654,-0.9676629900932312
290.735,0.016070179641246796,-0.00699381809681654,-0.9676629900932312
291.036,0.016070179641246796,-0.00699381809681654,-0.9676629900932312
291.337,0.016070179641246796,-0.00699381809681654,-0.9676629900932312
291.644,0.016070179641246796,-0.00699381809681654,-0.9676629900932312
291.946,0.016070179641246796,-0.00699381809681654,-0.9676629900932312
292.256,-0.00633173156529665,-0.07445348054170609,-1.059622883796692
292.566,-0.00633173156529665,-0.07445348054170609,-1.059622883796692
292.876,-0.00633173156529665,-0.07445348054170609,-1.059622883796692
293.186,-0.00633173156529665,-0.07445348054170609,-1.059622883796692
293.487,-0.00633173156529665,-0.07445348054170609,-1.059622883796692
293.794,0.05401046946644783,-0.043946608901023865,-1.021030068397522
294.096,0.05401046946644783,-0.043946608901023865,-1.021030068397522
294.397,-0.01400962844491005,-0.04785836860537529,-1.0325746536254883
294.699,-0.02715715952217579,-0.044323451817035675,-0.9938102960586548
295.001,-0.01498156413435936,-0.04317272827029228,-0.9730855226516724
295.303,-0.01498156413435936,-0.04317272827029228,-0.9730855226516724
295.604,-0.01498156413435936,-0.04317272827029228,-0.9730855226516724
295.91,-0.01498156413435936,-0.04317272827029228,-0.9730855226516724
296.212,-0.01498156413435936,-0.04317272827029228,-0.9730855226516724
296.513,-0.01498156413435936,-0.04317272827029228,-0.9730855226516724
296.814,-0.01498156413435936,-0.04317272827029228,-0.9730855226516724
297.115,-0.013515694066882133,-0.05210352689027786,-0.9773842096328735
297.417,0.009611435234546661,-0.06663103401660919,-0.9995023608207703
297.719,0.0063424985855817795,-0.06709431111812592,-1.0444951057434082
298.027,0.014190186746418476,-0.07198324799537659,-1.002797245979309
298.329,0.014190186746418476,-0.07198324799537659,-1.002797245979309
298.63,0.005252506583929062,-0.06332972645759583,-1.0171964168548584
298.932,-0.01545989140868187,-0.05608735233545303,-0.9935942888259888
299.234,-0.0890861302614212,-0.06762045621871948,-0.971897542476654
299.536,0.021911192685365677,-0.18123005330562592,-0.9665164351463318
299.854,0.032621800899505615,-0.05605132877826691,-0.9735901355743408
300.162,0.032621800899505615,-0.05605132877826691,-0.9735901355743408
300.463,0.032621800899505615,-0.05605132877826691,-0.9735901355743408
300.764,0.032621800899505615,-0.05605132877826691,-0.9735901355743408
301.065,0.032621800899505615,-0.05605132877826691,-0.9735901355743408
301.366,0.032621800899505615,-0.05605132877826691,-0.9735901355743408
301.667,0.032621800899505615,-0.05605132877826691,-0.9735901355743408
301.968,0.032621800899505615,-0.05605132877826691,-0.9735901355743408
302.392,0.08901513367891312,0.02921724133193493,-1.0678741931915283
302.812,0.08901513367891312,0.02921724133193493,-1.0678741931915283
303.122,0.08901513367891312,0.02921724133193493,-1.0678741931915283
303.423,0.08901513367891312,0.02921724133193493,-1.0678741931915283
303.724,0.02892717719078064,0.034566767513751984,-1.0164363384246826
304.026,-0.05757010355591774,0.030680080875754356,-0.984542191028595
304.334,-0.042672351002693176,0.0002872147597372532,-1.0173799991607666
304.66,-0.042672351002693176,0.0002872147597372532,-1.0173799991607666
304.935,-0.020251736044883728,0.05691960081458092,-0.9179233908653259
305.237,-0.020251736044883728,0.05691960081458092,-0.9179233908653259
305.538,-0.020251736044883728,0.05691960081458092,-0.9179233908653259
305.839,-0.020251736044883728,0.05691960081458092,-0.9179233908653259
306.14,-0.020251736044883728,0.05691960081458092,-0.9179233908653259
306.447,-0.020251736044883728,0.05691960081458092,-0.9179233908653259
306.749,-0.020251736044883728,0.05691960081458092,-0.9179233908653259
307.05,-0.020251736044883728,0.05691960081458092,-0.9179233908653259
307.351,-0.18490400910377502,0.010007806122303009,-1.0452165603637695
307.653,-0.18490400910377502,0.010007806122303009,-1.0452165603637695
307.954,0.028426261618733406,-0.07120855152606964,-1.1258323192596436
308.256,-0.09555509686470032,-0.08524211496114731,-1.1387856006622314
308.564,-0.07221540808677673,-0.013043679296970367,-1.0933679342269897
308.866,-0.07221540808677673,-0.013043679296970367,-1.0933679342269897
309.188,-0.06847511976957321,-0.005086969584226608,-1.0435094833374023
309.464,-0.016292061656713486,-0.06767555326223373,-1.0011229515075684
309.765,0.035136763006448746,-0.03586893156170845,-1.0641189813613892
310.067,0.012618284672498703,0.009775658138096333,-1.0832067728042603
310.369,0.012618284672498703,0.009775658138096333,-1.0832067728042603
310.676,0.012618284672498703,0.009775658138096333,-1.0832067728042603
310.978,0.012618284672498703,0.009775658138096333,-1.0832067728042603
311.279,0.012618284672498703,0.009775658138096333,-1.0832067728042603
311.58,0.012618284672498703,0.009775658138096333,-1.0832067728042603
311.881,0.012618284672498703,0.009775658138096333,-1.0832067728042603
312.182,0.012618284672498703,0.009775658138096333,-1.0832067728042603
312.492,0.052478544414043427,-0.05631250515580177,-1.012689232826233
312.915,0.052478544414043427,-0.05631250515580177,-1.012689232826233
313.226,0.052478544414043427,-0.05631250515580177,-1.012689232826233
313.527,0.052478544414043427,-0.05631250515580177,-1.012689232826233
313.828,0.005658190697431564,0.047297365963459015,-1.019619345664978
314.13,0.016415636986494064,0.031853850930929184,-0.9647716283798218
314.432,0.03885131701827049,-0.027590163052082062,-1.0373973846435547
314.734,0.03760677948594093,-0.05697060003876686,-1.0368062257766724
315.042,0.04503203183412552,0.010009920224547386,-1.0219089984893799
315.344,0.04503203183412552,0.010009920224547386,-1.0219089984893799
315.645,0.04503203183412552,0.010009920224547386,-1.0219089984893799
315.946,0.04503203183412552,0.010009920224547386,-1.0219089984893799
316.247,0.04503203183412552,0.010009920224547386,-1.0219089984893799
316.548,0.04503203183412552,0.010009920224547386,-1.0219089984893799
316.849,0.04503203183412552,0.010009920224547386,-1.0219089984893799
317.156,0.04503203183412552,0.010009920224547386,-1.0219089984893799
317.458,0.04503203183412552,0.010009920224547386,-1.0219089984893799
317.759,0.004602000117301941,0.026112232357263565,-1.0635590553283691
318.061,-0.04179743677377701,-0.0311591736972332,-1.0283886194229126
318.363,-0.03896007686853409,-0.07640343904495239,-1.0787030458450317
318.665,-0.03896007686853409,-0.07640343904495239,-1.0787030458450317
318.966,-0.03932906687259674,-0.08486980944871902,-1.0073907375335693
319.275,-0.00017812056466937065,-0.10395351052284241,-0.9504755139350891
319.576,-0.00017812056466937065,-0.10395351052284241,-0.9504755139350891
319.898,0.028650447726249695,-0.016796154901385307,-0.9911691546440125
320.174,0.03138848394155502,-0.010842520743608475,-1.0344645977020264
320.476,0.03138848394155502,-0.010842520743608475,-1.0344645977020264
320.777,0.03138848394155502,-0.010842520743608475,-1.0344645977020264
321.078,0.03138848394155502,-0.010842520743608475,-1.0344645977020264
321.385,0.03138848394155502,-0.010842520743608475,-1.0344645977020264
321.686,0.03138848394155502,-0.010842520743608475,-1.0344645977020264
321.987,0.03138848394155502,-0.010842520743608475,-1.0344645977020264
322.288,0.03138848394155502,-0.010842520743608475,-1.0344645977020264
322.598,-0.05902097746729851,-0.07713034003973007,-0.9939913749694824
322.908,-0.05902097746729851,-0.07713034003973007,-0.9939913749694824
323.218,-0.05902097746729851,-0.07713034003973007,-0.9939913749694824
323.641,-0.05902097746729851,-0.07713034003973007,-0.9939913749694824
323.943,-0.05902097746729851,-0.07713034003973007,-0.9939913749694824
324.244,-0.029251115396618843,0.002539485925808549,-0.9737324714660645
324.546,0.021925970911979675,-0.027726076543331146,-0.9910567998886108
324.848,0.02067127637565136,-0.06661060452461243,-1.0627291202545166
325.15,-0.023340780287981033,-0.07926078885793686,-0.9884738922119141
325.452,-0.0702151283621788,-0.05022541433572769,-1.006540060043335
325.759,-0.0702151283621788,-0.05022541433572769,-1.006540060043335
326.061,-0.0702151283621788,-0.05022541433572769,-1.006540060043335
326.362,-0.0702151283621788,-0.05022541433572769,-1.006540060043335
326.663,-0.0702151283621788,-0.05022541433572769,-1.006540060043335
326.964,-0.0702151283621788,-0.05022541433572769,-1.006540060043335
327.265,-0.0702151283621788,-0.05022541433572769,-1.006540060043335
327.575,-0.0702151283621788,-0.05022541433572769,-1.006540060043335
327.858,-0.08875077962875366,-0.07456684857606888,-1.0182808637619019
328.16,-0.08875077962875366,-0.07456684857606888,-1.0182808637619019
328.461,-0.029166290536522865,-0.07919880747795105,-0.9799920320510864
328.763,0.01291025523096323,0.015784407034516335,-1.0158939361572266
329.065,0.012245865538716316,0.0017301207408308983,-1.0234732627868652
329.367,-0.0011469938326627016,-0.10595724731683731,-1.030656337738037
329.669,-0.0011469938326627016,-0.10595724731683731,-1.030656337738037
329.976,-0.007642168551683426,-0.10851091146469116,-0.9772402048110962
330.278,-0.007642168551683426,-0.10851091146469116,-0.9772402048110962
330.579,-0.026189913973212242,-0.06054176390171051,-1.0260733366012573
330.881,-0.026189913973212242,-0.06054176390171051,-1.0260733366012573
331.182,-0.026189913973212242,-0.06054176390171051,-1.0260733366012573
331.483,-0.026189913973212242,-0.06054176390171051,-1.0260733366012573
331.784,-0.026189913973212242,-0.06054176390171051,-1.0260733366012573
332.091,-0.026189913973212242,-0.06054176390171051,-1.0260733366012573
332.392,-0.026189913973212242,-0.06054176390171051,-1.0260733366012573
332.702,0.034390486776828766,-0.06326667964458466,-1.0343250036239624
333.012,0.034390486776828766,-0.06326667964458466,-1.0343250036239624
333.322,0.034390486776828766,-0.06326667964458466,-1.0343250036239624
333.632,0.034390486776828766,-0.06326667964458466,-1.0343250036239624
333.933,0.034390486776828766,-0.06326667964458466,-1.0343250036239624
334.24,0.03877704218029976,0.021330848336219788,-1.0703654289245605
334.542,0.03877704218029976,0.021330848336219788,-1.0703654289245605
334.843,0.036435484886169434,0.00677064061164856,-1.0617092847824097
335.144,0.032917529344558716,0.008265558630228043,-1.044847846031189
335.446,0.01374240592122078,0.04289981350302696,-1.0497963428497314
335.748,0.01374240592122078,0.04289981350302696,-1.0497963428497314
336.049,0.01374240592122078,0.04289981350302696,-1.0497963428497314
336.356,0.01374240592122078,0.04289981350302696,-1.0497963428497314
336.657,0.01374240592122078,0.04289981350302696,-1.0497963428497314
336.958,0.01374240592122078,0.04289981350302696,-1.0497963428497314
337.259,0.01374240592122078,0.04289981350302696,-1.0497963428497314
337.56,0.01374240592122078,0.04289981350302696,-1.0497963428497314
337.861,-0.05000372976064682,-0.04325287789106369,-1.0505762100219727
338.163,-0.03763428330421448,-0.034519750624895096,-1.0263686180114746
338.471,-0.0048115612007677555,-0.04396805539727211,-0.9638266563415527
338.773,-0.0048115612007677555,-0.04396805539727211,-0.9638266563415527
339.074,0.010752488858997822,-0.051802560687065125,-0.9206666350364685
339.388,-0.0043823616579174995,-0.03714399039745331,-1.008948802947998
339.664,0.035580575466156006,-0.016841232776641846,-0.9972037672996521
339.966,0.02733122743666172,-0.008578768000006676,-1.035991907119751
340.268,0.02733122743666172,-0.008578768000006676,-1.035991907119751
340.575,0.02088582143187523,-0.052256990224123,-1.0367326736450195
340.877,0.02088582143187523,-0.052256990224123,-1.0367326736450195
341.178,0.02088582143187523,-0.052256990224123,-1.0367326736450195
341.479,0.02088582143187523,-0.052256990224123,-1.0367326736450195
341.78,0.02088582143187523,-0.052256990224123,-1.0367326736450195
342.081,0.02088582143187523,-0.052256990224123,-1.0367326736450195
342.382,0.02088582143187523,-0.052256990224123,-1.0367326736450195
342.689,0.02088582143187523,-0.052256990224123,-1.0367326736450195
343,0.02088582143187523,-0.052256990224123,-1.0367326736450195
343.31,0.02088582143187523,-0.052256990224123,-1.0367326736450195
343.62,0.02088582143187523,-0.052256990224123,-1.0367326736450195
343.93,0.02088582143187523,-0.052256990224123,-1.0367326736450195
344.231,0.02088582143187523,-0.052256990224123,-1.0367326736450195
344.532,0.04001287370920181,-0.0838877260684967,-1.0567665100097656
344.84,-0.049442555755376816,-0.09602417796850204,-0.9921101331710815
345.141,-0.049442555755376816,-0.09602417796850204,-0.9921101331710815
345.442,0.040069762617349625,-0.02187424711883068,-1.0123164653778076
345.744,0.0064411461353302,-0.06454171985387802,-1.0762006044387817
346.046,0.0064411461353302,-0.06454171985387802,-1.0762006044387817
346.347,0.0064411461353302,-0.06454171985387802,-1.0762006044387817
346.648,0.0064411461353302,-0.06454171985387802,-1.0762006044387817
346.955,0.0064411461353302,-0.06454171985387802,-1.0762006044387817
347.257,0.0064411461353302,-0.06454171985387802,-1.0762006044387817
347.558,0.0064411461353302,-0.06454171985387802,-1.0762006044387817
347.892,0.0064411461353302,-0.06454171985387802,-1.0762006044387817
348.168,-0.0057036392390728,-0.01868782937526703,-1.0280011892318726
348.47,-0.02688368782401085,-0.024319540709257126,-1.0722746849060059
348.772,-0.020031508058309555,-0.0737484022974968,-1.0659375190734863
349.08,-0.008722316473722458,-0.06637479364871979,-1.0789663791656494
349.382,-0.008722316473722458,-0.06637479364871979,-1.0789663791656494
349.683,0.04673467576503754,-0.018620867282152176,-1.0494863986968994
349.985,0.04507170245051384,-0.007734363432973623,-1.0293138027191162
350.287,0.0623815581202507,-0.0270288847386837,-1.077484130859375
350.589,0.1351381540298462,0.013892004266381264,-1.052550196647644
350.891,0.06313718110322952,0.01656196266412735,-1.1124589443206787
351.199,0.06313718110322952,0.01656196266412735,-1.1124589443206787
351.501,0.06313718110322952,0.01656196266412735,-1.1124589443206787
351.802,0.06313718110322952,0.01656196266412735,-1.1124589443206787
352.103,0.06313718110322952,0.01656196266412735,-1.1124589443206787
352.404,0.06313718110322952,0.01656196266412735,-1.1124589443206787
352.705,0.06313718110322952,0.01656196266412735,-1.1124589443206787
353.015,-0.042781975120306015,0.02009786292910576,-1.0701746940612793
353.438,-0.042781975120306015,0.02009786292910576,-1.0701746940612793
353.749,-0.042781975120306015,0.02009786292910576,-1.0701746940612793
354.05,-0.042781975120306015,0.02009786292910576,-1.0701746940612793
354.351,-0.02597227320075035,-0.032900772988796234,-1.0282111167907715
354.653,0.024341730400919914,-0.029720250517129898,-0.9465337991714478
354.955,0.020190883427858353,-0.048261817544698715,-1.0345218181610107
355.257,0.011101104319095612,-0.03307708725333214,-1.0969855785369873
355.566,-0.000307686161249876,-0.06934797763824463,-1.0139036178588867
355.867,-0.000307686161249876,-0.06934797763824463,-1.0139036178588867
356.168,-0.000307686161249876,-0.06934797763824463,-1.0139036178588867
356.469,-0.000307686161249876,-0.06934797763824463,-1.0139036178588867
356.77,-0.000307686161249876,-0.06934797763824463,-1.0139036178588867
357.071,-0.000307686161249876,-0.06934797763824463,-1.0139036178588867
357.372,-0.000307686161249876,-0.06934797763824463,-1.0139036178588867
357.679,-0.000307686161249876,-0.06934797763824463,-1.0139036178588867
357.981,-0.000307686161249876,-0.06934797763824463,-1.0139036178588867
358.282,0.030180172994732857,0.04119173437356949,-1.0357675552368164
358.602,0.05730610713362694,-0.008819236420094967,-0.9977352619171143
358.877,0.07844109833240509,-0.07421867549419403,-1.0757498741149902
359.179,0.04175360128283501,-0.02829885482788086,-1.1046206951141357
359.481,0.021378999575972557,0.02759244106709957,-1.0728269815444946
359.789,0.025063173845410347,0.03373265638947487,-1.0565345287322998
360.091,0.025063173845410347,0.03373265638947487,-1.0565345287322998
360.392,0.044249437749385834,-0.0064214556477963924,-1.0600934028625488
360.694,-0.0465664267539978,0.0388437956571579,-1.0611076354980469
360.996,-0.06097286567091942,-0.02000591531395912,-1.083470106124878
361.297,-0.06097286567091942,-0.02000591531395912,-1.083470106124878
361.598,-0.06097286567091942,-0.02000591531395912,-1.083470106124878
361.905,-0.06097286567091942,-0.02000591531395912,-1.083470106124878
362.207,-0.06097286567091942,-0.02000591531395912,-1.083470106124878
362.508,-0.06097286567091942,-0.02000591531395912,-1.083470106124878
362.809,-0.06097286567091942,-0.02000591531395912,-1.083470106124878
363.138,-0.06097286567091942,-0.02000591531395912,-1.083470106124878
363.448,-0.06097286567091942,-0.02000591531395912,-1.083470106124878
363.758,-0.06097286567091942,-0.02000591531395912,-1.083470106124878
364.181,-0.06097286567091942,-0.02000591531395912,-1.083470106124878
364.507,-0.06097286567091942,-0.02000591531395912,-1.083470106124878
364.782,-0.04725783318281174,-0.010479388758540154,-1.0353913307189941
365.084,-0.04528869688510895,-0.009274225682020187,-1.0154130458831787
365.386,-0.03500676155090332,-0.022981638088822365,-1.0500741004943848
365.688,-0.018361184746026993,-0.061751872301101685,-1.0778813362121582
365.99,-0.019470740109682083,-0.08942006528377533,-1.0683226585388184
366.298,-0.019470740109682083,-0.08942006528377533,-1.0683226585388184
366.599,-0.019470740109682083,-0.08942006528377533,-1.0683226585388184
366.9,-0.019470740109682083,-0.08942006528377533,-1.0683226585388184
367.201,-0.019470740109682083,-0.08942006528377533,-1.0683226585388184
367.502,-0.019470740109682083,-0.08942006528377533,-1.0683226585388184
367.803,-0.019470740109682083,-0.08942006528377533,-1.0683226585388184
368.104,-0.019470740109682083,-0.08942006528377533,-1.0683226585388184
368.411,0.07200692594051361,-0.0227171890437603,-1.0425703525543213
368.712,0.07200692594051361,-0.0227171890437603,-1.0425703525543213
369.034,0.045470450073480606,-0.048922229558229446,-0.9903162717819214
369.31,0.0647125095129013,0.03064190223813057,-0.9708421230316162
369.612,0.05532433092594147,-0.007593987043946981,-0.9703902006149292
369.913,0.10560503602027893,-0.03199508413672447,-0.9981715083122253
370.215,0.10560503602027893,-0.03199508413672447,-0.9981715083122253
370.522,-0.0637451559305191,-0.0766405314207077,-0.9487571716308594
370.823,-0.0637451559305191,-0.0766405314207077,-0.9487571716308594
371.124,-0.028910981491208076,-0.06213726848363876,-0.9932252168655396
371.426,-0.028910981491208076,-0.06213726848363876,-0.9932252168655396
371.727,-0.028910981491208076,-0.06213726848363876,-0.9932252168655396
372.028,-0.028910981491208076,-0.06213726848363876,-0.9932252168655396
372.329,-0.028910981491208076,-0.06213726848363876,-0.9932252168655396
372.636,-0.028910981491208076,-0.06213726848363876,-0.9932252168655396
372.937,-0.028910981491208076,-0.06213726848363876,-0.9932252168655396
373.247,-0.028910981491208076,-0.06213726848363876,-0.9932252168655396
373.557,-0.028910981491208076,-0.06213726848363876,-0.9932252168655396
373.867,-0.028910981491208076,-0.06213726848363876,-0.9932252168655396
374.177,-0.028910981491208076,-0.06213726848363876,-0.9932252168655396
374.478,-0.028910981491208076,-0.06213726848363876,-0.9932252168655396
374.785,0.02447194792330265,-0.08136728405952454,-1.0827878713607788
375.086,0.02447194792330265,-0.08136728405952454,-1.0827878713607788
375.387,0.12891851365566254,-0.14001676440238953,-1.078791618347168
375.689,0.1404295265674591,-0.13089537620544434,-1.0551222562789917
375.991,0.13127879798412323,-0.10724715143442154,-0.9981057047843933
376.293,0.09336226433515549,-0.11213047057390213,-1.0069167613983154
376.595,0.09336226433515549,-0.11213047057390213,-1.0069167613983154
376.902,0.09336226433515549,-0.11213047057390213,-1.0069167613983154
377.204,0.09336226433515549,-0.11213047057390213,-1.0069167613983154
377.505,0.09336226433515549,-0.11213047057390213,-1.0069167613983154
377.806,0.09336226433515549,-0.11213047057390213,-1.0069167613983154
378.107,0.09336226433515549,-0.11213047057390213,-1.0069167613983154
378.408,-0.05145682021975517,-0.016021380200982094,-1.0065271854400635
378.71,-0.03693140298128128,0.010432899929583073,-1.0343250036239624
379.018,-0.03465086966753006,0.00470321998000145,-1.0690990686416626
379.32,-0.03465086966753006,0.00470321998000145,-1.0690990686416626
379.621,-0.026664797216653824,-0.09811626374721527,-1.0767908096313477
379.923,0.050470538437366486,-0.06464526057243347,-1.0982195138931274
380.225,0.04838269203901291,-0.07822150737047195,-1.0502257347106934
380.527,0.09041862189769745,-0.007301901467144489,-1.1165077686309814
380.847,0.013542821630835533,-0.025484994053840637,-1.1179381608963013
381.129,-0.07538984715938568,0.048979610204696655,-1.0520176887512207
381.431,-0.07538984715938568,0.048979610204696655,-1.0520176887512207
381.732,-0.07538984715938568,0.048979610204696655,-1.0520176887512207
382.033,-0.07538984715938568,0.048979610204696655,-1.0520176887512207
382.334,-0.07538984715938568,0.048979610204696655,-1.0520176887512207
382.635,-0.07538984715938568,0.048979610204696655,-1.0520176887512207
382.936,-0.07538984715938568,0.048979610204696655,-1.0520176887512207
383.242,-0.07538984715938568,0.048979610204696655,-1.0520176887512207
383.553,-0.07538984715938568,0.048979610204696655,-1.0520176887512207
383.863,-0.07538984715938568,0.048979610204696655,-1.0520176887512207
384.173,-0.07538984715938568,0.048979610204696655,-1.0520176887512207
384.483,-0.07538984715938568,0.048979610204696655,-1.0520176887512207
384.784,-0.07538984715938568,0.048979610204696655,-1.0520176887512207
385.099,-0.07538984715938568,0.048979610204696655,-1.0520176887512207
385.382,-0.045897409319877625,-0.011714664287865162,-1.0127061605453491
385.684,-0.045897409319877625,-0.011714664287865162,-1.0127061605453491
385.985,0.009186645038425922,0.03627655655145645,-0.9681755304336548
386.287,-0.0006316594080999494,0.03162827342748642,-0.9897414445877075
386.589,-0.0006316594080999494,0.03162827342748642,-0.9897414445877075
386.89,-0.0006316594080999494,0.03162827342748642,-0.9897414445877075
387.191,-0.0006316594080999494,0.03162827342748642,-0.9897414445877075
387.498,-0.0006316594080999494,0.03162827342748642,-0.9897414445877075
387.8,-0.0006316594080999494,0.03162827342748642,-0.9897414445877075
388.101,-0.0006316594080999494,0.03162827342748642,-0.9897414445877075
388.402,-0.0006316594080999494,0.03162827342748642,-0.9897414445877075
388.703,-0.0006316594080999494,0.03162827342748642,-0.9897414445877075
389.004,-0.014861754141747952,-0.015542536973953247,-0.9580095410346985
389.306,0.06298068165779114,-0.006219544913619757,-1.008401870727539
389.634,0.0861205905675888,-0.036644209176301956,-1.0391900539398193
389.936,0.0861205905675888,-0.036644209176301956,-1.0391900539398193
390.237,-0.014366966672241688,-0.01847793161869049,-1.0714000463485718
390.539,-0.0403117761015892,0.02932627499103546,-1.0993043184280396
390.841,-0.009637411683797836,0.054682791233062744,-1.067766547203064
391.142,0.03998125344514847,0.02503037080168724,-1.0568288564682007
391.444,-0.011256035417318344,-0.0014148892369121313,-1.0282409191131592
391.752,-0.011256035417318344,-0.0014148892369121313,-1.0282409191131592
392.054,-0.011256035417318344,-0.0014148892369121313,-1.0282409191131592
392.355,-0.011256035417318344,-0.0014148892369121313,-1.0282409191131592
392.656,-0.011256035417318344,-0.0014148892369121313,-1.0282409191131592
392.957,-0.011256035417318344,-0.0014148892369121313,-1.0282409191131592
393.258,-0.011256035417318344,-0.0014148892369121313,-1.0282409191131592
393.568,-0.011256035417318344,-0.0014148892369121313,-1.0282409191131592
393.991,-0.011256035417318344,-0.0014148892369121313,-1.0282409191131592
394.302,-0.011256035417318344,-0.0014148892369121313,-1.0282409191131592
394.603,-0.011256035417318344,-0.0014148892369121313,-1.0282409191131592
394.904,0.0046441322192549706,-0.11274293065071106,-1.084587574005127
395.206,-0.04092668741941452,-0.07339353859424591,-1.0681160688400269
395.534,0.06722626090049744,-0.05032125115394592,-1.0548324584960938
395.81,0.0294438898563385,-0.03350874036550522,-0.9962058067321777
396.117,-0.03181324154138565,-0.008974611759185791,-0.9323259592056274
396.419,-0.03181324154138565,-0.008974611759185791,-0.9323259592056274
396.72,-0.03181324154138565,-0.008974611759185791,-0.9323259592056274
397.021,-0.03181324154138565,-0.008974611759185791,-0.9323259592056274
397.322,-0.03181324154138565,-0.008974611759185791,-0.9323259592056274
397.623,-0.03181324154138565,-0.008974611759185791,-0.9323259592056274
397.924,-0.03181324154138565,-0.008974611759185791,-0.9323259592056274
398.231,-0.03181324154138565,-0.008974611759185791,-0.9323259592056274
398.533,-0.03181324154138565,-0.008974611759185791,-0.9323259592056274
398.834,0.04609783738851547,0.019303448498249054,-0.9561436176300049
399.136,0.09180012345314026,-0.005594698712229729,-1.0010926723480225
399.438,0.09180012345314026,-0.005594698712229729,-1.0010926723480225
399.739,0.017043475061655045,0.002388864755630493,-1.0027023553848267
400.062,0.016611531376838684,-0.005004218779504299,-0.9668450355529785
400.344,-0.004699774086475372,-0.014616414904594421,-1.062484622001648
400.646,-0.004699774086475372,-0.014616414904594421,-1.062484622001648
400.947,0.01221521571278572,-0.06229985132813454,-1.0534319877624512
401.249,0.005922563839703798,-0.06748513877391815,-1.084054708480835
401.551,0.023877443745732307,-0.02071557566523552,-1.0427424907684326
401.853,0.023877443745732307,-0.02071557566523552,-1.0427424907684326
402.154,0.023877443745732307,-0.02071557566523552,-1.0427424907684326
402.461,0.023877443745732307,-0.02071557566523552,-1.0427424907684326
402.763,0.023877443745732307,-0.02071557566523552,-1.0427424907684326
403.064,0.023877443745732307,-0.02071557566523552,-1.0427424907684326
403.365,0.023877443745732307,-0.02071557566523552,-1.0427424907684326
403.675,0.023877443745732307,-0.02071557566523552,-1.0427424907684326
403.985,0.023877443745732307,-0.02071557566523552,-1.0427424907684326
404.295,0.023877443745732307,-0.02071557566523552,-1.0427424907684326
404.718,0.023877443745732307,-0.02071557566523552,-1.0427424907684326
405.02,0.023877443745732307,-0.02071557566523552,-1.0427424907684326
405.321,0.012095794081687927,0.031017547473311424,-1.0694266557693481
405.623,-0.006947863847017288,0.049194108694791794,-1.0363961458206177
405.925,-0.019322743639349937,0.05194079875946045,-1.0637023448944092
406.242,-0.044676851481199265,0.009524226188659668,-1.1011829376220703
406.518,-0.0041054110042750835,0.031806230545043945,-1.084006667137146
406.826,-0.0041054110042750835,0.031806230545043945,-1.084006667137146
407.127,-0.0041054110042750835,0.031806230545043945,-1.084006667137146
407.428,-0.0041054110042750835,0.031806230545043945,-1.084006667137146
407.729,-0.0041054110042750835,0.031806230545043945,-1.084006667137146
408.03,-0.0041054110042750835,0.031806230545043945,-1.084006667137146
408.331,-0.0041054110042750835,0.031806230545043945,-1.084006667137146
408.632,-0.0041054110042750835,0.031806230545043945,-1.084006667137146
408.939,0.03356890007853508,-0.07126764953136444,-1.0711928606033325
409.24,0.03356890007853508,-0.07126764953136444,-1.0711928606033325
409.541,0.02623116225004196,-0.03776657208800316,-0.9643229842185974
409.843,0.014282437972724438,-0.024835439398884773,-0.9674105048179626
410.145,0.030074715614318848,-0.03248732537031174,-1.0453835725784302
410.447,0.02932743728160858,-0.015463130548596382,-0.9846508502960205
410.77,0.02932743728160858,-0.015463130548596382,-0.9846508502960205
411.052,-0.020272575318813324,0.016179244965314865,-1.0226879119873047
411.354,-0.020272575318813324,0.016179244965314865,-1.0226879119873047
411.655,-0.021259702742099762,0.015857258811593056,-0.9810551404953003
411.957,-0.021259702742099762,0.015857258811593056,-0.9810551404953003
412.258,-0.021259702742099762,0.015857258811593056,-0.9810551404953003
412.559,-0.021259702742099762,0.015857258811593056,-0.9810551404953003
412.86,-0.021259702742099762,0.015857258811593056,-0.9810551404953003
413.167,-0.021259702742099762,0.015857258811593056,-0.9810551404953003
413.469,-0.021259702742099762,0.015857258811593056,-0.9810551404953003
413.779,-0.021259702742099762,0.015857258811593056,-0.9810551404953003
414.089,-0.021259702742099762,0.015857258811593056,-0.9810551404953003
414.399,-0.021259702742099762,0.015857258811593056,-0.9810551404953003
414.709,-0.021259702742099762,0.015857258811593056,-0.9810551404953003
415.01,-0.021259702742099762,0.015857258811593056,-0.9810551404953003
415.317,0.036562059074640274,0.00073827407322824,-0.9605894684791565
415.619,0.036562059074640274,0.00073827407322824,-0.9605894684791565
415.92,0.0320168137550354,-0.04482001066207886,-1.031954050064087
416.222,0.017882414162158966,-0.06538418680429459,-0.9420694708824158
416.524,0.017882414162158966,-0.06538418680429459,-0.9420694708824158
416.825,-0.039181943982839584,-0.08469066023826599,-1.028136968612671
417.127,-0.039181943982839584,-0.08469066023826599,-1.028136968612671
417.434,-0.039181943982839584,-0.08469066023826599,-1.028136968612671
417.736,-0.039181943982839584,-0.08469066023826599,-1.028136968612671
418.037,-0.039181943982839584,-0.08469066023826599,-1.028136968612671
418.338,-0.039181943982839584,-0.08469066023826599,-1.028136968612671
418.639,-0.039181943982839584,-0.08469066023826599,-1.028136968612671
418.94,-0.039181943982839584,-0.08469066023826599,-1.028136968612671
419.241,-0.01773214526474476,-0.05060712248086929,-1.0143427848815918
419.558,-0.03036004677414894,-0.06493009626865387,-1.0194700956344604
419.859,-0.03036004677414894,-0.06493009626865387,-1.0194700956344604
420.16,-0.07545611262321472,-0.1308869868516922,-1.0226036310195923
420.462,-0.09658743441104889,-0.1310730278491974,-1.0211364030838013
420.764,-0.14215794205665588,-0.1285986602306366,-1.0164903402328491
421.065,0.02448456734418869,0.00556928152218461,-1.0244966745376587
421.367,0.04533972218632698,-0.05631980299949646,-0.9913660883903503
421.675,0.02592342160642147,-0.05416505038738251,-0.9891518354415894
421.977,0.02592342160642147,-0.05416505038738251,-0.9891518354415894
422.278,0.02592342160642147,-0.05416505038738251,-0.9891518354415894
422.579,0.02592342160642147,-0.05416505038738251,-0.9891518354415894
422.88,0.02592342160642147,-0.05416505038738251,-0.9891518354415894
423.181,0.02592342160642147,-0.05416505038738251,-0.9891518354415894
423.482,0.02592342160642147,-0.05416505038738251,-0.9891518354415894
423.905,0.02592342160642147,-0.05416505038738251,-0.9891518354415894
424.216,0.02592342160642147,-0.05416505038738251,-0.9891518354415894
424.526,0.02592342160642147,-0.05416505038738251,-0.9891518354415894
424.827,0.02592342160642147,-0.05416505038738251,-0.9891518354415894
425.128,0.02592342160642147,-0.05416505038738251,-0.9891518354415894
425.457,0.05273357033729553,0.006528210826218128,-1.0996346473693848
425.733,0.02862243726849556,0.02081305906176567,-1.0301637649536133
426.041,0.021750982850790024,0.042350828647613525,-1.0288797616958618
426.343,0.021750982850790024,0.042350828647613525,-1.0288797616958618
426.644,0.027278803288936615,0.03922572359442711,-1.0246307849884033
426.946,-0.0017178691923618317,0.00297657772898674,-1.0193586349487305
427.248,-0.0017178691923618317,0.00297657772898674,-1.0193586349487305
427.549,-0.0017178691923618317,0.00297657772898674,-1.0193586349487305
427.85,-0.0017178691923618317,0.00297657772898674,-1.0193586349487305
428.157,-0.0017178691923618317,0.00297657772898674,-1.0193586349487305
428.458,-0.0017178691923618317,0.00297657772898674,-1.0193586349487305
428.759,-0.0017178691923618317,0.00297657772898674,-1.0193586349487305
429.06,-0.0017178691923618317,0.00297657772898674,-1.0193586349487305
429.361,-0.0074480148032307625,0.02515004575252533,-1.0549577474594116
429.663,0.036526914685964584,-0.03079795092344284,-1.0215425491333008
429.985,0.019870903342962265,-0.05805400758981705,-1.0737037658691406
430.268,0.015780486166477203,-0.014507283456623554,-0.9719914197921753
430.569,0.015780486166477203,-0.014507283456623554,-0.9719914197921753
430.87,-0.030769243836402893,0.0067650130949914455,-1.0122063159942627
431.172,-0.021777398884296417,0.008606364950537682,-1.026564598083496
431.474,-0.01675090752542019,0.005698324181139469,-0.9981621503829956
431.776,0.01802835240960121,0.035250984132289886,-0.9881449937820435
432.078,0.028327904641628265,0.03909573331475258,-0.9926737546920776
432.386,0.028327904641628265,0.03909573331475258,-0.9926737546920776
432.687,0.028327904641628265,0.03909573331475258,-0.9926737546920776
432.988,0.028327904641628265,0.03909573331475258,-0.9926737546920776
433.289,0.028327904641628265,0.03909573331475258,-0.9926737546920776
433.59,0.028327904641628265,0.03909573331475258,-0.9926737546920776
433.9,0.028327904641628265,0.03909573331475258,-0.9926737546920776
434.21,0.028327904641628265,0.03909573331475258,-0.9926737546920776
434.633,0.028327904641628265,0.03909573331475258,-0.9926737546920776
434.935,0.028327904641628265,0.03909573331475258,-0.9926737546920776
435.236,0.052172306925058365,0.040055520832538605,-1.0064698457717896
435.538,0.005641387775540352,-0.019043907523155212,-1.0691074132919312
435.84,0.005641387775540352,-0.019043907523155212,-1.0691074132919312
436.166,0.005641387775540352,-0.019043907523155212,-1.0691074132919312
436.442,0.0012301020324230194,0.011940511874854565,-1.0013984441757202
436.75,-0.014493932947516441,-0.060102008283138275,-0.9920260310173035
437.052,-0.014493932947516441,-0.060102008283138275,-0.9920260310173035
437.353,-0.014493932947516441,-0.060102008283138275,-0.9920260310173035
437.654,-0.014493932947516441,-0.060102008283138275,-0.9920260310173035
437.955,-0.014493932947516441,-0.060102008283138275,-0.9920260310173035
438.256,-0.014493932947516441,-0.060102008283138275,-0.9920260310173035
438.557,-0.014493932947516441,-0.060102008283138275,-0.9920260310173035
438.864,-0.014493932947516441,-0.060102008283138275,-0.9920260310173035
439.166,-0.014493932947516441,-0.060102008283138275,-0.9920260310173035
439.467,0.030232012271881104,-0.012320516631007195,-0.9863324165344238
439.769,0.0008801603689789772,0.0006025005131959915,-1.0197324752807617
440.071,0.03442993387579918,0.020485512912273407,-1.0243563652038574
440.373,0.03153897449374199,0.01521869096904993,-0.974540114402771
440.695,0.03153996169567108,-0.003956476226449013,-0.998163640499115
440.977,0.046181101351976395,-0.015052838250994682,-0.9816697835922241
441.279,0.046181101351976395,-0.015052838250994682,-0.9816697835922241
441.58,-0.07000929117202759,-0.038472823798656464,-1.0334256887435913
441.882,-0.02538556046783924,-0.02991928718984127,-1.0028495788574219
442.184,0.015523916110396385,-0.08076085150241852,-0.9856671690940857
442.486,0.015523916110396385,-0.08076085150241852,-0.9856671690940857
442.787,0.015523916110396385,-0.08076085150241852,-0.9856671690940857
443.094,0.015523916110396385,-0.08076085150241852,-0.9856671690940857
443.395,0.015523916110396385,-0.08076085150241852,-0.9856671690940857
443.696,0.015523916110396385,-0.08076085150241852,-0.9856671690940857
444.006,0.015523916110396385,-0.08076085150241852,-0.9856671690940857
444.316,0.015523916110396385,-0.08076085150241852,-0.9856671690940857
444.626,0.015523916110396385,-0.08076085150241852,-0.9856671690940857
444.936,0.015523916110396385,-0.08076085150241852,-0.9856671690940857
445.243,0.015523916110396385,-0.08076085150241852,-0.9856671690940857
445.544,0.015523916110396385,-0.08076085150241852,-0.9856671690940857
445.845,-0.060904793441295624,0.0051648314110934734,-1.0660547018051147
446.147,-0.07474695891141891,-0.025654517114162445,-1.055298924446106
446.449,-0.0922577753663063,-0.02348281815648079,-1.027579665184021
446.751,-0.0847129300236702,0.009662539698183537,-1.0533428192138672
447.053,-0.010236259549856186,0.05710925534367561,-1.052406668663025
447.361,0.02604462392628193,0.052506428211927414,-1.093124270439148
447.663,0.02604462392628193,0.052506428211927414,-1.093124270439148
447.964,0.02604462392628193,0.052506428211927414,-1.093124270439148
448.265,0.02604462392628193,0.052506428211927414,-1.093124270439148
448.566,0.02604462392628193,0.052506428211927414,-1.093124270439148
448.867,0.02604462392628193,0.052506428211927414,-1.093124270439148
449.168,0.02604462392628193,0.052506428211927414,-1.093124270439148
449.481,0.02604462392628193,0.052506428211927414,-1.093124270439148
449.783,0.02604462392628193,0.052506428211927414,-1.093124270439148
450.084,0.057679079473018646,-0.007225959096103907,-0.9520061016082764
450.386,0.004599215462803841,0.018993092700839043,-0.9686191082000732
450.688,-0.014625350013375282,0.023445796221494675,-1.0026694536209106
450.99,-0.0002472174819558859,0.039895303547382355,-0.9712419509887695
451.292,-0.003915551118552685,0.03675899654626846,-0.8903995156288147
451.6,-0.0269401166588068,0.030943766236305237,-0.9111647605895996
451.902,-0.0269401166588068,0.030943766236305237,-0.9111647605895996
452.23,-0.0377100445330143,0.017320744693279266,-0.9738630652427673
452.532,-0.0377100445330143,0.017320744693279266,-0.9738630652427673
452.833,-0.0377100445330143,0.017320744693279266,-0.9738630652427673
453.134,-0.0377100445330143,0.017320744693279266,-0.9738630652427673
453.435,-0.0377100445330143,0.017320744693279266,-0.9738630652427673
453.741,-0.0377100445330143,0.017320744693279266,-0.9738630652427673
454.052,-0.0377100445330143,0.017320744693279266,-0.9738630652427673
454.362,-0.0377100445330143,0.017320744693279266,-0.9738630652427673
454.672,-0.0377100445330143,0.017320744693279266,-0.9738630652427673
454.982,-0.0377100445330143,0.017320744693279266,-0.9738630652427673
455.283,-0.0377100445330143,0.017320744693279266,-0.9738630652427673
455.584,0.026259608566761017,0.034661076962947845,-1.0762388706207275
455.892,-0.01957164704799652,0.035095445811748505,-1.0502045154571533
456.207,-0.01957164704799652,0.035095445811748505,-1.0502045154571533
456.483,0.04228772968053818,-0.03876546770334244,-0.9684565663337708
456.785,0.005445580929517746,-0.08462132513523102,-1.0315927267074585
457.087,-0.05458228290081024,-0.05997147783637047,-0.9976075887680054
457.389,-0.12985099852085114,-0.0673159658908844,-0.9542492032051086
457.691,-0.12985099852085114,-0.0673159658908844,-0.9542492032051086
457.998,-0.12985099852085114,-0.0673159658908844,-0.9542492032051086
458.3,-0.12985099852085114,-0.0673159658908844,-0.9542492032051086
458.601,-0.12985099852085114,-0.0673159658908844,-0.9542492032051086
458.902,-0.12985099852085114,-0.0673159658908844,-0.9542492032051086
459.203,-0.12985099852085114,-0.0673159658908844,-0.9542492032051086
459.504,-0.12985099852085114,-0.0673159658908844,-0.9542492032051086
459.805,0.04490405321121216,-0.005722276400774717,-1.1191580295562744
460.113,0.020556891337037086,0.03884723782539368,-1.0819296836853027
460.415,0.020556891337037086,0.03884723782539368,-1.0819296836853027
460.734,-0.07794511318206787,-0.0542752631008625,-1.10444176197052
461.01,-0.07755503058433533,-0.04493438079953194,-1.120861291885376
461.312,-0.038075365126132965,-0.07813717424869537,-1.0680480003356934
461.614,-0.07097981870174408,-0.04940749332308769,-1.1135520935058594
461.916,-0.013697020709514618,-0.02447289228439331,-1.034998893737793
462.223,0.022670483216643333,-0.022842226549983025,-1.0139654874801636
462.525,0.022670483216643333,-0.022842226549983025,-1.0139654874801636
462.826,0.022670483216643333,-0.022842226549983025,-1.0139654874801636
463.127,0.022670483216643333,-0.022842226549983025,-1.0139654874801636
463.428,0.022670483216643333,-0.022842226549983025,-1.0139654874801636
463.729,0.022670483216643333,-0.022842226549983025,-1.0139654874801636
464.03,0.022670483216643333,-0.022842226549983025,-1.0139654874801636
464.453,0.022670483216643333,-0.022842226549983025,-1.0139654874801636
464.763,0.022670483216643333,-0.022842226549983025,-1.0139654874801636
465.073,0.022670483216643333,-0.022842226549983025,-1.0139654874801636
465.374,0.022670483216643333,-0.022842226549983025,-1.0139654874801636
465.675,0.05305289477109909,-0.05568525195121765,-1.0483033657073975
465.977,0.05305289477109909,-0.05568525195121765,-1.0483033657073975
466.278,-0.03469022363424301,-0.028511185199022293,-0.9963569045066833
466.586,-0.039566539227962494,-0.009450860321521759,-0.981377124786377
466.916,-0.039566539227962494,-0.009450860321521759,-0.981377124786377
467.192,-0.041802022606134415,0.0030197969172149897,-0.9385368824005127
467.493,-0.03852706402540207,0.010885803028941154,-0.9297431111335754
467.795,-0.03852706402540207,0.010885803028941154,-0.9297431111335754
468.096,-0.03852706402540207,0.010885803028941154,-0.9297431111335754
468.397,-0.03852706402540207,0.010885803028941154,-0.9297431111335754
468.704,-0.03852706402540207,0.010885803028941154,-0.9297431111335754
469.006,-0.03852706402540207,0.010885803028941154,-0.9297431111335754
469.307,-0.03852706402540207,0.010885803028941154,-0.9297431111335754
469.608,-0.03852706402540207,0.010885803028941154,-0.9297431111335754
469.909,-0.05790006369352341,-0.0008664845954626799,-0.9720076322555542
470.21,-0.044994428753852844,-0.00029351667035371065,-0.9906193614006042
470.512,-0.026439260691404343,-0.054848480969667435,-1.0171788930892944
470.82,-0.025662563741207123,-0.08028776943683624,-0.9976469874382019
471.122,-0.025662563741207123,-0.08028776943683624,-0.9976469874382019
471.423,-0.025662563741207123,-0.08028776943683624,-0.9976469874382019
471.724,-0.021975085139274597,0.03177010267972946,-1.0476266145706177
472.026,-0.06039619818329811,0.01896483078598976,-1.026319980621338
472.328,-0.0591641366481781,-0.014133768156170845,-1.0055344104766846
472.63,-0.04030235856771469,-0.04507705941796303,-1.0941593647003174
472.938,-0.04030235856771469,-0.04507705941796303,-1.0941593647003174
473.24,-0.04030235856771469,-0.04507705941796303,-1.0941593647003174
473.541,-0.04030235856771469,-0.04507705941796303,-1.0941593647003174
473.842,-0.04030235856771469,-0.04507705941796303,-1.0941593647003174
474.143,-0.04030235856771469,-0.04507705941796303,-1.0941593647003174
474.453,-0.04030235856771469,-0.04507705941796303,-1.0941593647003174
474.763,-0.04030235856771469,-0.04507705941796303,-1.0941593647003174
475.186,-0.04030235856771469,-0.04507705941796303,-1.0941593647003174
475.488,-0.04030235856771469,-0.04507705941796303,-1.0941593647003174
475.789,0.05297582596540451,-0.05391540378332138,-0.9620806574821472
476.091,0.014678952284157276,-0.0964321717619896,-0.9647018313407898
476.393,-0.057571858167648315,-0.061598535627126694,-1.046002745628357
476.695,-0.054113343358039856,-0.027109697461128235,-1.008867859840393
476.997,0.012136543169617653,0.08224152773618698,-0.9700730443000793
477.305,0.04108033701777458,0.03420012444257736,-1.0441248416900635
477.627,0.04108033701777458,0.03420012444257736,-1.0441248416900635
477.928,0.04108033701777458,0.03420012444257736,-1.0441248416900635
478.229,0.04108033701777458,0.03420012444257736,-1.0441248416900635
478.53,0.04108033701777458,0.03420012444257736,-1.0441248416900635
478.831,0.04108033701777458,0.03420012444257736,-1.0441248416900635
479.132,0.04108033701777458,0.03420012444257736,-1.0441248416900635
479.439,0.04108033701777458,0.03420012444257736,-1.0441248416900635
479.74,0.04108033701777458,0.03420012444257736,-1.0441248416900635
480.041,0.003739930223673582,0.01861526444554329,-0.994470477104187
480.343,-0.11585316061973572,0.05057966709136963,-0.9553543925285339
480.645,-0.029724247753620148,0.04695085808634758,-1.0151574611663818
480.947,0.036446213722229004,0.02618280053138733,-1.0754108428955078
481.249,0.04976923018693924,0.0049775224179029465,-1.0417969226837158
481.557,0.05208226665854454,0.005219551734626293,-1.0119171142578125
481.879,0.05208226665854454,0.005219551734626293,-1.0119171142578125
482.155,-0.0384116992354393,0.027281366288661957,-1.0310701131820679
482.457,0.062251485884189606,-0.02262789197266102,-1.0249154567718506
482.759,0.026988979429006577,-0.058982059359550476,-1.0608012676239014
483.061,0.026988979429006577,-0.058982059359550476,-1.0608012676239014
483.362,0.026988979429006577,-0.058982059359550476,-1.0608012676239014
483.669,0.026988979429006577,-0.058982059359550476,-1.0608012676239014
483.971,0.026988979429006577,-0.058982059359550476,-1.0608012676239014
484.272,0.026988979429006577,-0.058982059359550476,-1.0608012676239014
484.582,0.026988979429006577,-0.058982059359550476,-1.0608012676239014
484.892,0.026988979429006577,-0.058982059359550476,-1.0608012676239014
485.202,0.026988979429006577,-0.058982059359550476,-1.0608012676239014
485.512,0.026988979429006577,-0.058982059359550476,-1.0608012676239014
485.819,0.026988979429006577,-0.058982059359550476,-1.0608012676239014
486.132,0.026988979429006577,-0.058982059359550476,-1.0608012676239014
486.408,-0.05115622282028198,0.02913711965084076,-0.9575256109237671
486.709,-0.0410393550992012,0.0177052840590477,-1.0053589344024658
487.011,-0.047182343900203705,-0.017111655324697495,-1.0075433254241943
487.313,-0.07657873630523682,-0.05913786590099335,-1.0113096237182617
487.615,-0.025297561660408974,0.02255982719361782,-1.0185508728027344
487.922,-0.025297561660408974,0.02255982719361782,-1.0185508728027344
488.224,-0.025297561660408974,0.02255982719361782,-1.0185508728027344
488.525,-0.025297561660408974,0.02255982719361782,-1.0185508728027344
488.826,-0.025297561660408974,0.02255982719361782,-1.0185508728027344
489.127,-0.025297561660408974,0.02255982719361782,-1.0185508728027344
489.428,-0.025297561660408974,0.02255982719361782,-1.0185508728027344
489.729,-0.025297561660408974,0.02255982719361782,-1.0185508728027344
490.036,-0.025297561660408974,0.02255982719361782,-1.0185508728027344
490.338,-0.025297561660408974,0.02255982719361782,-1.0185508728027344
490.66,-0.049076661467552185,-0.008449198678135872,-0.9819329977035522
490.935,-0.03848697245121002,0.00846065767109394,-0.9870249032974243
491.237,-0.06029001250863075,0.0070723663084208965,-0.9774801731109619
491.539,-0.022330032661557198,0.04015588015317917,-1.0630242824554443
491.841,0.0035132255870848894,0.031039828434586525,-1.0373191833496094
492.149,0.0656958520412445,0.01666644588112831,-0.9644322395324707
492.45,0.0656958520412445,0.01666644588112831,-0.9644322395324707
492.751,-0.014580123126506805,0.01626010797917843,-1.036262035369873
493.053,0.037544555962085724,0.014310264959931374,-1.0261958837509155
493.355,0.037544555962085724,0.014310264959931374,-1.0261958837509155
493.656,0.037544555962085724,0.014310264959931374,-1.0261958837509155
493.957,0.037544555962085724,0.014310264959931374,-1.0261958837509155
494.264,0.037544555962085724,0.014310264959931374,-1.0261958837509155
494.565,0.037544555962085724,0.014310264959931374,-1.0261958837509155
494.875,0.037544555962085724,0.014310264959931374,-1.0261958837509155
495.185,0.037544555962085724,0.014310264959931374,-1.0261958837509155
495.495,0.037544555962085724,0.014310264959931374,-1.0261958837509155
495.805,0.037544555962085724,0.014310264959931374,-1.0261958837509155
496.106,0.037544555962085724,0.014310264959931374,-1.0261958837509155
496.414,-0.04360510781407356,-0.007345506921410561,-1.035945177078247
496.715,-0.04360510781407356,-0.007345506921410561,-1.035945177078247
497.016,-0.044942457228899,-0.022999385371804237,-1.042797327041626
497.318,-0.023865243420004845,0.029204796999692917,-1.0667598247528076
497.62,-0.056218504905700684,0.03304797410964966,-1.0189416408538818
497.944,-0.05622059851884842,-0.026794346049427986,-1.0062843561172485
498.245,-0.05622059851884842,-0.026794346049427986,-1.0062843561172485
498.552,-0.05622059851884842,-0.026794346049427986,-1.0062843561172485
498.853,-0.05622059851884842,-0.026794346049427986,-1.0062843561172485
499.154,-0.05622059851884842,-0.026794346049427986,-1.0062843561172485
499.455,-0.05622059851884842,-0.026794346049427986,-1.0062843561172485
499.756,-0.05622059851884842,-0.026794346049427986,-1.0062843561172485
500.057,-0.05622059851884842,-0.026794346049427986,-1.0062843561172485
500.358,-0.05188819766044617,-0.038660626858472824,-0.9680600166320801
500.666,-0.007371680811047554,-0.11629121005535126,-1.058731198310852
500.968,-0.007371680811047554,-0.11629121005535126,-1.058731198310852
501.269,-0.014560144394636154,-0.031103461980819702,-0.9642295837402344
501.571,-0.051870737224817276,-0.015821075066924095,-1.1007136106491089
501.873,-0.020192256197333336,-0.06494732201099396,-1.1008659601211548
502.195,0.012564967386424541,-0.07824350148439407,-1.0471012592315674
502.471,0.0596461147069931,0.02256540209054947,-1.1770317554473877
502.778,0.032303884625434875,0.030568940564990044,-1.1277308464050293
503.08,0.032303884625434875,0.030568940564990044,-1.1277308464050293
503.381,0.032303884625434875,0.030568940564990044,-1.1277308464050293
503.682,0.032303884625434875,0.030568940564990044,-1.1277308464050293
503.983,0.032303884625434875,0.030568940564990044,-1.1277308464050293
504.284,0.032303884625434875,0.030568940564990044,-1.1277308464050293
504.585,0.032303884625434875,0.030568940564990044,-1.1277308464050293
505.008,0.032303884625434875,0.030568940564990044,-1.1277308464050293
505.429,0.032303884625434875,0.030568940564990044,-1.1277308464050293
505.739,0.032303884625434875,0.030568940564990044,-1.1277308464050293
506.04,0.032303884625434875,0.030568940564990044,-1.1277308464050293
506.341,0.041122183203697205,0.020696423947811127,-0.9837503433227539
506.643,0.042726144194602966,-0.02043514885008335,-0.9742995500564575
506.951,0.053417205810546875,0.004275154322385788,-0.9558865427970886
507.274,0.053417205810546875,0.004275154322385788,-0.9558865427970886
507.55,-0.015825331211090088,-0.003711916506290436,-0.9763057231903076
507.852,-0.05018682777881622,-0.010968256741762161,-0.9440460205078125
508.154,-0.03796614706516266,-0.033472757786512375,-0.9856831431388855
508.456,-0.03796614706516266,-0.033472757786512375,-0.9856831431388855
508.757,-0.03796614706516266,-0.033472757786512375,-0.9856831431388855
509.064,-0.03796614706516266,-0.033472757786512375,-0.9856831431388855
509.366,-0.03796614706516266,-0.033472757786512375,-0.9856831431388855
509.667,-0.03796614706516266,-0.033472757786512375,-0.9856831431388855
509.968,-0.03796614706516266,-0.033472757786512375,-0.9856831431388855
510.269,-0.03796614706516266,-0.033472757786512375,-0.9856831431388855
510.57,0.05249214544892311,0.04452157020568848,-1.0948798656463623
510.872,0.039618972688913345,0.04477708786725998,-1.0650103092193604
511.181,0.009410925209522247,0.04893312603235245,-1.0896899700164795
511.482,0.009410925209522247,0.04893312603235245,-1.0896899700164795
511.802,-0.04651351273059845,0.012733266688883305,-1.0227497816085815
512.078,-0.01704820618033409,-0.0009933128021657467,-1.0168869495391846
512.38,-0.045046526938676834,-0.024713056161999702,-0.9676483273506165
512.682,-0.04646802693605423,-0.046919453889131546,-0.985586404800415
512.984,-0.03438432887196541,-0.010951561853289604,-0.9826648235321045
513.292,-0.036642275750637054,0.014006409794092178,-0.9804916381835938
513.594,-0.036642275750637054,0.014006409794092178,-0.9804916381835938
513.895,-0.036642275750637054,0.014006409794092178,-0.9804916381835938
514.196,-0.036642275750637054,0.014006409794092178,-0.9804916381835938
514.497,-0.036642275750637054,0.014006409794092178,-0.9804916381835938
514.798,-0.036642275750637054,0.014006409794092178,-0.9804916381835938
515.108,-0.036642275750637054,0.014006409794092178,-0.9804916381835938
515.531,-0.036642275750637054,0.014006409794092178,-0.9804916381835938
515.841,-0.036642275750637054,0.014006409794092178,-0.9804916381835938
516.142,-0.036642275750637054,0.014006409794092178,-0.9804916381835938
516.443,0.04135055094957352,-0.056348636746406555,-1.0875568389892578
516.745,-0.03718748688697815,-0.05509229004383087,-1.0706170797348022
517.047,-0.017732219770550728,0.04738792032003403,-1.1199746131896973
517.349,0.053033679723739624,0.053118012845516205,-1.0957869291305542
517.657,-0.025339310988783836,0.03541959822177887,-1.0193215608596802
517.984,-0.025339310988783836,0.03541959822177887,-1.0193215608596802
518.26,-0.055025361478328705,-0.022032205015420914,-1.0556674003601074
518.562,-0.055025361478328705,-0.022032205015420914,-1.0556674003601074
518.863,-0.055025361478328705,-0.022032205015420914,-1.0556674003601074
519.164,-0.055025361478328705,-0.022032205015420914,-1.0556674003601074
519.465,-0.055025361478328705,-0.022032205015420914,-1.0556674003601074
519.772,-0.055025361478328705,-0.022032205015420914,-1.0556674003601074
520.074,-0.055025361478328705,-0.022032205015420914,-1.0556674003601074
520.375,-0.055025361478328705,-0.022032205015420914,-1.0556674003601074
520.676,0.03293495252728462,0.017844507470726967,-1.0690861940383911
520.978,0.014555884525179863,0.03659014403820038,-1.0610132217407227
521.28,0.03503099083900452,0.006214112043380737,-1.0534849166870117
521.582,0.04508756846189499,0.0010659471154212952,-1.0382657051086426
521.89,0.034085437655448914,-0.05030742287635803,-1.0368750095367432
522.192,0.034085437655448914,-0.05030742287635803,-1.0368750095367432
522.512,-0.040435343980789185,0.04347998648881912,-1.0584943294525146
522.787,0.0010159267112612724,0.04791397228837013,-0.9790218472480774
523.089,0.004124918021261692,0.03772646188735962,-0.9353692531585693
523.391,-0.032979510724544525,-0.009676807560026646,-0.996418297290802
523.692,-0.032979510724544525,-0.009676807560026646,-0.996418297290802
523.999,-0.032979510724544525,-0.009676807560026646,-0.996418297290802
524.3,-0.032979510724544525,-0.009676807560026646,-0.996418297290802
524.601,-0.032979510724544525,-0.009676807560026646,-0.996418297290802
524.902,-0.032979510724544525,-0.009676807560026646,-0.996418297290802
525.212,-0.032979510724544525,-0.009676807560026646,-0.996418297290802
525.522,-0.032979510724544525,-0.009676807560026646,-0.996418297290802
525.832,-0.032979510724544525,-0.009676807560026646,-0.996418297290802
526.255,-0.032979510724544525,-0.009676807560026646,-0.996418297290802
526.557,-0.032979510724544525,-0.009676807560026646,-0.996418297290802
526.858,0.014234887436032295,-0.13737380504608154,-1.1096197366714478
527.16,-0.046307727694511414,-0.049652501940727234,-1.0221107006072998
527.462,-0.013849419541656971,0.008653789758682251,-1.061496615409851
527.764,-0.007697755470871925,0.032964810729026794,-1.0312817096710205
528.066,-0.04502083361148834,0.0009760968387126923,-1.0571928024291992
528.374,-0.06472549587488174,-0.009833335876464844,-1.0618178844451904
528.676,-0.06472549587488174,-0.009833335876464844,-1.0618178844451904
528.977,-0.06472549587488174,-0.009833335876464844,-1.0618178844451904
529.278,-0.06472549587488174,-0.009833335876464844,-1.0618178844451904
529.579,-0.06472549587488174,-0.009833335876464844,-1.0618178844451904
529.88,-0.06472549587488174,-0.009833335876464844,-1.0618178844451904
530.181,-0.06472549587488174,-0.009833335876464844,-1.0618178844451904
530.488,-0.06472549587488174,-0.009833335876464844,-1.0618178844451904
530.79,-0.06472549587488174,-0.009833335876464844,-1.0618178844451904
531.091,0.03886757791042328,0.020617205649614334,-1.0121982097625732
531.393,0.03314261510968208,-0.012160432524979115,-1.0316002368927002
531.695,0.004483104683458805,-0.015726951882243156,-1.0233986377716064
531.997,-0.04063287749886513,-0.0024786991998553276,-0.9815170764923096
532.299,0.045742884278297424,0.009412729181349277,-1.0267119407653809
532.607,0.03876551613211632,-0.07608185708522797,-1.0447596311569214
532.909,0.03876551613211632,-0.07608185708522797,-1.0447596311569214
533.221,-0.07199956476688385,-0.03141646459698677,-1.081634283065796
533.496,-0.060156792402267456,-0.06258368492126465,-1.0749956369400024
533.798,-0.060156792402267456,-0.06258368492126465,-1.0749956369400024
534.099,-0.060156792402267456,-0.06258368492126465,-1.0749956369400024
534.4,-0.060156792402267456,-0.06258368492126465,-1.0749956369400024
534.707,-0.060156792402267456,-0.06258368492126465,-1.0749956369400024
535.008,-0.060156792402267456,-0.06258368492126465,-1.0749956369400024
535.318,-0.060156792402267456,-0.06258368492126465,-1.0749956369400024
535.628,-0.060156792402267456,-0.06258368492126465,-1.0749956369400024
535.938,-0.060156792402267456,-0.06258368492126465,-1.0749956369400024
536.248,-0.060156792402267456,-0.06258368492126465,-1.0749956369400024
536.549,-0.060156792402267456,-0.06258368492126465,-1.0749956369400024
536.856,-0.060156792402267456,-0.06258368492126465,-1.0749956369400024
537.158,-0.060156792402267456,-0.06258368492126465,-1.0749956369400024
537.473,0.058954041451215744,-0.001895323395729065,-1.0009337663650513
537.748,0.054211974143981934,-0.005983466748148203,-1.0226702690124512
538.05,0.06681111454963684,-0.023792985826730728,-1.076441764831543
538.352,0.06274978071451187,-0.02470504119992256,-1.083486795425415
538.654,0.05198288708925247,0.0072638532146811485,-1.0258898735046387
538.962,0.05198288708925247,0.0072638532146811485,-1.0258898735046387
539.264,0.05198288708925247,0.0072638532146811485,-1.0258898735046387
539.565,0.05198288708925247,0.0072638532146811485,-1.0258898735046387
539.866,0.05198288708925247,0.0072638532146811485,-1.0258898735046387
540.167,0.05198288708925247,0.0072638532146811485,-1.0258898735046387
540.468,0.05198288708925247,0.0072638532146811485,-1.0258898735046387
540.769,0.05198288708925247,0.0072638532146811485,-1.0258898735046387
541.076,0.010722758248448372,0.037916749715805054,-1.0243682861328125
541.378,0.010722758248448372,0.037916749715805054,-1.0243682861328125
541.679,0.028886495158076286,0.02419675886631012,-0.9895385503768921
542.001,-0.03498205170035362,0.024266771972179413,-1.0114784240722656
542.276,-0.016458269208669662,0.04278796911239624,-0.9798777103424072
542.578,-0.0038078816141933203,0.048225462436676025,-1.0152941942214966
542.88,-0.00681986752897501,0.036767132580280304,-1.032286286354065
543.188,-0.025622813031077385,0.028396891430020332,-1.02521812915802
543.49,-0.025622813031077385,0.028396891430020332,-1.02521812915802
543.791,-0.00018989667296409607,0.015340049751102924,-1.0515062808990479
544.093,-0.00018989667296409607,0.015340049751102924,-1.0515062808990479
544.394,-0.00018989667296409607,0.015340049751102924,-1.0515062808990479
544.695,-0.00018989667296409607,0.015340049751102924,-1.0515062808990479
544.996,-0.00018989667296409607,0.015340049751102924,-1.0515062808990479
545.303,-0.00018989667296409607,0.015340049751102924,-1.0515062808990479
545.614,-0.00018989667296409607,0.015340049751102924,-1.0515062808990479
545.924,-0.00018989667296409607,0.015340049751102924,-1.0515062808990479
546.234,-0.00018989667296409607,0.015340049751102924,-1.0515062808990479
546.544,-0.00018989667296409607,0.015340049751102924,-1.0515062808990479
546.845,-0.00018989667296409607,0.015340049751102924,-1.0515062808990479
547.146,-0.05135229229927063,0.029108429327607155,-1.0161352157592773
547.454,-0.01349481102079153,0.016520792618393898,-1.0627202987670898
547.756,-0.01349481102079153,0.016520792618393898,-1.0627202987670898
548.057,0.026700280606746674,0.057628292590379715,-1.0532840490341187
548.359,0.05769031494855881,0.05008652061223984,-1.0656987428665161
548.661,0.07248885929584503,0.02039269357919693,-1.0800471305847168
548.963,0.07634518295526505,0.027813561260700226,-1.1098542213439941
549.265,0.07634518295526505,0.027813561260700226,-1.1098542213439941
549.572,0.07634518295526505,0.027813561260700226,-1.1098542213439941
549.874,0.07634518295526505,0.027813561260700226,-1.1098542213439941
550.175,0.07634518295526505,0.027813561260700226,-1.1098542213439941
550.476,0.07634518295526505,0.027813561260700226,-1.1098542213439941
550.777,0.07634518295526505,0.027813561260700226,-1.1098542213439941
551.078,-0.018334703519940376,-0.004257414489984512,-1.0489286184310913
551.38,-0.037085577845573425,-0.014967173337936401,-1.0224688053131104
551.688,-0.027134157717227936,-0.0012508167419582605,-1.0386457443237305
551.99,-0.027134157717227936,-0.0012508167419582605,-1.0386457443237305
552.291,-0.05346592888236046,-0.020700007677078247,-0.9871143102645874
552.593,-0.04466438293457031,-0.027681777253746986,-1.01735520362854
552.895,-0.04959891736507416,-0.024513812735676765,-0.9897298812866211
553.197,-0.047998227179050446,-0.018648959696292877,-0.9943792819976807
553.499,-0.05102281644940376,-0.025448983535170555,-0.991330623626709
553.819,-0.01125693041831255,0.031399909406900406,-1.0298658609390259
554.121,-0.01125693041831255,0.031399909406900406,-1.0298658609390259
554.422,-0.01125693041831255,0.031399909406900406,-1.0298658609390259
554.723,-0.01125693041831255,0.031399909406900406,-1.0298658609390259
555.024,-0.01125693041831255,0.031399909406900406,-1.0298658609390259
555.325,-0.01125693041831255,0.031399909406900406,-1.0298658609390259
555.635,-0.01125693041831255,0.031399909406900406,-1.0298658609390259
556.058,-0.01125693041831255,0.031399909406900406,-1.0298658609390259
556.369,-0.01125693041831255,0.031399909406900406,-1.0298658609390259
556.67,-0.01125693041831255,0.031399909406900406,-1.0298658609390259
556.971,0.00331882294267416,-0.05895546078681946,-1.0048621892929077
557.273,-0.043297626078128815,-0.03000175580382347,-0.9465136528015137
557.575,-0.0361688956618309,-0.013901683501899242,-0.987454891204834
557.877,-0.01966146193444729,0.006769671104848385,-0.9794453382492065
558.185,-0.049572356045246124,-0.00042754923924803734,-0.9728550314903259
558.487,-0.049572356045246124,-0.00042754923924803734,-0.9728550314903259
558.788,-0.031770676374435425,-0.02200395241379738,-1.00726318359375
559.09,-0.02299264259636402,-0.04534199833869934,-0.9868609309196472
559.392,-0.02299264259636402,-0.04534199833869934,-0.9868609309196472
559.693,-0.02299264259636402,-0.04534199833869934,-0.9868609309196472
559.994,-0.02299264259636402,-0.04534199833869934,-0.9868609309196472
560.301,-0.02299264259636402,-0.04534199833869934,-0.9868609309196472
560.603,-0.02299264259636402,-0.04534199833869934,-0.9868609309196472
560.904,-0.02299264259636402,-0.04534199833869934,-0.9868609309196472
561.214,-0.02299264259636402,-0.04534199833869934,-0.9868609309196472
561.49,-0.007848353125154972,-0.0635991245508194,-0.9789681434631348
561.791,-0.02691415511071682,-0.04866635799407959,-1.0004925727844238
562.093,-0.0493999682366848,-0.030074279755353928,-0.9307765960693359
562.401,-0.051241956651210785,-0.007630630396306515,-0.9991718530654907
562.703,-0.051241956651210785,-0.007630630396306515,-0.9991718530654907
563.004,-0.03595467284321785,-0.03491444140672684,-0.9872751235961914
563.306,0.01570480689406395,-0.06435942649841309,-1.0255093574523926
563.608,0.04030338674783707,-0.04789334163069725,-1.0267040729522705
563.91,0.011559982784092426,0.008946377784013748,-1.032408595085144
564.212,-0.03849998861551285,-0.003779972903430462,-1.0774867534637451
564.52,-0.03849998861551285,-0.003779972903430462,-1.0774867534637451
564.822,-0.03849998861551285,-0.003779972903430462,-1.0774867534637451
565.123,-0.03849998861551285,-0.003779972903430462,-1.0774867534637451
565.424,-0.03849998861551285,-0.003779972903430462,-1.0774867534637451
565.734,-0.03849998861551285,-0.003779972903430462,-1.0774867534637451
566.044,-0.03849998861551285,-0.003779972903430462,-1.0774867534637451
566.354,-0.03849998861551285,-0.003779972903430462,-1.0774867534637451
566.777,-0.03849998861551285,-0.003779972903430462,-1.0774867534637451
567.078,-0.03849998861551285,-0.003779972903430462,-1.0774867534637451
567.395,-0.04608678072690964,0.015758991241455078,-0.9975813627243042
567.671,-0.0329861044883728,0.030743896961212158,-1.033645510673523
567.973,-0.03041532263159752,0.04748080298304558,-1.0476226806640625
568.275,-0.09292449057102203,0.07653152942657471,-1.0569052696228027
568.577,-0.0831177830696106,0.12459777295589447,-1.0226812362670898
568.885,0.018632542341947556,0.09793814271688461,-1.084507942199707
569.186,0.018632542341947556,0.09793814271688461,-1.084507942199707
569.487,0.018632542341947556,0.09793814271688461,-1.084507942199707
569.788,0.018632542341947556,0.09793814271688461,-1.084507942199707
570.089,0.018632542341947556,0.09793814271688461,-1.084507942199707
570.39,0.018632542341947556,0.09793814271688461,-1.084507942199707
570.691,0.018632542341947556,0.09793814271688461,-1.084507942199707
570.998,0.018632542341947556,0.09793814271688461,-1.084507942199707
571.3,0.018632542341947556,0.09793814271688461,-1.084507942199707
571.601,-0.04446706920862198,0.03536975011229515,-1.0518051385879517
571.925,-0.07787138968706131,0.0033225417137145996,-1.0199590921401978
572.2,-0.05838347226381302,0.006346770562231541,-1.0917372703552246
572.502,-0.05806640163064003,-0.04254555702209473,-1.0796258449554443
572.804,-0.06267019361257553,-0.03820020332932472,-1.082007646560669
573.112,-0.05293361842632294,-0.029775254428386688,-0.9766488075256348
573.414,-0.05293361842632294,-0.029775254428386688,-0.9766488075256348
573.715,-0.05074368417263031,0.0014663394540548325,-0.9315736889839172
574.017,-0.04528876394033432,-0.01661228947341442,-0.961455762386322
574.319,-0.01627671718597412,-0.024436961859464645,-1.0041234493255615
574.621,-0.01627671718597412,-0.024436961859464645,-1.0041234493255615
574.922,-0.01627671718597412,-0.024436961859464645,-1.0041234493255615
575.229,-0.01627671718597412,-0.024436961859464645,-1.0041234493255615
575.531,-0.01627671718597412,-0.024436961859464645,-1.0041234493255615
575.841,-0.01627671718597412,-0.024436961859464645,-1.0041234493255615
576.151,-0.01627671718597412,-0.024436961859464645,-1.0041234493255615
576.461,-0.01627671718597412,-0.024436961859464645,-1.0041234493255615
576.771,-0.01627671718597412,-0.024436961859464645,-1.0041234493255615
577.072,-0.01627671718597412,-0.024436961859464645,-1.0041234493255615
577.379,-0.004983481951057911,-0.039310798048973083,-0.9560976624488831
577.681,-0.004983481951057911,-0.039310798048973083,-0.9560976624488831
577.982,-0.0006832466460764408,-0.036806538701057434,-1.0628958940505981
578.284,-0.020352791994810104,-0.005791368428617716,-1.0349255800247192
578.586,-0.02767261676490307,-0.022581271827220917,-0.9447078704833984
578.888,-0.02434699423611164,-0.0032966104336082935,-1.0119454860687256
579.209,-0.041395120322704315,0.009572385810315609,-1.0282537937164307
579.517,-0.041395120322704315,0.009572385810315609,-1.0282537937164307
579.819,-0.041395120322704315,0.009572385810315609,-1.0282537937164307
580.12,-0.041395120322704315,0.009572385810315609,-1.0282537937164307
580.421,-0.041395120322704315,0.009572385810315609,-1.0282537937164307
580.722,-0.041395120322704315,0.009572385810315609,-1.0282537937164307
581.023,-0.041395120322704315,0.009572385810315609,-1.0282537937164307
581.324,-0.041395120322704315,0.009572385810315609,-1.0282537937164307
581.631,-0.05851071700453758,0.012009997852146626,-0.9631589651107788
581.933,-0.05851071700453758,0.012009997852146626,-0.9631589651107788
582.234,-0.06095196306705475,0.01939227245748043,-1.0076260566711426
582.536,-0.05802519619464874,0.0022771027870476246,-1.012442708015442
582.838,-0.04023067280650139,0.01952846720814705,-1.0083632469177246
583.14,-0.05476684123277664,0.035861726850271225,-0.9759181141853333
583.462,-0.04747374728322029,0.008213017135858536,-1.0148686170578003
583.744,-0.05238759145140648,0.009725424461066723,-1.09652841091156
584.046,-0.05238759145140648,0.009725424461066723,-1.09652841091156
584.347,-0.013920558616518974,-0.06974254548549652,-1.0624247789382935
584.648,-0.013920558616518974,-0.06974254548549652,-1.0624247789382935
584.949,-0.013920558616518974,-0.06974254548549652,-1.0624247789382935
585.25,-0.013920558616518974,-0.06974254548549652,-1.0624247789382935
585.551,-0.013920558616518974,-0.06974254548549652,-1.0624247789382935
585.974,-0.013920558616518974,-0.06974254548549652,-1.0624247789382935
586.285,-0.013920558616518974,-0.06974254548549652,-1.0624247789382935
586.595,-0.013920558616518974,-0.06974254548549652,-1.0624247789382935
586.896,-0.013920558616518974,-0.06974254548549652,-1.0624247789382935
587.197,-0.004180216696113348,0.05390689894556999,-0.9687736630439758
587.499,-0.01829916052520275,0.02005758509039879,-0.9740834832191467
587.801,0.007148515433073044,0.02244476228952408,-0.9922938346862793
588.109,0.04682023078203201,0.018697723746299744,-1.0629428625106812
588.411,0.04682023078203201,0.018697723746299744,-1.0629428625106812
588.712,0.024103380739688873,-0.0779886543750763,-1.0154467821121216
589.014,-0.02330220863223076,-0.08346244692802429,-1.0014392137527466
589.316,0.014026297256350517,0.02844742313027382,-1.0126328468322754
589.618,-0.03758634254336357,-0.029076214879751205,-0.9803890585899353
589.92,-0.03758634254336357,-0.029076214879751205,-0.9803890585899353
590.226,-0.03758634254336357,-0.029076214879751205,-0.9803890585899353
590.528,-0.03758634254336357,-0.029076214879751205,-0.9803890585899353
590.829,-0.03758634254336357,-0.029076214879751205,-0.9803890585899353
591.13,-0.03758634254336357,-0.029076214879751205,-0.9803890585899353
591.431,-0.03758634254336357,-0.029076214879751205,-0.9803890585899353
591.732,-0.026860980316996574,0.007902314886450768,-1.0411982536315918
592.034,0.04456709697842598,0.0054189530201256275,-0.9758776426315308
592.342,0.031190525740385056,-0.024234963580965996,-1.0721080303192139
592.644,0.031190525740385056,-0.024234963580965996,-1.0721080303192139
592.945,-0.001619510818272829,-0.057929035276174545,-1.0204287767410278
593.247,0.001397458603605628,-0.058551616966724396,-1.00663423538208
593.549,0.00713961711153388,-0.05344720557332039,-1.021571159362793
593.851,0.05014735460281372,-0.06273292005062103,-1.038767695426941
594.17,0.07210798561573029,-0.0432271733880043,-1.005928874015808
594.452,-0.0449337437748909,0.0031179217621684074,-1.0947636365890503
594.754,-0.0449337437748909,0.0031179217621684074,-1.0947636365890503
595.055,-0.0449337437748909,0.0031179217621684074,-1.0947636365890503
595.356,-0.0449337437748909,0.0031179217621684074,-1.0947636365890503
595.657,-0.0449337437748909,0.0031179217621684074,-1.0947636365890503
595.967,-0.0449337437748909,0.0031179217621684074,-1.0947636365890503
596.277,-0.0449337437748909,0.0031179217621684074,-1.0947636365890503
596.7,-0.0449337437748909,0.0031179217621684074,-1.0947636365890503
597.001,-0.0449337437748909,0.0031179217621684074,-1.0947636365890503
597.331,-0.025630062445998192,-0.04532785341143608,-0.9799792170524597
597.606,-0.022861730307340622,-0.05260072648525238,-1.004076600074768
597.908,-0.03704086318612099,-0.0482705719769001,-1.0100834369659424
598.21,-0.02696102112531662,-0.05141203850507736,-0.9908986687660217
598.512,-0.020021066069602966,-0.08583011478185654,-0.9557947516441345
598.82,-0.005385401658713818,-0.07196453213691711,-1.03289794921875
599.122,-0.005385401658713818,-0.07196453213691711,-1.03289794921875
599.423,0.010181215591728687,-0.06512930989265442,-1.0456502437591553
599.725,-0.008189748972654343,-0.0999259352684021,-1.0165574550628662
600.027,-0.008189748972654343,-0.0999259352684021,-1.0165574550628662
600.328,-0.008189748972654343,-0.0999259352684021,-1.0165574550628662
600.629,-0.008189748972654343,-0.0999259352684021,-1.0165574550628662
600.935,-0.008189748972654343,-0.0999259352684021,-1.0165574550628662
601.237,-0.008189748972654343,-0.0999259352684021,-1.0165574550628662
601.538,-0.008189748972654343,-0.0999259352684021,-1.0165574550628662
601.861,-0.008189748972654343,-0.0999259352684021,-1.0165574550628662
602.137,-0.04035594314336777,-0.09543460607528687,-1.0425231456756592
602.439,-0.049266885966062546,-0.027298426255583763,-1.0482778549194336
602.741,-0.05554189532995224,-0.01593819260597229,-1.0267566442489624
603.049,-0.04400670528411865,-0.009732551872730255,-1.0253008604049683
603.351,-0.04400670528411865,-0.009732551872730255,-1.0253008604049683
603.652,-0.05219024047255516,-0.04506012797355652,-1.0146656036376953
603.954,-0.009982293471693993,-0.05087246000766754,-0.9872503280639648
604.256,-0.0004343451000750065,-0.07863348722457886,-1.0400794744491577
604.558,0.007859282195568085,-0.07255269587039948,-1.1176667213439941
604.86,0.031976744532585144,-0.0594816617667675,-1.0401949882507324
605.168,0.031976744532585144,-0.0594816617667675,-1.0401949882507324
605.47,0.031976744532585144,-0.0594816617667675,-1.0401949882507324
605.771,0.031976744532585144,-0.0594816617667675,-1.0401949882507324
606.081,0.031976744532585144,-0.0594816617667675,-1.0401949882507324
606.391,0.031976744532585144,-0.0594816617667675,-1.0401949882507324
606.701,0.031976744532585144,-0.0594816617667675,-1.0401949882507324
607.011,0.031976744532585144,-0.0594816617667675,-1.0401949882507324
607.318,0.031976744532585144,-0.0594816617667675,-1.0401949882507324
607.62,0.031976744532585144,-0.0594816617667675,-1.0401949882507324
607.921,-0.06985205411911011,0.024961505085229874,-1.0217022895812988
608.223,-0.06438091397285461,0.03204852342605591,-1.0820879936218262
608.55,-0.009923148900270462,0.03956228867173195,-1.076369047164917
608.825,-0.03541688993573189,0.006392898038029671,-1.0538110733032227
609.127,-0.0727086216211319,0.04249720275402069,-1.0924793481826782
609.435,-0.08402891457080841,0.022522466257214546,-1.0926878452301025
609.737,-0.08402891457080841,0.022522466257214546,-1.0926878452301025
610.038,-0.08402891457080841,0.022522466257214546,-1.0926878452301025
610.339,-0.08402891457080841,0.022522466257214546,-1.0926878452301025
610.64,-0.08402891457080841,0.022522466257214546,-1.0926878452301025
610.941,-0.08402891457080841,0.022522466257214546,-1.0926878452301025
611.242,-0.08402891457080841,0.022522466257214546,-1.0926878452301025
611.549,-0.08402891457080841,0.022522466257214546,-1.0926878452301025
611.851,-0.08402891457080841,0.022522466257214546,-1.0926878452301025
612.152,0.008039014413952827,-0.026417464017868042,-0.9654113054275513
612.454,0.005966628901660442,-0.030557731166481972,-0.9376088380813599
612.756,0.023425444960594177,-0.02703026868402958,-0.9417530298233032
613.079,0.0288376584649086,-0.011692864820361137,-0.9524757862091064
613.355,0.03130827099084854,-0.014398873783648014,-0.9937280416488647
613.662,0.028667744249105453,-0.010391229763627052,-1.0314900875091553
613.964,0.028667744249105453,-0.010391229763627052,-1.0314900875091553
614.265,0.006144346669316292,-0.03367350250482559,-1.0395426750183105
614.567,0.031624119728803635,0.0022514041047543287,-1.0314884185791016
614.869,-0.022862307727336884,0.024532847106456757,-0.9936840534210205
615.171,-0.022862307727336884,0.024532847106456757,-0.9936840534210205
615.472,-0.022862307727336884,0.024532847106456757,-0.9936840534210205
615.779,-0.022862307727336884,0.024532847106456757,-0.9936840534210205
616.09,-0.022862307727336884,0.024532847106456757,-0.9936840534210205
616.4,-0.022862307727336884,0.024532847106456757,-0.9936840534210205
616.71,-0.022862307727336884,0.024532847106456757,-0.9936840534210205
617.02,-0.022862307727336884,0.024532847106456757,-0.9936840534210205
617.321,-0.022862307727336884,0.024532847106456757,-0.9936840534210205
617.622,0.017598353326320648,-0.03880731761455536,-0.9658450484275818
617.93,0.011172552593052387,-0.028393495827913284,-0.9630780220031738
618.232,0.011172552593052387,-0.028393495827913284,-0.9630780220031738
618.558,0.00039093918167054653,-0.05262012034654617,-0.9425062537193298
618.834,0.016819734126329422,-0.02620735578238964,-1.0262176990509033
619.136,0.015331004746258259,-0.026223503053188324,-1.0162254571914673
619.438,0.018293332308530807,-0.03912768512964249,-0.9928354024887085
619.74,0.030060751363635063,-0.041128937155008316,-1.0101109743118286
620.048,0.02589920163154602,-0.016294114291667938,-1.0257371664047241
620.35,0.02589920163154602,-0.016294114291667938,-1.0257371664047241
620.651,0.02589920163154602,-0.016294114291667938,-1.0257371664047241
620.952,0.02589920163154602,-0.016294114291667938,-1.0257371664047241
621.253,0.02589920163154602,-0.016294114291667938,-1.0257371664047241
621.554,0.02589920163154602,-0.016294114291667938,-1.0257371664047241
621.855,0.02589920163154602,-0.016294114291667938,-1.0257371664047241
622.162,0.02589920163154602,-0.016294114291667938,-1.0257371664047241
622.464,0.02589920163154602,-0.016294114291667938,-1.0257371664047241
622.765,0.04099946469068527,-0.008596104569733143,-1.0503243207931519
623.085,0.03138159215450287,0.003952453378587961,-1.0891261100769043
623.36,0.018457330763339996,-0.08114180713891983,-1.0087242126464844
623.662,0.06293477863073349,-0.0315152071416378,-1.0584716796875
623.964,0.027806945145130157,0.02764938212931156,-1.07538902759552
624.272,0.03535673767328262,0.032909929752349854,-1.0587193965911865
624.574,0.03535673767328262,0.032909929752349854,-1.0587193965911865
624.875,0.04624900221824646,0.015125714242458344,-1.044015645980835
625.177,0.029718026518821716,0.000977981835603714,-1.0829753875732422
625.479,0.029718026518821716,0.000977981835603714,-1.0829753875732422
625.78,0.029718026518821716,0.000977981835603714,-1.0829753875732422
626.09,0.029718026518821716,0.000977981835603714,-1.0829753875732422
626.513,0.029718026518821716,0.000977981835603714,-1.0829753875732422
626.823,0.029718026518821716,0.000977981835603714,-1.0829753875732422
627.124,0.029718026518821716,0.000977981835603714,-1.0829753875732422
627.454,0.029718026518821716,0.000977981835603714,-1.0829753875732422
627.73,0.050484899431467056,-0.040386855602264404,-1.0234792232513428
628.032,0.04055161029100418,-0.017769914120435715,-1.0295088291168213
628.334,0.0088896993547678,-0.0012399638071656227,-1.0072240829467773
628.642,0.004515507724136114,0.033450108021497726,-1.0527247190475464
628.944,0.004515507724136114,0.033450108021497726,-1.0527247190475464
629.245,0.009143766015768051,0.045366767793893814,-1.019336462020874
629.547,0.0679999440908432,-0.03169230744242668,-1.0040559768676758
629.849,0.06063020974397659,-0.04006548225879669,-1.0094002485275269
630.151,0.05233057588338852,-0.0730772316455841,-1.026271939277649
630.453,0.017437145113945007,-0.07441822439432144,-1.0570013523101807
630.761,0.017437145113945007,-0.07441822439432144,-1.0570013523101807
631.062,0.017437145113945007,-0.07441822439432144,-1.0570013523101807
631.363,0.017437145113945007,-0.07441822439432144,-1.0570013523101807
631.664,0.017437145113945007,-0.07441822439432144,-1.0570013523101807
631.965,0.017437145113945007,-0.07441822439432144,-1.0570013523101807
632.266,0.017437145113945007,-0.07441822439432144,-1.0570013523101807
632.567,0.03871358558535576,-0.027941182255744934,-1.0489435195922852
632.875,0.033641133457422256,-0.04257986322045326,-1.0344111919403076
633.177,0.033641133457422256,-0.04257986322045326,-1.0344111919403076
633.478,0.05402282625436783,0.002772223437204957,-1.053464412689209
633.78,-0.006185227073729038,0.06600388884544373,-1.0575807094573975
634.082,-0.03504141420125961,0.04415305703878403,-1.04884934425354
634.384,0.025937192142009735,0.03903695195913315,-1.0395092964172363
634.686,-0.017076674848794937,0.042571041733026505,-1.0078423023223877
635.019,-0.01647040620446205,0.039486587047576904,-1.0224757194519043
635.321,-0.01647040620446205,0.039486587047576904,-1.0224757194519043
635.622,-0.01647040620446205,0.039486587047576904,-1.0224757194519043
635.923,-0.01647040620446205,0.039486587047576904,-1.0224757194519043
636.233,-0.01647040620446205,0.039486587047576904,-1.0224757194519043
636.543,-0.01647040620446205,0.039486587047576904,-1.0224757194519043
636.853,-0.01647040620446205,0.039486587047576904,-1.0224757194519043
637.276,-0.01647040620446205,0.039486587047576904,-1.0224757194519043
637.598,-0.01647040620446205,0.039486587047576904,-1.0224757194519043
637.874,-0.029755331575870514,-0.04527570307254791,-1.0037320852279663
638.176,-0.02906295657157898,-0.051376450806856155,-1.0251860618591309
638.478,-0.016119252890348434,-0.04607187211513519,-1.039597988128662
638.78,-0.05009842664003372,-0.052091531455516815,-1.0368704795837402
639.082,-0.04580650478601456,-0.02812403067946434,-1.0449728965759277
639.39,-0.039713770151138306,-0.018698500469326973,-1.0685930252075195
639.692,-0.039713770151138306,-0.018698500469326973,-1.0685930252075195
639.993,-0.0007994952611625195,-0.0700310468673706,-1.073745846748352
640.295,-0.021495169028639793,-0.0748879536986351,-1.074601173400879
640.597,-0.013902684673666954,-0.04514014348387718,-1.0645287036895752
640.899,-0.013902684673666954,-0.04514014348387718,-1.0645287036895752
641.2,-0.013902684673666954,-0.04514014348387718,-1.0645287036895752
641.507,-0.013902684673666954,-0.04514014348387718,-1.0645287036895752
641.809,-0.013902684673666954,-0.04514014348387718,-1.0645287036895752
642.11,-0.013902684673666954,-0.04514014348387718,-1.0645287036895752
642.411,-0.013902684673666954,-0.04514014348387718,-1.0645287036895752
642.712,-0.007867599837481976,-0.09474669396877289,-1.1041224002838135
643.014,0.02010716125369072,-0.06673816591501236,-1.119178056716919
643.316,0.052186813205480576,-0.057509031146764755,-1.0712788105010986
643.624,0.04359949007630348,-0.07002666592597961,-1.0491585731506348
643.926,0.04359949007630348,-0.07002666592597961,-1.0491585731506348
644.227,0.017836138606071472,0.02923942729830742,-1.0804001092910767
644.529,0.03807903826236725,0.015591803938150406,-1.0451455116271973
644.831,0.04515670984983444,0.034381117671728134,-0.9815969467163086
645.155,0.018554192036390305,0.02399531565606594,-0.9589360356330872
645.457,0.018554192036390305,0.02399531565606594,-0.9589360356330872
645.764,0.018554192036390305,0.02399531565606594,-0.9589360356330872
646.066,0.018554192036390305,0.02399531565606594,-0.9589360356330872
646.376,0.018554192036390305,0.02399531565606594,-0.9589360356330872
646.686,0.018554192036390305,0.02399531565606594,-0.9589360356330872
646.996,0.018554192036390305,0.02399531565606594,-0.9589360356330872
647.306,0.018554192036390305,0.02399531565606594,-0.9589360356330872
647.607,0.018554192036390305,0.02399531565606594,-0.9589360356330872
647.914,-0.029892852529883385,0.013134888373315334,-0.9667430520057678
648.216,-0.029892852529883385,0.013134888373315334,-0.9667430520057678
648.517,-0.015004073269665241,-0.05950517952442169,-0.9240214824676514
648.843,-8.665479253977537e-05,-0.03999870643019676,-0.9857284426689148
649.119,-0.011590772308409214,-0.041308656334877014,-1.0202603340148926
649.421,-0.021405572071671486,-0.058026839047670364,-1.0750551223754883
649.723,-0.035565778613090515,-0.05485169589519501,-1.0918034315109253
650.031,-0.05609290301799774,-0.06478159129619598,-1.0273749828338623
650.333,-0.05609290301799774,-0.06478159129619598,-1.0273749828338623
650.634,-0.05219024419784546,-0.0949927419424057,-1.1086252927780151
650.936,-0.05219024419784546,-0.0949927419424057,-1.1086252927780151
651.237,-0.05219024419784546,-0.0949927419424057,-1.1086252927780151
651.538,-0.05219024419784546,-0.0949927419424057,-1.1086252927780151
651.839,-0.05219024419784546,-0.0949927419424057,-1.1086252927780151
652.146,-0.05219024419784546,-0.0949927419424057,-1.1086252927780151
652.448,-0.05219024419784546,-0.0949927419424057,-1.1086252927780151
652.749,-0.05219024419784546,-0.0949927419424057,-1.1086252927780151
653.05,-0.08798915892839432,-0.0268520787358284,-1.0178464651107788
653.37,-0.05057688057422638,0.001730448566377163,-1.0482239723205566
653.646,-0.04377089440822601,0.02114551141858101,-1.0440926551818848
653.948,-0.050296612083911896,-0.006955238990485668,-1.0579169988632202
654.256,-0.03777933493256569,0.01017558854073286,-1.0398452281951904
654.558,-0.03777933493256569,0.01017558854073286,-1.0398452281951904
654.859,-0.05966435372829437,-0.06965409219264984,-1.0632119178771973
655.161,-0.05966435372829437,-0.06965409219264984,-1.0632119178771973
655.462,0.04600999504327774,0.02754756435751915,-1.0558637380599976
655.764,0.07863031327724457,-0.010293284431099892,-1.013831377029419
656.066,0.07863031327724457,-0.010293284431099892,-1.013831377029419
656.489,0.07863031327724457,-0.010293284431099892,-1.013831377029419
656.799,0.07863031327724457,-0.010293284431099892,-1.013831377029419
657.109,0.07863031327724457,-0.010293284431099892,-1.013831377029419
657.41,0.07863031327724457,-0.010293284431099892,-1.013831377029419
657.74,0.07863031327724457,-0.010293284431099892,-1.013831377029419
658.016,-0.020451314747333527,0.0037086077500134706,-1.02690851688385
658.318,-0.033382121473550797,0.05227451026439667,-1.0362238883972168
658.626,-0.056022342294454575,0.028502969071269035,-1.0367776155471802
658.928,-0.056022342294454575,0.028502969071269035,-1.0367776155471802
659.229,-0.039990559220314026,-0.07895605266094208,-1.1070964336395264
659.531,-0.03287691995501518,-0.0700603500008583,-1.1390154361724854
659.833,-0.005083480849862099,-0.08497332781553268,-1.0868293046951294
660.135,0.017639679834246635,-0.07405497133731842,-1.0988539457321167
660.437,0.03389483690261841,-0.08333475887775421,-1.1099987030029297
660.779,-0.02194412611424923,-0.08192364871501923,-1.189863920211792
661.081,-0.02194412611424923,-0.08192364871501923,-1.189863920211792
661.382,-0.02194412611424923,-0.08192364871501923,-1.189863920211792
661.683,-0.02194412611424923,-0.08192364871501923,-1.189863920211792
661.984,-0.02194412611424923,-0.08192364871501923,-1.189863920211792
662.285,-0.02194412611424923,-0.08192364871501923,-1.189863920211792
662.586,-0.02194412611424923,-0.08192364871501923,-1.189863920211792
662.893,-0.02194412611424923,-0.08192364871501923,-1.189863920211792
663.195,-0.02194412611424923,-0.08192364871501923,-1.189863920211792
663.496,-0.01836610771715641,-0.020129622891545296,-0.9468300342559814
663.798,-0.055960945785045624,0.06183875724673271,-0.9904854893684387
664.1,-0.05857621133327484,0.014508386142551899,-1.0492844581604004
664.402,-0.05484341084957123,0.06535826623439789,-1.035710334777832
664.704,-0.059826288372278214,0.0034381644800305367,-1.042008399963379
665.03,-0.03560591861605644,-0.02375052496790886,-1.035294532775879
665.332,-0.03560591861605644,-0.02375052496790886,-1.035294532775879
665.633,-0.04013554006814957,-0.013728221878409386,-0.958563506603241
665.935,-0.04759988561272621,0.030270520597696304,-0.9943912625312805
666.237,-0.04759988561272621,0.030270520597696304,-0.9943912625312805
666.547,-0.04759988561272621,0.030270520597696304,-0.9943912625312805
666.857,-0.04759988561272621,0.030270520597696304,-0.9943912625312805
667.28,-0.04759988561272621,0.030270520597696304,-0.9943912625312805
667.581,-0.04759988561272621,0.030270520597696304,-0.9943912625312805
667.913,-0.013933716341853142,-0.045626696199178696,-1.025712013244629
668.188,-0.05543443560600281,-0.019642023369669914,-0.9768245220184326
668.49,-0.06157733500003815,0.023446928709745407,-1.0237228870391846
668.792,-0.07165985554456711,0.027645835652947426,-1.0313520431518555
669.094,-0.06272494792938232,-0.023477498441934586,-0.9928268194198608
669.402,-0.030531369149684906,-0.04927213862538338,-1.0213000774383545
669.703,-0.030531369149684906,-0.04927213862538338,-1.0213000774383545
670.004,-0.014551369473338127,-0.050245705991983414,-1.0292727947235107
670.306,-0.03157510608434677,-0.0582706481218338,-0.9969193935394287
670.608,-0.00869568157941103,-0.07375495135784149,-1.006088376045227
670.91,0.0034090913832187653,-0.06409458816051483,-1.0214381217956543
671.212,0.019638052210211754,-0.03284610062837601,-1.0212781429290771
671.519,0.019638052210211754,-0.03284610062837601,-1.0212781429290771
671.821,0.019638052210211754,-0.03284610062837601,-1.0212781429290771
672.122,0.019638052210211754,-0.03284610062837601,-1.0212781429290771
672.423,0.019638052210211754,-0.03284610062837601,-1.0212781429290771
672.724,0.019638052210211754,-0.03284610062837601,-1.0212781429290771
673.025,0.019638052210211754,-0.03284610062837601,-1.0212781429290771
673.326,-0.05636148527264595,-0.0048837484791874886,-1.057955026626587
673.634,-0.03217308968305588,0.07037782669067383,-1.0355503559112549
673.936,-0.03217308968305588,0.07037782669067383,-1.0355503559112549
674.237,0.002349128946661949,-0.05170609802007675,-0.9841369986534119
674.539,0.017191320657730103,-0.04600948840379715,-0.9955182075500488
674.841,-0.01206197403371334,-0.06446896493434906,-1.012194037437439
675.143,0.02182020992040634,-0.06229139864444733,-0.9767467975616455
675.47,0.009174913167953491,-0.04002455249428749,-1.0035009384155273
675.752,-0.00472859013825655,-0.07254987955093384,-1.0145010948181152
676.054,-0.00472859013825655,-0.07254987955093384,-1.0145010948181152
676.355,-0.00472859013825655,-0.07254987955093384,-1.0145010948181152
676.665,-0.00472859013825655,-0.07254987955093384,-1.0145010948181152
676.975,-0.00472859013825655,-0.07254987955093384,-1.0145010948181152
677.285,-0.00472859013825655,-0.07254987955093384,-1.0145010948181152
677.595,-0.00472859013825655,-0.07254987955093384,-1.0145010948181152
677.902,-0.00472859013825655,-0.07254987955093384,-1.0145010948181152
678.204,-0.00472859013825655,-0.07254987955093384,-1.0145010948181152
678.505,0.04389548301696777,0.013647963292896748,-1.102677822113037
678.807,0.0174223892390728,0.05289766937494278,-1.050498127937317
679.132,0.018777217715978622,0.05701414868235588,-1.02437424659729
679.408,0.02337929606437683,0.04518989101052284,-0.9945008754730225
679.71,0.01562589779496193,0.025865338742733,-0.9615548849105835
680.017,0.012774229981005192,-0.014611734077334404,-0.950806736946106
680.319,0.012774229981005192,-0.014611734077334404,-0.950806736946106
680.62,-0.021612564101815224,-0.02097483165562153,-1.0047039985656738
680.922,-0.021102678030729294,-0.036906201392412186,-1.0047794580459595
681.224,-0.04777108132839203,-0.07132653892040253,-0.9649351835250854
681.526,-0.04777108132839203,-0.07132653892040253,-0.9649351835250854
681.827,-0.04777108132839203,-0.07132653892040253,-0.9649351835250854
682.134,-0.04777108132839203,-0.07132653892040253,-0.9649351835250854
682.435,-0.04777108132839203,-0.07132653892040253,-0.9649351835250854
682.736,-0.04777108132839203,-0.07132653892040253,-0.9649351835250854
683.037,-0.04777108132839203,-0.07132653892040253,-0.9649351835250854
683.338,-0.04777108132839203,-0.07132653892040253,-0.9649351835250854
683.658,-0.037164896726608276,-0.0030342622194439173,-0.9838438034057617
683.933,0.02751230075955391,-0.07665792852640152,-0.9808433651924133
684.241,0.028373094275593758,0.012003426440060139,-1.0487964153289795
684.542,0.028373094275593758,0.012003426440060139,-1.0487964153289795
684.843,0.002970402128994465,-0.06243005394935608,-1.04658842086792
685.145,-0.012124021537601948,-0.05664413422346115,-1.0414819717407227
685.447,-0.031263984739780426,-0.04983854666352272,-1.053544282913208
685.749,-0.04468062147498131,-0.06420142203569412,-1.0718499422073364
686.051,-0.06854748725891113,-0.04568146914243698,-1.015714168548584
686.359,-0.06346434354782104,-0.02659609541296959,-1.0059694051742554
686.67,-0.06346434354782104,-0.02659609541296959,-1.0059694051742554
686.98,-0.06346434354782104,-0.02659609541296959,-1.0059694051742554
687.29,-0.06346434354782104,-0.02659609541296959,-1.0059694051742554
687.6,-0.06346434354782104,-0.02659609541296959,-1.0059694051742554
687.901,-0.06346434354782104,-0.02659609541296959,-1.0059694051742554
688.202,0.010901778936386108,-0.04781418666243553,-1.0214192867279053
688.51,0.04438892751932144,-0.026387177407741547,-1.0181937217712402
688.812,0.04438892751932144,-0.026387177407741547,-1.0181937217712402
689.137,0.038403935730457306,-0.009275862015783787,-1.0575860738754272
689.413,0.01246383972465992,-0.051545724272727966,-1.0488053560256958
689.714,-0.01270292978733778,-0.05482938885688782,-1.0545048713684082
690.016,-0.04372883588075638,-0.04114832356572151,-1.0797367095947266
690.318,-0.0531327985227108,-0.0401238314807415,-1.068416714668274
690.625,-0.0625697672367096,-0.0466819629073143,-1.048520803451538
690.927,-0.0625697672367096,-0.0466819629073143,-1.048520803451538
691.228,-0.007246607914566994,-0.0789053738117218,-1.037677526473999
691.53,-0.026081008836627007,-0.07289771735668182,-1.0389165878295898
691.832,-0.026081008836627007,-0.07289771735668182,-1.0389165878295898
692.133,-0.026081008836627007,-0.07289771735668182,-1.0389165878295898
692.434,-0.026081008836627007,-0.07289771735668182,-1.0389165878295898
692.741,-0.026081008836627007,-0.07289771735668182,-1.0389165878295898
693.043,-0.026081008836627007,-0.07289771735668182,-1.0389165878295898
693.344,-0.026081008836627007,-0.07289771735668182,-1.0389165878295898
693.663,-0.026081008836627007,-0.07289771735668182,-1.0389165878295898
693.938,-0.08547046035528183,0.015674356371164322,-1.084403395652771
694.24,-0.08787181228399277,0.005502987653017044,-1.0962204933166504
694.542,-0.08979316800832748,-0.034038763493299484,-1.1147146224975586
694.85,-0.10325737297534943,-0.02436099573969841,-1.0839595794677734
695.152,-0.10325737297534943,-0.02436099573969841,-1.0839595794677734
695.453,-0.015425119549036026,-0.04420940577983856,-1.0095033645629883
695.755,-0.004064126405864954,-0.023515481501817703,-0.9481925964355469
696.057,-0.00834114383906126,-0.022280368953943253,-0.9729636907577515
696.359,0.007537325844168663,-0.06338459253311157,-0.962489664554596
696.67,0.005093305837363005,-0.08041444420814514,-0.9909271001815796
697.093,0.005093305837363005,-0.08041444420814514,-0.9909271001815796
697.404,0.005093305837363005,-0.08041444420814514,-0.9909271001815796
697.705,0.005093305837363005,-0.08041444420814514,-0.9909271001815796
698.035,0.005093305837363005,-0.08041444420814514,-0.9909271001815796
698.31,0.013090643100440502,-0.04735644534230232,-0.9818358421325684
698.612,0.014382747933268547,-0.04496001452207565,-0.9998694658279419
698.914,0.018137672916054726,-0.04077867418527603,-0.9980462789535522
699.222,0.02964932844042778,-0.039018161594867706,-0.9726331233978271
699.524,0.02964932844042778,-0.039018161594867706,-0.9726331233978271
699.825,0.031091634184122086,-0.018126841634511948,-1.014589548110962
700.127,0.016698205843567848,-0.018839895725250244,-0.9834277033805847
700.429,0.01468191109597683,-0.008353750221431255,-1.0050523281097412
700.731,0.024919304996728897,-0.01049070805311203,-1.0550222396850586
701.066,0.012732062488794327,-0.07826374471187592,-1.0031092166900635
701.349,-0.042673930525779724,-0.0707835704088211,-1.038560390472412
701.65,-0.042673930525779724,-0.0707835704088211,-1.038560390472412
701.951,-0.042673930525779724,-0.0707835704088211,-1.038560390472412
702.252,-0.042673930525779724,-0.0707835704088211,-1.038560390472412
702.553,-0.042673930525779724,-0.0707835704088211,-1.038560390472412
702.854,-0.042673930525779724,-0.0707835704088211,-1.038560390472412
703.155,-0.042673930525779724,-0.0707835704088211,-1.038560390472412
703.462,-0.042673930525779724,-0.0707835704088211,-1.038560390472412
703.764,-0.042673930525779724,-0.0707835704088211,-1.038560390472412
704.065,0.04561919346451759,-0.04255574941635132,-1.060380220413208
704.367,0.051153115928173065,-0.017891554161906242,-1.038289189338684
704.669,0.04988277703523636,-0.0025101383216679096,-1.0369675159454346
704.971,0.07017675042152405,-0.015066757798194885,-1.0472071170806885
705.273,0.05294905602931976,-0.0075063020922243595,-1.0598243474960327
705.6,0.015826910734176636,0.003209889866411686,-1.0550057888031006
705.902,0.015826910734176636,0.003209889866411686,-1.0550057888031006
706.203,0.037915587425231934,0.030747056007385254,-1.0047780275344849
706.505,0.029248548671603203,0.015488848090171814,-1.0520604848861694
706.816,0.04383034631609917,-0.021777763962745667,-1.079249382019043
707.126,0.04383034631609917,-0.021777763962745667,-1.079249382019043
707.436,0.04383034631609917,-0.021777763962745667,-1.079249382019043
707.859,0.04383034631609917,-0.021777763962745667,-1.079249382019043
708.18,0.04383034631609917,-0.021777763962745667,-1.079249382019043
708.456,0.038796767592430115,0.023423438891768456,-1.0971475839614868
708.758,0.02521512843668461,0.012103305198252201,-1.0957140922546387
709.06,0.016997165977954865,-0.00674091000109911,-1.0691113471984863
709.362,-0.024183839559555054,-0.07429781556129456,-1.0653533935546875
709.663,-0.012228992767632008,-0.08043638616800308,-1.0534404516220093
709.971,-0.055402062833309174,-0.051904790103435516,-1.0428266525268555
710.272,-0.055402062833309174,-0.051904790103435516,-1.0428266525268555
710.573,-0.07047684490680695,0.010747378692030907,-1.064349889755249
710.875,-0.05727545544505119,0.02071238122880459,-1.0146125555038452
711.177,-0.0524776466190815,0.012942236848175526,-1.0478906631469727
711.487,0.015823138877749443,-0.014936682768166065,-1.1028029918670654
711.763,0.04117602854967117,-0.02492687851190567,-1.0232889652252197
712.071,0.04117602854967117,-0.02492687851190567,-1.0232889652252197
712.373,0.04117602854967117,-0.02492687851190567,-1.0232889652252197
712.674,0.04117602854967117,-0.02492687851190567,-1.0232889652252197
712.975,0.04117602854967117,-0.02492687851190567,-1.0232889652252197
713.276,0.04117602854967117,-0.02492687851190567,-1.0232889652252197
713.577,0.04117602854967117,-0.02492687851190567,-1.0232889652252197
713.878,0.04117602854967117,-0.02492687851190567,-1.0232889652252197
714.185,-0.026684235781431198,0.03787887096405029,-1.0197196006774902
714.486,-0.026684235781431198,0.03787887096405029,-1.0197196006774902
714.787,0.0021438724361360073,-0.005015199538320303,-1.0177282094955444
715.089,0.032716646790504456,-0.02012326382100582,-1.0340416431427002
715.391,0.03500533103942871,-0.04955754801630974,-1.0143071413040161
715.693,0.0048199612647295,-0.04474162682890892,-1.0178333520889282
716.015,-0.05633765459060669,-0.07223469018936157,-0.9906668663024902
716.297,0.013184599578380585,-0.023475147783756256,-1.0592960119247437
716.599,0.013184599578380585,-0.023475147783756256,-1.0592960119247437
716.909,0.00880503375083208,0.020103614777326584,-0.9913508892059326
717.219,0.00880503375083208,0.020103614777326584,-0.9913508892059326
717.529,0.00880503375083208,0.020103614777326584,-0.9913508892059326
717.839,0.00880503375083208,0.020103614777326584,-0.9913508892059326
718.14,0.00880503375083208,0.020103614777326584,-0.9913508892059326
718.447,0.02392229065299034,-0.004847717937082052,-1.0006582736968994
718.748,0.02392229065299034,-0.004847717937082052,-1.0006582736968994
719.049,0.019522644579410553,-0.042714882642030716,-0.9973123669624329
719.375,0.02499055117368698,-0.04820369929075241,-0.9808902740478516
719.651,-0.04531420022249222,-0.0720120295882225,-1.0468603372573853
719.953,-0.03733387216925621,-0.06555484980344772,-0.9805502891540527
720.255,-0.03822038695216179,-0.07038438320159912,-0.9863842725753784
720.563,-0.04672659561038017,-0.057373832911252975,-0.9911234974861145
720.865,-0.04672659561038017,-0.057373832911252975,-0.9911234974861145
721.166,-0.07832887768745422,-0.05561789870262146,-1.013417363166809
721.468,-0.05715819448232651,-0.07015319168567657,-1.0199298858642578
721.77,-0.048330098390579224,-0.024142108857631683,-0.9608715772628784
722.072,-0.046802274882793427,0.01808622106909752,-1.0527560710906982
722.374,0.025000713765621185,0.019938984885811806,-0.9855280518531799
722.682,0.025000713765621185,0.019938984885811806,-0.9855280518531799
722.984,0.025000713765621185,0.019938984885811806,-0.9855280518531799
723.285,0.025000713765621185,0.019938984885811806,-0.9855280518531799
723.586,0.025000713765621185,0.019938984885811806,-0.9855280518531799
723.887,0.025000713765621185,0.019938984885811806,-0.9855280518531799
724.188,0.025000713765621185,0.019938984885811806,-0.9855280518531799
724.489,0.054093193262815475,-0.027467183768749237,-0.9725639224052429
724.797,0.037668973207473755,-0.13309597969055176,-0.9500368237495422
725.099,0.037668973207473755,-0.13309597969055176,-0.9500368237495422
725.4,0.005868297070264816,0.00986531563103199,-0.9939568638801575
725.702,-0.026571979746222496,0.028690434992313385,-1.0069103240966797
726.004,0.02380899339914322,0.041354063898324966,-1.022369623184204
726.306,0.02380899339914322,0.041354063898324966,-1.022369623184204
726.607,-0.024839896708726883,0.05226189270615578,-0.9818127155303955
727.056,-0.010735389776527882,0.04121258854866028,-1.037611722946167
727.366,-0.010735389776527882,0.04121258854866028,-1.037611722946167
727.676,-0.010735389776527882,0.04121258854866028,-1.037611722946167
727.977,-0.010735389776527882,0.04121258854866028,-1.037611722946167
728.278,-0.08033539354801178,-0.019900934770703316,-1.0420489311218262
728.58,-0.08264832943677902,-0.031231416389346123,-1.0240366458892822
728.882,-0.08264832943677902,-0.031231416389346123,-1.0240366458892822
729.189,-0.04363460838794708,0.0159746240824461,-1.008762001991272
729.49,-0.04363460838794708,0.0159746240824461,-1.008762001991272
729.791,0.0007069921121001244,0.043868426233530045,-0.9841675162315369
730.108,-0.0042040590196847916,0.03213755786418915,-1.020475149154663
730.384,0.05962228775024414,0.009266075678169727,-1.0228830575942993
730.685,0.047042183578014374,-0.009723197668790817,-0.9926981329917908
730.987,0.041789695620536804,-0.07046504318714142,-0.9233372211456299
731.295,0.08521895110607147,-0.0655149519443512,-0.9833133220672607
731.597,0.08521895110607147,-0.0655149519443512,-0.9833133220672607
731.898,-0.027789253741502762,-0.0049480171874165535,-1.0210787057876587
732.2,-0.000363069586455822,-0.0727120041847229,-1.0634921789169312
732.502,0.02002561464905739,-0.047791678458452225,-0.9848690032958984
732.804,0.02002561464905739,-0.047791678458452225,-0.9848690032958984
733.105,0.02002561464905739,-0.047791678458452225,-0.9848690032958984
733.412,0.02002561464905739,-0.047791678458452225,-0.9848690032958984
733.714,0.02002561464905739,-0.047791678458452225,-0.9848690032958984
734.015,0.02002561464905739,-0.047791678458452225,-0.9848690032958984
734.316,0.02002561464905739,-0.047791678458452225,-0.9848690032958984
734.635,0.02002561464905739,-0.047791678458452225,-0.9848690032958984
734.911,-0.010623294860124588,-0.19399380683898926,-1.036030888557434
735.213,0.05458700284361839,-0.05920567363500595,-0.9894782304763794
735.521,0.02198914811015129,-0.0089075593277812,-1.0340666770935059
735.823,0.02198914811015129,-0.0089075593277812,-1.0340666770935059
736.124,-0.032122187316417694,-0.05620080977678299,-1.0456663370132446
736.426,0.010532720014452934,-0.062456417828798294,-0.9934508800506592
736.728,-0.014783825725317001,-0.0602998286485672,-1.0284602642059326
737.039,0.01596996560692787,-0.07097195833921432,-1.0556557178497314
737.349,0.01596996560692787,-0.07097195833921432,-1.0556557178497314
737.772,0.01596996560692787,-0.07097195833921432,-1.0556557178497314
738.074,0.01596996560692787,-0.07097195833921432,-1.0556557178497314
738.375,-0.04510308429598808,0.04062070697546005,-1.072279930114746
738.677,-0.05972074717283249,-0.003620736300945282,-1.0474967956542969
738.989,-0.04110508784651756,-0.0607704296708107,-1.090759515762329
739.265,-0.03376691788434982,-0.04773607850074768,-1.0898672342300415
739.567,-0.0374806672334671,-0.07925856858491898,-1.0784876346588135
739.875,-0.06109440699219704,-0.048989687114953995,-1.0377126932144165
740.177,-0.06109440699219704,-0.048989687114953995,-1.0377126932144165
740.478,-0.058537546545267105,0.03420894593000412,-1.1078377962112427
740.78,-0.036127034574747086,0.012795954011380672,-1.0587921142578125
741.082,-0.051523201167583466,-0.014290472492575645,-1.0969362258911133
741.384,-0.05139327794313431,-0.07896912842988968,-1.0448524951934814
741.686,-0.0240786112844944,-0.09998295456171036,-1.0342200994491577
742.028,0.00796017050743103,-0.07959616929292679,-1.0145816802978516
742.33,0.00796017050743103,-0.07959616929292679,-1.0145816802978516
742.631,0.03085334599018097,-0.03248432278633118,-1.0066224336624146
742.933,0.03085334599018097,-0.03248432278633118,-1.0066224336624146
743.234,0.03085334599018097,-0.03248432278633118,-1.0066224336624146
743.535,0.03085334599018097,-0.03248432278633118,-1.0066224336624146
743.836,0.03085334599018097,-0.03248432278633118,-1.0066224336624146
744.143,0.03085334599018097,-0.03248432278633118,-1.0066224336624146
744.445,0.03085334599018097,-0.03248432278633118,-1.0066224336624146
744.746,0.03085334599018097,-0.03248432278633118,-1.0066224336624146
745.047,-0.07204258441925049,-0.07808814197778702,-1.081343412399292
745.349,-0.06653647124767303,-0.07202999293804169,-1.0909487009048462
745.651,-0.06725681573152542,-0.06649447232484818,-1.044061303138733
745.953,-0.05705951899290085,-0.07644479721784592,-1.0607540607452393
746.278,-0.06156008690595627,-0.09194377064704895,-1.0490481853485107
746.58,-0.06156008690595627,-0.09194377064704895,-1.0490481853485107
746.881,-0.0643521323800087,-0.02166704460978508,-1.059173822402954
747.192,-0.04302911087870598,-0.04070937633514404,-1.0376007556915283
747.502,-0.04302911087870598,-0.04070937633514404,-1.0376007556915283
747.812,-0.04302911087870598,-0.04070937633514404,-1.0376007556915283
748.122,-0.04302911087870598,-0.04070937633514404,-1.0376007556915283
748.429,-0.04302911087870598,-0.04070937633514404,-1.0376007556915283
748.731,-0.04302911087870598,-0.04070937633514404,-1.0376007556915283
749.032,0.0016864425269886851,0.019130699336528778,-0.9721580743789673
749.334,0.008775190450251102,0.03492181748151779,-0.9455971717834473
749.636,0.008743273094296455,0.04089999943971634,-0.9572815895080566
749.938,0.00024528801441192627,0.018990881741046906,-0.9769020080566406
750.24,0.03871917724609375,0.020999858155846596,-1.019330620765686
750.561,0.04184141010046005,0.02285504713654518,-1.0640947818756104
750.863,0.04184141010046005,0.02285504713654518,-1.0640947818756104
751.164,0.06387905776500702,-0.012327265925705433,-1.0587058067321777
751.466,0.05985847860574722,-0.029045937582850456,-0.9867070913314819
751.768,0.02072123996913433,-0.12537312507629395,-0.95561683177948
752.07,-0.05391889810562134,-0.14576365053653717,-0.9791480302810669
752.372,0.023336445912718773,-0.006785403937101364,-1.0500046014785767
752.681,0.039780281484127045,-0.03467912599444389,-1.0025737285614014
752.982,0.039780281484127045,-0.03467912599444389,-1.0025737285614014
753.283,0.039780281484127045,-0.03467912599444389,-1.0025737285614014
753.584,0.039780281484127045,-0.03467912599444389,-1.0025737285614014
753.885,0.039780281484127045,-0.03467912599444389,-1.0025737285614014
754.186,0.039780281484127045,-0.03467912599444389,-1.0025737285614014
754.487,0.039780281484127045,-0.03467912599444389,-1.0025737285614014
754.794,0.039780281484127045,-0.03467912599444389,-1.0025737285614014
755.096,-0.07466048002243042,0.0015476623084396124,-1.0373311042785645
755.398,-0.08503475785255432,0.02230040542781353,-1.0421652793884277
755.7,-0.044321611523628235,-0.032960809767246246,-1.0388412475585938
756.002,-0.007271547801792622,-0.06510305404663086,-1.0554747581481934
756.304,-0.021776385605335236,-0.05518428236246109,-1.0346784591674805
756.606,-0.024382399395108223,-0.05311299115419388,-1.0415284633636475
756.914,-0.004313676618039608,-0.0516139380633831,-1.0415546894073486
757.225,-0.004313676618039608,-0.0516139380633831,-1.0415546894073486
757.535,-0.004313676618039608,-0.0516139380633831,-1.0415546894073486
757.845,-0.004313676618039608,-0.0516139380633831,-1.0415546894073486
758.155,-0.004313676618039608,-0.0516139380633831,-1.0415546894073486
758.456,-0.004313676618039608,-0.0516139380633831,-1.0415546894073486
758.757,0.031856469810009,-0.04494299739599228,-0.9839479923248291
759.066,0.04404495656490326,-0.02992447465658188,-1.0266821384429932
759.367,0.04404495656490326,-0.02992447465658188,-1.0266821384429932
759.668,0.02831299975514412,-0.048727042973041534,-1.0220370292663574
759.97,0.03304743021726608,-0.016766926273703575,-1.045433521270752
760.272,0.05344017967581749,0.0020557218231260777,-1.054720401763916
760.588,0.023364517837762833,0.03689942881464958,-1.0541009902954102
760.863,-0.04242877662181854,0.018887994810938835,-1.0740270614624023
761.172,-0.05985993891954422,0.01703890971839428,-1.0618579387664795
761.473,-0.05985993891954422,0.01703890971839428,-1.0618579387664795
761.774,-0.05596879869699478,-0.060984306037425995,-1.0676794052124023
762.075,-0.03462326526641846,-0.07089938968420029,-1.0668116807937622
762.377,-0.02130623161792755,-0.07239565998315811,-1.0993038415908813
762.679,-0.020471874624490738,-0.05791176110506058,-1.0208172798156738
762.981,0.029713666066527367,-0.0264618881046772,-1.030207872390747
763.289,-0.0006538834422826767,-0.007521813735365868,-1.0209378004074097
763.59,-0.0006538834422826767,-0.007521813735365868,-1.0209378004074097
763.891,-0.0006538834422826767,-0.007521813735365868,-1.0209378004074097
764.192,-0.0006538834422826767,-0.007521813735365868,-1.0209378004074097
764.493,-0.0006538834422826767,-0.007521813735365868,-1.0209378004074097
764.794,-0.0006538834422826767,-0.007521813735365868,-1.0209378004074097
765.095,-0.0006538834422826767,-0.007521813735365868,-1.0209378004074097
765.402,0.04235875979065895,-0.0035849418491125107,-1.0863280296325684
765.703,0.04235875979065895,-0.0035849418491125107,-1.0863280296325684
766.004,0.034312762320041656,-0.030015166848897934,-1.0459349155426025
766.306,0.0520947203040123,0.007269886787980795,-1.011756420135498
766.608,0.04342636466026306,0.008339590393006802,-1.0376436710357666
766.909,0.027646034955978394,0.012623109854757786,-1.047943115234375
767.211,0.014940318651497364,0.02197139337658882,-1.0236505270004272
767.635,0.03677181899547577,0.03638601303100586,-1.029109001159668
767.946,0.03677181899547577,0.03638601303100586,-1.029109001159668
768.256,0.03677181899547577,0.03638601303100586,-1.029109001159668
768.557,0.03677181899547577,0.03638601303100586,-1.029109001159668
768.858,0.03677181899547577,0.03638601303100586,-1.029109001159668
769.159,0.05865734815597534,0.000693188514560461,-1.1271576881408691
769.461,0.056967031210660934,0.0323389433324337,-1.345392107963562
769.769,0.056967031210660934,0.0323389433324337,-1.345392107963562
770.07,0.056967031210660934,0.0323389433324337,-1.345392107963562
770.371,0.056967031210660934,0.0323389433324337,-1.345392107963562
770.672,0.056967031210660934,0.0323389433324337,-1.345392107963562
770.973,0.056967031210660934,0.0323389433324337,-1.345392107963562
771.274,0.056967031210660934,0.0323389433324337,-1.345392107963562
771.575,0.056967031210660934,0.0323389433324337,-1.345392107963562
771.882,0.056967031210660934,0.0323389433324337,-1.345392107963562
772.184,0.056967031210660934,0.0323389433324337,-1.345392107963562
772.485,0.056967031210660934,0.0323389433324337,-1.345392107963562
772.786,0.056967031210660934,0.0323389433324337,-1.345392107963562
773.087,0.056967031210660934,0.0323389433324337,-1.345392107963562
773.388,0.056967031210660934,0.0323389433324337,-1.345392107963562
773.689,0.056967031210660934,0.0323389433324337,-1.345392107963562
773.996,0.056967031210660934,0.0323389433324337,-1.345392107963562
774.298,0.056967031210660934,0.0323389433324337,-1.345392107963562
774.599,0.056967031210660934,0.0323389433324337,-1.345392107963562
774.9,0.056967031210660934,0.0323389433324337,-1.345392107963562
775.201,0.056967031210660934,0.0323389433324337,-1.345392107963562
775.502,0.056967031210660934,0.0323389433324337,-1.345392107963562
775.803,0.056967031210660934,0.0323389433324337,-1.345392107963562
776.11,0.056967031210660934,0.0323389433324337,-1.345392107963562
776.412,0.056967031210660934,0.0323389433324337,-1.345392107963562
776.713,0.7730172872543335,0.6284643411636353,0.035942766815423965
777.015,0.7730172872543335,0.6284643411636353,0.035942766815423965
777.316,0.7012847065925598,0.6003079414367676,0.035965606570243835
777.627,0.7012847065925598,0.6003079414367676,0.035965606570243835
777.937,0.7012847065925598,0.6003079414367676,0.035965606570243835
778.36,0.7012847065925598,0.6003079414367676,0.035965606570243835
778.661,0.7012847065925598,0.6003079414367676,0.035965606570243835
778.962,0.7012847065925598,0.6003079414367676,0.035965606570243835
779.263,0.7012847065925598,0.6003079414367676,0.035965606570243835
779.564,0.7012847065925598,0.6003079414367676,0.035965606570243835
779.865,0.7012847065925598,0.6003079414367676,0.035965606570243835
780.166,0.7012847065925598,0.6003079414367676,0.035965606570243835
780.473,0.7012847065925598,0.6003079414367676,0.035965606570243835
780.775,0.7012847065925598,0.6003079414367676,0.035965606570243835
781.076,0.7012847065925598,0.6003079414367676,0.035965606570243835
781.377,0.7012847065925598,0.6003079414367676,0.035965606570243835
781.678,0.7012847065925598,0.6003079414367676,0.035965606570243835
781.979,0.7012847065925598,0.6003079414367676,0.035965606570243835
782.28,0.7012847065925598,0.6003079414367676,0.035965606570243835
782.587,0.7012847065925598,0.6003079414367676,0.035965606570243835
782.889,0.7012847065925598,0.6003079414367676,0.035965606570243835
783.19,0.7012847065925598,0.6003079414367676,0.035965606570243835
783.491,0.7012847065925598,0.6003079414367676,0.035965606570243835
783.792,0.7012847065925598,0.6003079414367676,0.035965606570243835
784.093,0.7012847065925598,0.6003079414367676,0.035965606570243835
784.394,0.7012847065925598,0.6003079414367676,0.035965606570243835
784.7,0.7012847065925598,0.6003079414367676,0.035965606570243835
785.002,0.7012847065925598,0.6003079414367676,0.035965606570243835
785.303,0.7012847065925598,0.6003079414367676,0.035965606570243835
785.604,0.7012847065925598,0.6003079414367676,0.035965606570243835
785.905,0.7012847065925598,0.6003079414367676,0.035965606570243835
786.206,0.7012847065925598,0.6003079414367676,0.035965606570243835
786.507,0.7012847065925598,0.6003079414367676,0.035965606570243835
786.814,0.7012847065925598,0.6003079414367676,0.035965606570243835
787.115,0.7012847065925598,0.6003079414367676,0.035965606570243835
787.416,0.7012847065925598,0.6003079414367676,0.035965606570243835
787.726,0.7012847065925598,0.6003079414367676,0.035965606570243835
788.036,0.7012847065925598,0.6003079414367676,0.035965606570243835
788.346,0.7012847065925598,0.6003079414367676,0.035965606570243835
788.656,0.7012847065925598,0.6003079414367676,0.035965606570243835
788.963,0.7012847065925598,0.6003079414367676,0.035965606570243835
789.265,0.7012847065925598,0.6003079414367676,0.035965606570243835
789.566,0.7012847065925598,0.6003079414367676,0.035965606570243835
789.867,0.7012847065925598,0.6003079414367676,0.035965606570243835
790.168,0.7012847065925598,0.6003079414367676,0.035965606570243835
790.469,0.7012847065925598,0.6003079414367676,0.035965606570243835
790.77,0.7012847065925598,0.6003079414367676,0.035965606570243835
791.077,0.7012847065925598,0.6003079414367676,0.035965606570243835
791.379,0.7012847065925598,0.6003079414367676,0.035965606570243835
791.68,0.7012847065925598,0.6003079414367676,0.035965606570243835
791.981,0.7012847065925598,0.6003079414367676,0.035965606570243835
792.282,0.7012847065925598,0.6003079414367676,0.035965606570243835
792.583,0.7012847065925598,0.6003079414367676,0.035965606570243835
792.884,0.7012847065925598,0.6003079414367676,0.035965606570243835
793.191,0.7012847065925598,0.6003079414367676,0.035965606570243835
793.493,0.7012847065925598,0.6003079414367676,0.035965606570243835
793.794,0.7012847065925598,0.6003079414367676,0.035965606570243835
794.095,0.7012847065925598,0.6003079414367676,0.035965606570243835
794.396,0.7012847065925598,0.6003079414367676,0.035965606570243835
794.697,0.7012847065925598,0.6003079414367676,0.035965606570243835
794.998,0.7012847065925598,0.6003079414367676,0.035965606570243835
795.305,0.7012847065925598,0.6003079414367676,0.035965606570243835
795.607,0.7012847065925598,0.6003079414367676,0.035965606570243835
795.908,0.7012847065925598,0.6003079414367676,0.035965606570243835
796.209,0.7012847065925598,0.6003079414367676,0.035965606570243835
796.51,0.7012847065925598,0.6003079414367676,0.035965606570243835
796.811,0.7012847065925598,0.6003079414367676,0.035965606570243835
797.112,0.7012847065925598,0.6003079414367676,0.035965606570243835
797.418,0.7012847065925598,0.6003079414367676,0.035965606570243835
797.729,0.7012847065925598,0.6003079414367676,0.035965606570243835
798.039,0.7012847065925598,0.6003079414367676,0.035965606570243835
798.349,0.7012847065925598,0.6003079414367676,0.035965606570243835
798.659,0.7012847065925598,0.6003079414367676,0.035965606570243835
798.96,0.7012847065925598,0.6003079414367676,0.035965606570243835
799.261,0.7012847065925598,0.6003079414367676,0.035965606570243835
799.568,0.7012847065925598,0.6003079414367676,0.035965606570243835
799.869,0.7012847065925598,0.6003079414367676,0.035965606570243835
800.17,0.7012847065925598,0.6003079414367676,0.035965606570243835
800.471,0.7012847065925598,0.6003079414367676,0.035965606570243835
