relseconds,w,x,y,z
24.479,-0.9909064769744873,-0.038628775626420975,0.008613977581262589,-0.12859998643398285
24.755,-0.9908022284507751,-0.03926066681742668,0.008632641285657883,-0.12920942902565002
25.063,-0.9907769560813904,-0.039445661008358,0.006871799007058144,-0.12945225834846497
25.365,-0.9907769560813904,-0.039445661008358,0.006871799007058144,-0.12945225834846497
25.666,-0.9905866980552673,-0.03960641473531723,0.007227684371173382,-0.1308325082063675
25.968,-0.9905866980552673,-0.03960641473531723,0.007227684371173382,-0.1308325082063675
26.269,-0.9905866980552673,-0.03960641473531723,0.007227684371173382,-0.1308325082063675
26.57,-0.9905866980552673,-0.03960641473531723,0.007227684371173382,-0.1308325082063675
26.871,-0.9905866980552673,-0.03960641473531723,0.007227684371173382,-0.1308325082063675
27.178,-0.9905866980552673,-0.03960641473531723,0.007227684371173382,-0.1308325082063675
27.48,-0.9905866980552673,-0.03960641473531723,0.007227684371173382,-0.1308325082063675
27.781,-0.9905866980552673,-0.03960641473531723,0.007227684371173382,-0.1308325082063675
28.082,-0.9901788830757141,-0.03930263593792915,0.007555698975920677,-0.13395525515079498
28.384,-0.990155816078186,-0.03911656141281128,0.007034983020275831,-0.1342082917690277
28.695,-0.9900579452514648,-0.039037227630615234,0.0077080694027245045,-0.13491478562355042
29.005,-0.9900579452514648,-0.039037227630615234,0.0077080694027245045,-0.13491478562355042
29.428,-0.9900579452514648,-0.039037227630615234,0.0077080694027245045,-0.13491478562355042
29.73,-0.9900579452514648,-0.039037227630615234,0.0077080694027245045,-0.13491478562355042
30.031,-0.9898205995559692,-0.038746532052755356,0.008732120506465435,-0.13666613399982452
30.333,-0.989820659160614,-0.03944806009531021,0.005621757823973894,-0.13662834465503693
30.661,-0.9897070527076721,-0.03889079391956329,0.009299048222601414,-0.13740825653076172
30.962,-0.9897070527076721,-0.03889079391956329,0.009299048222601414,-0.13740825653076172
31.263,-0.9897070527076721,-0.03889079391956329,0.009299048222601414,-0.13740825653076172
31.57,-0.9897070527076721,-0.03889079391956329,0.009299048222601414,-0.13740825653076172
31.872,-0.9897070527076721,-0.03889079391956329,0.009299048222601414,-0.13740825653076172
32.173,-0.9897070527076721,-0.03889079391956329,0.009299048222601414,-0.13740825653076172
32.474,-0.9897070527076721,-0.03889079391956329,0.009299048222601414,-0.13740825653076172
32.775,-0.9897070527076721,-0.03889079391956329,0.009299048222601414,-0.13740825653076172
33.076,-0.9892382025718689,-0.03887226805090904,0.008849451318383217,-0.14077796041965485
33.378,-0.9891632199287415,-0.039235737174749374,0.005686608143150806,-0.14136597514152527
33.685,-0.9890947341918945,-0.03910457715392113,0.008368746377527714,-0.14174772799015045
33.987,-0.9890947341918945,-0.03910457715392113,0.008368746377527714,-0.14174772799015045
34.288,-0.9890294671058655,-0.03834397718310356,0.008044669404625893,-0.14242789149284363
34.59,-0.9889420866966248,-0.03971349820494652,0.006228249985724688,-0.1427500993013382
34.913,-0.9888769388198853,-0.03958721086382866,0.008089648559689522,-0.1431427001953125
35.187,-0.9888284206390381,-0.03880421444773674,0.007926380261778831,-0.14370030164718628
35.489,-0.9887527227401733,-0.04026906192302704,0.006683566141873598,-0.14388108253479004
35.797,-0.9887343049049377,-0.039104536175727844,0.007770217955112457,-0.1442738026380539
36.099,-0.9887343049049377,-0.039104536175727844,0.007770217955112457,-0.1442738026380539
36.4,-0.9887343049049377,-0.039104536175727844,0.007770217955112457,-0.1442738026380539
36.701,-0.9887343049049377,-0.039104536175727844,0.007770217955112457,-0.1442738026380539
37.002,-0.9887343049049377,-0.039104536175727844,0.007770217955112457,-0.1442738026380539
37.303,-0.9887343049049377,-0.039104536175727844,0.007770217955112457,-0.1442738026380539
37.604,-0.9887343049049377,-0.039104536175727844,0.007770217955112457,-0.1442738026380539
37.911,-0.9887343049049377,-0.039104536175727844,0.007770217955112457,-0.1442738026380539
38.213,-0.9887343049049377,-0.039104536175727844,0.007770217955112457,-0.1442738026380539
38.514,-0.9883142709732056,-0.03967757523059845,0.006453830748796463,-0.1470339596271515
38.825,-0.9882028698921204,-0.03977206349372864,0.007530405651777983,-0.14770445227622986
39.135,-0.9882028698921204,-0.03977206349372864,0.007530405651777983,-0.14770445227622986
39.445,-0.9882028698921204,-0.03977206349372864,0.007530405651777983,-0.14770445227622986
39.755,-0.9882028698921204,-0.03977206349372864,0.007530405651777983,-0.14770445227622986
40.063,-0.9882028698921204,-0.03977206349372864,0.007530405651777983,-0.14770445227622986
40.364,-0.9882028698921204,-0.03977206349372864,0.007530405651777983,-0.14770445227622986
40.665,-0.9878489375114441,-0.03982366621494293,0.006457505282014608,-0.15008942782878876
40.967,-0.9878059029579163,-0.03890805318951607,0.006293553858995438,-0.15061897039413452
41.269,-0.9878059029579163,-0.03890805318951607,0.006293553858995438,-0.15061897039413452
41.57,-0.9878059029579163,-0.03890805318951607,0.006293553858995438,-0.15061897039413452
41.871,-0.9878059029579163,-0.03890805318951607,0.006293553858995438,-0.15061897039413452
42.178,-0.9878059029579163,-0.03890805318951607,0.006293553858995438,-0.15061897039413452
42.48,-0.9878059029579163,-0.03890805318951607,0.006293553858995438,-0.15061897039413452
42.781,-0.9878059029579163,-0.03890805318951607,0.006293553858995438,-0.15061897039413452
43.082,-0.9878059029579163,-0.03890805318951607,0.006293553858995438,-0.15061897039413452
43.415,-0.9872392416000366,-0.03935907781124115,0.005937298759818077,-0.15418896079063416
43.691,-0.9871476292610168,-0.03905970975756645,0.006760874297469854,-0.15481676161289215
43.993,-0.987136721611023,-0.038298752158880234,0.006212044972926378,-0.15509916841983795
44.301,-0.9870463013648987,-0.03967199847102165,0.0072342283092439175,-0.15528497099876404
44.603,-0.9870463013648987,-0.03967199847102165,0.0072342283092439175,-0.15528497099876404
44.904,-0.9869509339332581,-0.03891511261463165,0.00720610748976469,-0.15608181059360504
45.206,-0.9868369698524475,-0.03975341096520424,0.006589942611753941,-0.15661734342575073
45.508,-0.9867768287658691,-0.03946822136640549,0.0072499606758356094,-0.15703865885734558
45.81,-0.9867182970046997,-0.03931665048003197,0.006216945592314005,-0.15748834609985352
46.112,-0.9867150783538818,-0.0386292040348053,0.00717068649828434,-0.15763789415359497
46.42,-0.9867150783538818,-0.0386292040348053,0.00717068649828434,-0.15763789415359497
46.721,-0.9867150783538818,-0.0386292040348053,0.00717068649828434,-0.15763789415359497
47.022,-0.9867150783538818,-0.0386292040348053,0.00717068649828434,-0.15763789415359497
47.323,-0.9867150783538818,-0.0386292040348053,0.00717068649828434,-0.15763789415359497
47.624,-0.9867150783538818,-0.0386292040348053,0.00717068649828434,-0.15763789415359497
47.925,-0.9867150783538818,-0.0386292040348053,0.00717068649828434,-0.15763789415359497
48.226,-0.9861459732055664,-0.03945199027657509,0.006966151297092438,-0.16096943616867065
48.534,-0.9860904216766357,-0.039981599897146225,0.005808871239423752,-0.16122466325759888
48.844,-0.9860904216766357,-0.039981599897146225,0.005808871239423752,-0.16122466325759888
49.154,-0.9860904216766357,-0.039981599897146225,0.005808871239423752,-0.16122466325759888
49.464,-0.9860904216766357,-0.039981599897146225,0.005808871239423752,-0.16122466325759888
49.774,-0.9860904216766357,-0.039981599897146225,0.005808871239423752,-0.16122466325759888
50.075,-0.9860904216766357,-0.039981599897146225,0.005808871239423752,-0.16122466325759888
50.376,-0.9860904216766357,-0.039981599897146225,0.005808871239423752,-0.16122466325759888
50.706,-0.9858283996582031,-0.03908759728074074,0.007199349347501993,-0.16298049688339233
51.008,-0.9858283996582031,-0.03908759728074074,0.007199349347501993,-0.16298049688339233
51.309,-0.9858283996582031,-0.03908759728074074,0.007199349347501993,-0.16298049688339233
51.61,-0.9858283996582031,-0.03908759728074074,0.007199349347501993,-0.16298049688339233
51.911,-0.9858283996582031,-0.03908759728074074,0.007199349347501993,-0.16298049688339233
52.212,-0.9858283996582031,-0.03908759728074074,0.007199349347501993,-0.16298049688339233
52.513,-0.9858283996582031,-0.03908759728074074,0.007199349347501993,-0.16298049688339233
52.82,-0.9858283996582031,-0.03908759728074074,0.007199349347501993,-0.16298049688339233
53.122,-0.9858283996582031,-0.03908759728074074,0.007199349347501993,-0.16298049688339233
53.423,-0.9851444363594055,-0.03978895768523216,0.0053936573676764965,-0.16696760058403015
53.725,-0.9850742220878601,-0.03912248834967613,0.006980069912970066,-0.1674797534942627
54.027,-0.9849754571914673,-0.040089644491672516,0.005166713614016771,-0.16789719462394714
54.329,-0.9849365949630737,-0.03902643173933029,0.006761543918401003,-0.16831868886947632
54.631,-0.9848602414131165,-0.039251115173101425,0.005947588011622429,-0.1687430888414383
54.958,-0.9847984313964844,-0.039408013224601746,0.006122590973973274,-0.16906067728996277
55.26,-0.9847984313964844,-0.039408013224601746,0.006122590973973274,-0.16906067728996277
55.561,-0.9846091866493225,-0.03974192962050438,0.0054476396180689335,-0.1701047718524933
55.863,-0.9845278859138489,-0.03932208567857742,0.006570551078766584,-0.17063263058662415
56.165,-0.9844435453414917,-0.039851609617471695,0.005426364950835705,-0.17103610932826996
56.467,-0.9844435453414917,-0.039851609617471695,0.005426364950835705,-0.17103610932826996
56.768,-0.9844435453414917,-0.039851609617471695,0.005426364950835705,-0.17103610932826996
57.075,-0.9844435453414917,-0.039851609617471695,0.005426364950835705,-0.17103610932826996
57.377,-0.9844435453414917,-0.039851609617471695,0.005426364950835705,-0.17103610932826996
57.678,-0.9844435453414917,-0.039851609617471695,0.005426364950835705,-0.17103610932826996
57.979,-0.9844435453414917,-0.039851609617471695,0.005426364950835705,-0.17103610932826996
58.28,-0.9844435453414917,-0.039851609617471695,0.005426364950835705,-0.17103610932826996
58.581,-0.9839226007461548,-0.03909390792250633,0.006798156537115574,-0.17413145303726196
58.892,-0.9839226007461548,-0.03909390792250633,0.006798156537115574,-0.17413145303726196
59.315,-0.9839226007461548,-0.03909390792250633,0.006798156537115574,-0.17413145303726196
59.626,-0.9839226007461548,-0.03909390792250633,0.006798156537115574,-0.17413145303726196
59.927,-0.9839226007461548,-0.03909390792250633,0.006798156537115574,-0.17413145303726196
60.228,-0.9833781123161316,-0.039322663098573685,0.00679770577698946,-0.17712998390197754
60.53,-0.9833170771598816,-0.03959877789020538,0.004534388426691294,-0.17747926712036133
60.857,-0.9832184910774231,-0.03868697211146355,0.007489123847335577,-0.1781253218650818
61.132,-0.9830836653709412,-0.03911972790956497,0.007107375655323267,-0.17878949642181396
61.441,-0.9830836653709412,-0.03911972790956497,0.007107375655323267,-0.17878949642181396
61.742,-0.9830836653709412,-0.03911972790956497,0.007107375655323267,-0.17878949642181396
62.043,-0.9830836653709412,-0.03911972790956497,0.007107375655323267,-0.17878949642181396
62.344,-0.9830836653709412,-0.03911972790956497,0.007107375655323267,-0.17878949642181396
62.645,-0.9830836653709412,-0.03911972790956497,0.007107375655323267,-0.17878949642181396
62.946,-0.9830836653709412,-0.03911972790956497,0.007107375655323267,-0.17878949642181396
63.247,-0.9830836653709412,-0.03911972790956497,0.007107375655323267,-0.17878949642181396
63.554,-0.9823063611984253,-0.039275478571653366,0.005268673878163099,-0.18304067850112915
63.856,-0.9823063611984253,-0.039275478571653366,0.005268673878163099,-0.18304067850112915
64.157,-0.982097864151001,-0.03971797600388527,0.005693607963621616,-0.18404839932918549
64.459,-0.9820899367332458,-0.039310522377491,0.004845988471060991,-0.18420249223709106
64.761,-0.9819736480712891,-0.039279524236917496,0.0055745136924088,-0.18480737507343292
65.063,-0.9818745851516724,-0.04011813923716545,0.005480124615132809,-0.18515616655349731
65.384,-0.981774091720581,-0.039773885160684586,0.005591930355876684,-0.1857590675354004
65.666,-0.9816537499427795,-0.039523836225271225,0.005550938192754984,-0.1864483803510666
65.968,-0.9816537499427795,-0.039523836225271225,0.005550938192754984,-0.1864483803510666
66.269,-0.9815897941589355,-0.03907300904393196,0.005492610391229391,-0.1868813931941986
66.571,-0.9815897941589355,-0.03907300904393196,0.005492610391229391,-0.1868813931941986
66.872,-0.9815897941589355,-0.03907300904393196,0.005492610391229391,-0.1868813931941986
67.173,-0.9815897941589355,-0.03907300904393196,0.005492610391229391,-0.1868813931941986
67.474,-0.9815897941589355,-0.03907300904393196,0.005492610391229391,-0.1868813931941986
67.781,-0.9815897941589355,-0.03907300904393196,0.005492610391229391,-0.1868813931941986
68.083,-0.9815897941589355,-0.03907300904393196,0.005492610391229391,-0.1868813931941986
68.384,-0.9815897941589355,-0.03907300904393196,0.005492610391229391,-0.1868813931941986
68.685,-0.981019914150238,-0.03922181576490402,0.005081386771053076,-0.18983088433742523
68.996,-0.9809101223945618,-0.03949476033449173,0.004908583126962185,-0.19034545123577118
69.306,-0.9809101223945618,-0.03949476033449173,0.004908583126962185,-0.19034545123577118
69.616,-0.9809101223945618,-0.03949476033449173,0.004908583126962185,-0.19034545123577118
70.039,-0.9809101223945618,-0.03949476033449173,0.004908583126962185,-0.19034545123577118
70.34,-0.9809101223945618,-0.03949476033449173,0.004908583126962185,-0.19034545123577118
70.641,-0.9803432822227478,-0.03974626958370209,0.004728267900645733,-0.19319649040699005
70.943,-0.9802826642990112,-0.03997977823019028,0.00559754716232419,-0.1934325397014618
71.245,-0.9802256226539612,-0.03998325392603874,0.005129103548824787,-0.19373373687267303
71.547,-0.9801918268203735,-0.03905190899968147,0.005554164294153452,-0.19408276677131653
71.849,-0.9801918268203735,-0.03905190899968147,0.005554164294153452,-0.19408276677131653
72.156,-0.9801918268203735,-0.03905190899968147,0.005554164294153452,-0.19408276677131653
72.458,-0.9801918268203735,-0.03905190899968147,0.005554164294153452,-0.19408276677131653
72.759,-0.9801918268203735,-0.03905190899968147,0.005554164294153452,-0.19408276677131653
73.06,-0.9801918268203735,-0.03905190899968147,0.005554164294153452,-0.19408276677131653
73.361,-0.9801918268203735,-0.03905190899968147,0.005554164294153452,-0.19408276677131653
73.662,-0.9794371128082275,-0.03946591541171074,0.004988611210137606,-0.19778887927532196
73.964,-0.9794484972953796,-0.03964895382523537,0.004690045025199652,-0.19770336151123047
74.272,-0.9793123602867126,-0.039549291133880615,0.0057905288413167,-0.19836735725402832
74.574,-0.9793123602867126,-0.039549291133880615,0.0057905288413167,-0.19836735725402832
74.875,-0.9791688323020935,-0.03983273729681969,0.005302208475768566,-0.19903181493282318
75.177,-0.9791023135185242,-0.03983162343502045,0.005258232355117798,-0.1993599832057953
75.479,-0.9789940714836121,-0.03936025872826576,0.004535422194749117,-0.20000210404396057
75.781,-0.978969395160675,-0.03917275741696358,0.005350177176296711,-0.2001393437385559
76.083,-0.978969395160675,-0.03917275741696358,0.005350177176296711,-0.2001393437385559
76.39,-0.9786158204078674,-0.039777722209692,0.003474298631772399,-0.2017838954925537
76.692,-0.9786158204078674,-0.039777722209692,0.003474298631772399,-0.2017838954925537
76.993,-0.9786158204078674,-0.039777722209692,0.003474298631772399,-0.2017838954925537
77.294,-0.9786158204078674,-0.039777722209692,0.003474298631772399,-0.2017838954925537
77.595,-0.9786158204078674,-0.039777722209692,0.003474298631772399,-0.2017838954925537
77.896,-0.9786158204078674,-0.039777722209692,0.003474298631772399,-0.2017838954925537
78.197,-0.9786158204078674,-0.039777722209692,0.003474298631772399,-0.2017838954925537
78.505,-0.9786158204078674,-0.039777722209692,0.003474298631772399,-0.2017838954925537
78.806,-0.9786158204078674,-0.039777722209692,0.003474298631772399,-0.2017838954925537
79.116,-0.978067934513092,-0.039839018136262894,0.005557419266551733,-0.20436514914035797
79.426,-0.978067934513092,-0.039839018136262894,0.005557419266551733,-0.20436514914035797
79.736,-0.978067934513092,-0.039839018136262894,0.005557419266551733,-0.20436514914035797
80.046,-0.978067934513092,-0.039839018136262894,0.005557419266551733,-0.20436514914035797
80.347,-0.978067934513092,-0.039839018136262894,0.005557419266551733,-0.20436514914035797
80.655,-0.9776425361633301,-0.03938622400164604,0.005382681265473366,-0.2064819186925888
80.956,-0.9776425361633301,-0.03938622400164604,0.005382681265473366,-0.2064819186925888
81.257,-0.9775027632713318,-0.03911912441253662,0.00511900382116437,-0.20719997584819794
81.559,-0.9773368239402771,-0.03994692489504814,0.003878721036016941,-0.20785069465637207
81.861,-0.9773368239402771,-0.03994692489504814,0.003878721036016941,-0.20785069465637207
82.162,-0.9773368239402771,-0.03994692489504814,0.003878721036016941,-0.20785069465637207
82.463,-0.9773368239402771,-0.03994692489504814,0.003878721036016941,-0.20785069465637207
82.77,-0.9773368239402771,-0.03994692489504814,0.003878721036016941,-0.20785069465637207
83.071,-0.9773368239402771,-0.03994692489504814,0.003878721036016941,-0.20785069465637207
83.372,-0.9773368239402771,-0.03994692489504814,0.003878721036016941,-0.20785069465637207
83.673,-0.9773368239402771,-0.03994692489504814,0.003878721036016941,-0.20785069465637207
83.974,-0.9765325784683228,-0.039466891437768936,0.0055967094376683235,-0.21164879202842712
84.276,-0.9765118956565857,-0.040227897465229034,0.003744082525372505,-0.2116418182849884
84.597,-0.976403534412384,-0.03905842453241348,0.0051618460565805435,-0.21232964098453522
84.879,-0.97624671459198,-0.03948957473039627,0.006051185540854931,-0.2129468321800232
85.181,-0.97624671459198,-0.03948957473039627,0.006051185540854931,-0.2129468321800232
85.482,-0.9760735034942627,-0.038884237408638,0.005905590020120144,-0.2138543277978897
85.784,-0.9759713411331177,-0.03996928036212921,0.0035806377418339252,-0.21417197585105896
86.086,-0.9758856296539307,-0.03945890814065933,0.005193007178604603,-0.21462363004684448
86.388,-0.9758347868919373,-0.03972816467285156,0.0031558547634631395,-0.21484462916851044
86.69,-0.9756730794906616,-0.03948391228914261,0.0051171076484024525,-0.21558503806591034
86.998,-0.9756730794906616,-0.03948391228914261,0.0051171076484024525,-0.21558503806591034
87.3,-0.9756730794906616,-0.03948391228914261,0.0051171076484024525,-0.21558503806591034
87.601,-0.9756730794906616,-0.03948391228914261,0.0051171076484024525,-0.21558503806591034
87.902,-0.9756730794906616,-0.03948391228914261,0.0051171076484024525,-0.21558503806591034
88.203,-0.9756730794906616,-0.03948391228914261,0.0051171076484024525,-0.21558503806591034
88.504,-0.9756730794906616,-0.03948391228914261,0.0051171076484024525,-0.21558503806591034
88.805,-0.9756730794906616,-0.03948391228914261,0.0051171076484024525,-0.21558503806591034
89.247,-0.9748036861419678,-0.03994731605052948,0.0036542238667607307,-0.21942806243896484
89.557,-0.9748036861419678,-0.03994731605052948,0.0036542238667607307,-0.21942806243896484
89.867,-0.9748036861419678,-0.03994731605052948,0.0036542238667607307,-0.21942806243896484
90.168,-0.9748036861419678,-0.03994731605052948,0.0036542238667607307,-0.21942806243896484
90.469,-0.9748036861419678,-0.03994731605052948,0.0036542238667607307,-0.21942806243896484
90.779,-0.9743149876594543,-0.039513345807790756,0.004243339877575636,-0.2216552197933197
91.054,-0.9741896390914917,-0.039548296481370926,0.003652497660368681,-0.22220975160598755
91.363,-0.9740291833877563,-0.03958701714873314,0.004820587113499641,-0.2228829711675644
91.664,-0.9740291833877563,-0.03958701714873314,0.004820587113499641,-0.2228829711675644
91.965,-0.9740291833877563,-0.03958701714873314,0.004820587113499641,-0.2228829711675644
92.266,-0.9740291833877563,-0.03958701714873314,0.004820587113499641,-0.2228829711675644
92.567,-0.9740291833877563,-0.03958701714873314,0.004820587113499641,-0.2228829711675644
92.868,-0.9740291833877563,-0.03958701714873314,0.004820587113499641,-0.2228829711675644
93.169,-0.9740291833877563,-0.03958701714873314,0.004820587113499641,-0.2228829711675644
93.476,-0.9740291833877563,-0.03958701714873314,0.004820587113499641,-0.2228829711675644
93.778,-0.9740291833877563,-0.03958701714873314,0.004820587113499641,-0.2228829711675644
94.079,-0.97330641746521,-0.03995531424880028,0.0035990136675536633,-0.2259761393070221
94.381,-0.97330641746521,-0.03995531424880028,0.0035990136675536633,-0.2259761393070221
94.682,-0.9731916785240173,-0.040079034864902496,0.0044901310466229916,-0.2264319211244583
94.984,-0.973098874092102,-0.03992320969700813,0.0034232924226671457,-0.22687651216983795
95.306,-0.9730784893035889,-0.03941512480378151,0.0038791473489254713,-0.22704549133777618
95.589,-0.9727904796600342,-0.039867956191301346,0.0038786556106060743,-0.22819776833057404
95.89,-0.9727904796600342,-0.039867956191301346,0.0038786556106060743,-0.22819776833057404
96.191,-0.9726312160491943,-0.039617180824279785,0.003724641166627407,-0.22892165184020996
96.493,-0.9725459814071655,-0.04002131149172783,0.0036478748079389334,-0.22921444475650787
96.795,-0.9725145101547241,-0.03975474461913109,0.004281426779925823,-0.22938348352909088
97.097,-0.9725145101547241,-0.03975474461913109,0.004281426779925823,-0.22938348352909088
97.398,-0.9725145101547241,-0.03975474461913109,0.004281426779925823,-0.22938348352909088
97.706,-0.9725145101547241,-0.03975474461913109,0.004281426779925823,-0.22938348352909088
98.007,-0.9725145101547241,-0.03975474461913109,0.004281426779925823,-0.22938348352909088
98.308,-0.9725145101547241,-0.03975474461913109,0.004281426779925823,-0.22938348352909088
98.609,-0.9725145101547241,-0.03975474461913109,0.004281426779925823,-0.22938348352909088
98.91,-0.9725145101547241,-0.03975474461913109,0.004281426779925823,-0.22938348352909088
99.22,-0.9725145101547241,-0.03975474461913109,0.004281426779925823,-0.22938348352909088
99.53,-0.9725145101547241,-0.03975474461913109,0.004281426779925823,-0.22938348352909088
99.953,-0.9725145101547241,-0.03975474461913109,0.004281426779925823,-0.22938348352909088
100.254,-0.9725145101547241,-0.03975474461913109,0.004281426779925823,-0.22938348352909088
100.555,0.6303322315216064,0.013738565146923065,-0.008596195839345455,0.7761563062667847
100.857,0.050958722829818726,0.00819296482950449,0.013580595143139362,0.9985747933387756
101.158,-0.42559370398521423,0.11897455155849457,0.2793559432029724,0.8524525165557861
101.489,-0.5704953670501709,0.4168558716773987,0.5876252055168152,0.3942877948284149
101.764,0.06177994981408119,0.9692549705505371,-0.1987808793783188,-0.13120286166667938
102.072,0.06177994981408119,0.9692549705505371,-0.1987808793783188,-0.13120286166667938
102.373,0.06177994981408119,0.9692549705505371,-0.1987808793783188,-0.13120286166667938
102.674,0.06177994981408119,0.9692549705505371,-0.1987808793783188,-0.13120286166667938
102.975,0.06177994981408119,0.9692549705505371,-0.1987808793783188,-0.13120286166667938
103.276,0.06177994981408119,0.9692549705505371,-0.1987808793783188,-0.13120286166667938
103.577,0.06177994981408119,0.9692549705505371,-0.1987808793783188,-0.13120286166667938
103.878,0.06177994981408119,0.9692549705505371,-0.1987808793783188,-0.13120286166667938
104.186,0.06166688725352287,0.388775497674942,-0.9165814518928528,-0.07020864635705948
104.487,0.06166688725352287,0.388775497674942,-0.9165814518928528,-0.07020864635705948
104.788,-0.08665261417627335,-0.9859218001365662,-0.13568709790706635,-0.045150402933359146
105.09,-0.08700183033943176,-0.7475379109382629,0.6560680866241455,0.056501682847738266
105.392,-0.01625916175544262,0.10160281509160995,0.9893848896026611,0.10261628776788712
105.694,0.0801357552409172,0.8673891425132751,0.48732495307922363,0.0610632598400116
106.018,0.11337543278932571,0.8979135751724243,-0.42386460304260254,-0.035157252103090286
106.3,-0.07499870657920837,-0.6396165490150452,-0.7612326145172119,-0.07609755545854568
106.602,-0.07499870657920837,-0.6396165490150452,-0.7612326145172119,-0.07609755545854568
106.903,-0.010078477673232555,-0.4982356131076813,0.8621591329574585,0.09133116900920868
107.205,-0.010078477673232555,-0.4982356131076813,0.8621591329574585,0.09133116900920868
107.506,-0.010078477673232555,-0.4982356131076813,0.8621591329574585,0.09133116900920868
107.807,-0.010078477673232555,-0.4982356131076813,0.8621591329574585,0.09133116900920868
108.108,-0.010078477673232555,-0.4982356131076813,0.8621591329574585,0.09133116900920868
108.415,-0.010078477673232555,-0.4982356131076813,0.8621591329574585,0.09133116900920868
108.717,-0.010078477673232555,-0.4982356131076813,0.8621591329574585,0.09133116900920868
109.018,-0.010078477673232555,-0.4982356131076813,0.8621591329574585,0.09133116900920868
109.328,0.09877333790063858,0.8441088199615479,0.5208344459533691,-0.08034676313400269
109.638,0.09877333790063858,0.8441088199615479,0.5208344459533691,-0.08034676313400269
109.948,0.09877333790063858,0.8441088199615479,0.5208344459533691,-0.08034676313400269
110.258,0.09877333790063858,0.8441088199615479,0.5208344459533691,-0.08034676313400269
110.565,0.09877333790063858,0.8441088199615479,0.5208344459533691,-0.08034676313400269
110.867,0.09877333790063858,0.8441088199615479,0.5208344459533691,-0.08034676313400269
111.168,0.084661565721035,0.6536880731582642,0.7461134195327759,-0.09401651471853256
111.47,-0.014095964841544628,0.9889054894447327,0.10061267763376236,-0.10837100446224213
111.772,-0.12592700123786926,0.7508264780044556,-0.6455562710762024,-0.060489993542432785
112.074,-0.16478976607322693,0.059843238443136215,-0.9829859137535095,0.054788656532764435
112.376,-0.16478976607322693,0.059843238443136215,-0.9829859137535095,0.054788656532764435
112.683,-0.16478976607322693,0.059843238443136215,-0.9829859137535095,0.054788656532764435
112.984,-0.16478976607322693,0.059843238443136215,-0.9829859137535095,0.054788656532764435
113.285,-0.16478976607322693,0.059843238443136215,-0.9829859137535095,0.054788656532764435
113.586,-0.16478976607322693,0.059843238443136215,-0.9829859137535095,0.054788656532764435
113.887,-0.16478976607322693,0.059843238443136215,-0.9829859137535095,0.054788656532764435
114.188,-0.16478976607322693,0.059843238443136215,-0.9829859137535095,0.054788656532764435
114.522,-0.12049364298582077,0.2166311889886856,-0.9665297269821167,0.06612444669008255
114.804,0.015612341463565826,-0.853822648525238,-0.5058397650718689,0.12193962186574936
115.105,0.015612341463565826,-0.853822648525238,-0.5058397650718689,0.12193962186574936
115.406,0.1039947047829628,-0.7848698496818542,0.610609233379364,0.017909038811922073
115.708,0.11201658844947815,-0.2941850423812866,0.9480450749397278,-0.04602173715829849
116.01,0.06332310289144516,0.28731459379196167,0.9530231356620789,-0.0720236599445343
116.312,0.025453509762883186,0.7650821805000305,0.6399756669998169,-0.0665770173072815
116.614,-0.005307601764798164,0.9810931086540222,0.18090379238128662,-0.0685705691576004
116.922,-0.037552058696746826,0.9287216663360596,-0.3649595379829407,-0.05357704684138298
117.224,-0.037552058696746826,0.9287216663360596,-0.3649595379829407,-0.05357704684138298
117.525,-0.037552058696746826,0.9287216663360596,-0.3649595379829407,-0.05357704684138298
117.826,-0.037552058696746826,0.9287216663360596,-0.3649595379829407,-0.05357704684138298
118.127,-0.037552058696746826,0.9287216663360596,-0.3649595379829407,-0.05357704684138298
118.428,-0.037552058696746826,0.9287216663360596,-0.3649595379829407,-0.05357704684138298
118.729,-0.037552058696746826,0.9287216663360596,-0.3649595379829407,-0.05357704684138298
119.036,-0.037552058696746826,0.9287216663360596,-0.3649595379829407,-0.05357704684138298
119.347,0.11869100481271744,0.1601509153842926,0.974348783493042,0.10444426536560059
119.657,0.11869100481271744,0.1601509153842926,0.974348783493042,0.10444426536560059
119.967,0.11869100481271744,0.1601509153842926,0.974348783493042,0.10444426536560059
120.277,0.11869100481271744,0.1601509153842926,0.974348783493042,0.10444426536560059
120.578,0.11869100481271744,0.1601509153842926,0.974348783493042,0.10444426536560059
120.879,0.228038027882576,0.9391298294067383,-0.1977420598268509,-0.16410928964614868
121.187,0.13266737759113312,0.861449658870697,-0.41666945815086365,-0.2582448422908783
121.488,0.13266737759113312,0.861449658870697,-0.41666945815086365,-0.2582448422908783
121.807,-0.16215115785598755,0.6348365545272827,-0.7161712646484375,-0.24039193987846375
122.082,-0.29745548963546753,0.3085205852985382,-0.9034679532051086,-0.008998412638902664
122.384,-0.29745548963546753,0.3085205852985382,-0.9034679532051086,-0.008998412638902664
122.685,-0.29745548963546753,0.3085205852985382,-0.9034679532051086,-0.008998412638902664
122.986,-0.29745548963546753,0.3085205852985382,-0.9034679532051086,-0.008998412638902664
123.293,-0.29745548963546753,0.3085205852985382,-0.9034679532051086,-0.008998412638902664
123.594,-0.29745548963546753,0.3085205852985382,-0.9034679532051086,-0.008998412638902664
123.895,-0.29745548963546753,0.3085205852985382,-0.9034679532051086,-0.008998412638902664
124.196,-0.29745548963546753,0.3085205852985382,-0.9034679532051086,-0.008998412638902664
124.497,-0.31903475522994995,-0.7711266875267029,-0.28525859117507935,-0.47138941287994385
124.799,-0.4526236951351166,-0.4604188799858093,-0.03491956368088722,-0.7628412842750549
125.101,-0.31703245639801025,-0.8081090450286865,0.03764261677861214,-0.49500834941864014
125.409,-0.13740019500255585,-0.9653670787811279,0.19179771840572357,-0.1113608106970787
125.71,-0.13740019500255585,-0.9653670787811279,0.19179771840572357,-0.1113608106970787
126.011,-0.07052834331989288,-0.6001414656639099,0.730779230594635,0.3175179660320282
126.334,0.08782985806465149,-0.23017781972885132,0.8802154064178467,0.40561676025390625
126.61,-0.5495201349258423,0.62904292345047,0.5461155772209167,-0.06395606696605682
126.912,-0.10825765877962112,0.9178426265716553,-0.3064233362674713,0.22792531549930573
127.214,0.11387094855308533,0.5842747092247009,-0.7830416560173035,0.1802835762500763
127.522,0.11387094855308533,0.5842747092247009,-0.7830416560173035,0.1802835762500763
127.823,0.11387094855308533,0.5842747092247009,-0.7830416560173035,0.1802835762500763
128.124,0.11387094855308533,0.5842747092247009,-0.7830416560173035,0.1802835762500763
128.425,0.11387094855308533,0.5842747092247009,-0.7830416560173035,0.1802835762500763
128.726,0.11387094855308533,0.5842747092247009,-0.7830416560173035,0.1802835762500763
129.027,0.11387094855308533,0.5842747092247009,-0.7830416560173035,0.1802835762500763
129.328,0.11387094855308533,0.5842747092247009,-0.7830416560173035,0.1802835762500763
129.751,0.535983145236969,-0.26611191034317017,0.8010750412940979,-0.013610288500785828
130.062,-0.5002070665359497,0.6883766651153564,-0.2594406008720398,-0.4567504823207855
130.372,-0.5002070665359497,0.6883766651153564,-0.2594406008720398,-0.4567504823207855
130.673,-0.5002070665359497,0.6883766651153564,-0.2594406008720398,-0.4567504823207855
130.974,0.009523682296276093,-0.9866191148757935,-0.1547939032316208,-0.05030832812190056
131.276,0.165125772356987,-0.6579905152320862,-0.7341445684432983,0.02852560766041279
131.578,0.054083120077848434,-0.33215823769569397,-0.9373127222061157,0.09050299227237701
131.886,0.06722857803106308,-0.24085690081119537,-0.9658191800117493,0.06827559322118759
132.187,0.06722857803106308,-0.24085690081119537,-0.9658191800117493,0.06827559322118759
132.488,-0.12719407677650452,-0.41697168350219727,-0.8526826500892639,0.2879037857055664
132.79,-0.12719407677650452,-0.41697168350219727,-0.8526826500892639,0.2879037857055664
133.091,-0.12719407677650452,-0.41697168350219727,-0.8526826500892639,0.2879037857055664
133.392,-0.12719407677650452,-0.41697168350219727,-0.8526826500892639,0.2879037857055664
133.693,-0.12719407677650452,-0.41697168350219727,-0.8526826500892639,0.2879037857055664
134,-0.12719407677650452,-0.41697168350219727,-0.8526826500892639,0.2879037857055664
134.302,-0.12719407677650452,-0.41697168350219727,-0.8526826500892639,0.2879037857055664
134.603,0.0048135207034647465,-0.7014795541763306,-0.7105816006660461,0.05456202104687691
134.905,-0.04275797680020332,-0.530994176864624,-0.8353948593139648,0.13539721071720123
135.207,0.047975461930036545,-0.27053365111351013,-0.9605517387390137,0.04301491379737854
135.509,0.17123472690582275,-0.04745408147573471,-0.9840853214263916,-0.001701371860690415
135.811,0.1608341783285141,0.2204504758119583,-0.9618949890136719,0.017086219042539597
136.12,0.10463542491197586,0.53371661901474,-0.8390882015228271,0.01135987788438797
136.421,0.10463542491197586,0.53371661901474,-0.8390882015228271,0.01135987788438797
136.722,0.06146090105175972,0.9880971312522888,-0.10948868840932846,0.08887530863285065
137.045,0.01856084354221821,0.9265658855438232,0.3739946484565735,0.03548514097929001
137.32,-0.017223739996552467,0.1781231015920639,0.9818099737167358,-0.06344040483236313
137.621,-0.017223739996552467,0.1781231015920639,0.9818099737167358,-0.06344040483236313
137.922,-0.017223739996552467,0.1781231015920639,0.9818099737167358,-0.06344040483236313
138.229,-0.017223739996552467,0.1781231015920639,0.9818099737167358,-0.06344040483236313
138.53,-0.017223739996552467,0.1781231015920639,0.9818099737167358,-0.06344040483236313
138.831,-0.017223739996552467,0.1781231015920639,0.9818099737167358,-0.06344040483236313
139.132,-0.017223739996552467,0.1781231015920639,0.9818099737167358,-0.06344040483236313
139.433,-0.017223739996552467,0.1781231015920639,0.9818099737167358,-0.06344040483236313
139.743,0.05776861310005188,-0.972851574420929,-0.20911449193954468,-0.08058351278305054
140.053,0.05776861310005188,-0.972851574420929,-0.20911449193954468,-0.08058351278305054
140.476,0.05776861310005188,-0.972851574420929,-0.20911449193954468,-0.08058351278305054
140.778,0.05776861310005188,-0.972851574420929,-0.20911449193954468,-0.08058351278305054
141.079,-0.023541893810033798,0.7536560297012329,-0.6566492319107056,-0.01612989231944084
141.38,-0.014058781787753105,0.9954426884651184,-0.08471805602312088,-0.04146109148859978
141.682,-0.01946178264915943,0.868854284286499,0.494082510471344,-0.02441238984465599
141.984,-0.02332395687699318,0.5292474627494812,0.8479146957397461,-0.01984495110809803
142.286,-0.0029654039535671473,0.07760728895664215,0.9969789385795593,0.0011627324856817722
142.594,0.019751891493797302,-0.3253639340400696,0.9453790187835693,0.00259583187289536
142.896,0.019751891493797302,-0.3253639340400696,0.9453790187835693,0.00259583187289536
143.197,0.019751891493797302,-0.3253639340400696,0.9453790187835693,0.00259583187289536
143.498,0.019751891493797302,-0.3253639340400696,0.9453790187835693,0.00259583187289536
143.799,0.019751891493797302,-0.3253639340400696,0.9453790187835693,0.00259583187289536
144.1,0.019751891493797302,-0.3253639340400696,0.9453790187835693,0.00259583187289536
144.401,0.019751891493797302,-0.3253639340400696,0.9453790187835693,0.00259583187289536
144.728,0.019751891493797302,-0.3253639340400696,0.9453790187835693,0.00259583187289536
145.03,0.019751891493797302,-0.3253639340400696,0.9453790187835693,0.00259583187289536
145.331,0.001750405877828598,-0.1619338095188141,0.9862080216407776,-0.03417832404375076
145.633,-0.03461584076285362,0.16298218071460724,0.985970139503479,-0.010069177486002445
145.935,-0.042371246963739395,0.3607913851737976,0.9316762685775757,-0.0036863635759800673
146.237,-0.02811494842171669,0.4167024493217468,0.9082593321800232,-0.02517222985625267
146.539,-0.02217746712267399,0.3724665343761444,0.9277642965316772,0.005503072403371334
146.847,-0.020174739882349968,0.22151899337768555,0.9749080538749695,0.008752716705203056
147.149,-0.020174739882349968,0.22151899337768555,0.9749080538749695,0.008752716705203056
147.478,-0.007770038675516844,-0.3661412000656128,0.9304953813552856,-0.007656510919332504
147.78,-0.007770038675516844,-0.3661412000656128,0.9304953813552856,-0.007656510919332504
148.081,-0.007770038675516844,-0.3661412000656128,0.9304953813552856,-0.007656510919332504
148.382,-0.007770038675516844,-0.3661412000656128,0.9304953813552856,-0.007656510919332504
148.683,-0.007770038675516844,-0.3661412000656128,0.9304953813552856,-0.007656510919332504
148.99,-0.007770038675516844,-0.3661412000656128,0.9304953813552856,-0.007656510919332504
149.291,-0.007770038675516844,-0.3661412000656128,0.9304953813552856,-0.007656510919332504
149.592,-0.007770038675516844,-0.3661412000656128,0.9304953813552856,-0.007656510919332504
149.902,0.052712295204401016,-0.7310823798179626,-0.6729708313941956,0.09924852102994919
150.212,0.052712295204401016,-0.7310823798179626,-0.6729708313941956,0.09924852102994919
150.522,0.052712295204401016,-0.7310823798179626,-0.6729708313941956,0.09924852102994919
150.832,0.052712295204401016,-0.7310823798179626,-0.6729708313941956,0.09924852102994919
151.139,0.052712295204401016,-0.7310823798179626,-0.6729708313941956,0.09924852102994919
151.455,0.052712295204401016,-0.7310823798179626,-0.6729708313941956,0.09924852102994919
151.73,0.015353959985077381,-0.9966810345649719,-0.07989194244146347,0.002911902032792568
152.032,0.0006761401309631765,-0.9963435530662537,-0.08243978768587112,0.02242078073322773
152.334,0.010712908580899239,-0.9826804399490356,-0.1833285093307495,0.024800606071949005
152.636,-0.01794443093240261,-0.9463973045349121,-0.31952598690986633,0.043740756809711456
152.938,-0.01794443093240261,-0.9463973045349121,-0.31952598690986633,0.043740756809711456
153.245,-0.01794443093240261,-0.9463973045349121,-0.31952598690986633,0.043740756809711456
153.546,-0.01794443093240261,-0.9463973045349121,-0.31952598690986633,0.043740756809711456
153.847,-0.01794443093240261,-0.9463973045349121,-0.31952598690986633,0.043740756809711456
154.148,-0.01794443093240261,-0.9463973045349121,-0.31952598690986633,0.043740756809711456
154.449,-0.01794443093240261,-0.9463973045349121,-0.31952598690986633,0.043740756809711456
154.75,-0.01794443093240261,-0.9463973045349121,-0.31952598690986633,0.043740756809711456
155.051,-0.07266343384981155,-0.4535781443119049,0.8869925737380981,0.04723455011844635
155.36,0.02732331119477749,-0.210176020860672,0.9740209579467773,0.07976635545492172
155.661,0.02732331119477749,-0.210176020860672,0.9740209579467773,0.07976635545492172
155.983,0.06859634071588516,0.22094008326530457,0.971676230430603,0.04822114482522011
156.258,-0.03649769723415375,0.42184576392173767,0.9056321978569031,-0.02333199605345726
156.56,-0.033146943897008896,0.31262409687042236,0.9490941762924194,0.019689787179231644
156.862,-0.04457557201385498,0.028671614825725555,0.9969781041145325,0.05679433420300484
157.164,-0.06593429297208786,-0.3706181049346924,0.926170289516449,0.02243870683014393
157.472,-0.02242933213710785,-0.8254669904708862,0.5615993142127991,-0.052032534033060074
157.774,-0.02242933213710785,-0.8254669904708862,0.5615993142127991,-0.052032534033060074
158.075,-0.02242933213710785,-0.8254669904708862,0.5615993142127991,-0.052032534033060074
158.376,-0.02242933213710785,-0.8254669904708862,0.5615993142127991,-0.052032534033060074
158.677,-0.02242933213710785,-0.8254669904708862,0.5615993142127991,-0.052032534033060074
158.978,-0.02242933213710785,-0.8254669904708862,0.5615993142127991,-0.052032534033060074
159.279,-0.02242933213710785,-0.8254669904708862,0.5615993142127991,-0.052032534033060074
159.586,-0.02242933213710785,-0.8254669904708862,0.5615993142127991,-0.052032534033060074
159.888,-0.02242933213710785,-0.8254669904708862,0.5615993142127991,-0.052032534033060074
160.198,-0.015655608847737312,-0.35934051871299744,-0.9328402280807495,0.020939089357852936
160.508,-0.015655608847737312,-0.35934051871299744,-0.9328402280807495,0.020939089357852936
160.818,-0.015655608847737312,-0.35934051871299744,-0.9328402280807495,0.020939089357852936
161.128,-0.015655608847737312,-0.35934051871299744,-0.9328402280807495,0.020939089357852936
161.429,-0.015655608847737312,-0.35934051871299744,-0.9328402280807495,0.020939089357852936
161.737,0.017254412174224854,-0.15564703941345215,0.9874189496040344,0.021910613402724266
162.038,0.017254412174224854,-0.15564703941345215,0.9874189496040344,0.021910613402724266
162.339,0.010099713690578938,-0.6361227035522461,-0.7699360251426697,0.04944068193435669
162.641,0.028073223307728767,-0.8125938177108765,0.5821302533149719,-0.005245656240731478
162.943,0.049637723714113235,0.13906557857990265,0.9887691140174866,-0.023077117279171944
163.245,0.049637723714113235,0.13906557857990265,0.9887691140174866,-0.023077117279171944
163.546,0.049637723714113235,0.13906557857990265,0.9887691140174866,-0.023077117279171944
163.853,0.049637723714113235,0.13906557857990265,0.9887691140174866,-0.023077117279171944
164.154,0.049637723714113235,0.13906557857990265,0.9887691140174866,-0.023077117279171944
164.455,0.049637723714113235,0.13906557857990265,0.9887691140174866,-0.023077117279171944
164.756,0.049637723714113235,0.13906557857990265,0.9887691140174866,-0.023077117279171944
165.057,0.01131758838891983,0.988804042339325,0.14317937195301056,0.040473826229572296
165.359,-0.046270307153463364,0.273027241230011,0.9602935910224915,0.03393255174160004
165.661,0.006230348255485296,-0.8180534243583679,0.5685915350914001,-0.08633368462324142
165.969,0.07251539826393127,-0.9037497639656067,-0.4217652976512909,0.009589340537786484
166.271,0.07251539826393127,-0.9037497639656067,-0.4217652976512909,0.009589340537786484
166.572,0.031963713467121124,0.7440950274467468,-0.667252779006958,0.008640886284410954
166.874,0.008213920518755913,0.9995800256729126,-0.02022993192076683,0.019054654985666275
167.176,-0.10476064682006836,0.8846492767333984,0.45394259691238403,0.018893199041485786
167.478,-0.14291027188301086,0.715503990650177,0.6823479533195496,-0.045076996088027954
167.795,-0.05849426984786987,0.6421012878417969,0.7607117891311646,-0.07484620809555054
168.104,-0.05849426984786987,0.6421012878417969,0.7607117891311646,-0.07484620809555054
168.405,-0.05849426984786987,0.6421012878417969,0.7607117891311646,-0.07484620809555054
168.706,-0.05849426984786987,0.6421012878417969,0.7607117891311646,-0.07484620809555054
169.007,-0.05849426984786987,0.6421012878417969,0.7607117891311646,-0.07484620809555054
169.308,-0.05849426984786987,0.6421012878417969,0.7607117891311646,-0.07484620809555054
169.609,-0.05849426984786987,0.6421012878417969,0.7607117891311646,-0.07484620809555054
169.91,-0.05849426984786987,0.6421012878417969,0.7607117891311646,-0.07484620809555054
170.333,0.018031198531389236,0.8572592735290527,-0.5113613605499268,-0.05736679583787918
170.754,0.018031198531389236,0.8572592735290527,-0.5113613605499268,-0.05736679583787918
171.064,0.018031198531389236,0.8572592735290527,-0.5113613605499268,-0.05736679583787918
171.365,0.018031198531389236,0.8572592735290527,-0.5113613605499268,-0.05736679583787918
171.666,0.043431349098682404,0.7989676594734192,-0.5997859239578247,-0.004605931229889393
171.968,-0.020411092787981033,0.9848981499671936,0.16654236614704132,0.04269218444824219
172.276,-0.054734405130147934,0.2214583158493042,0.9736059904098511,0.007191147189587355
172.599,-0.054734405130147934,0.2214583158493042,0.9736059904098511,0.007191147189587355
172.875,0.020754758268594742,0.09326174110174179,-0.9952908158302307,0.016362279653549194
173.176,0.020754758268594742,0.09326174110174179,-0.9952908158302307,0.016362279653549194
173.477,0.020754758268594742,0.09326174110174179,-0.9952908158302307,0.016362279653549194
173.778,0.020754758268594742,0.09326174110174179,-0.9952908158302307,0.016362279653549194
174.079,0.020754758268594742,0.09326174110174179,-0.9952908158302307,0.016362279653549194
174.386,0.020754758268594742,0.09326174110174179,-0.9952908158302307,0.016362279653549194
174.688,0.020754758268594742,0.09326174110174179,-0.9952908158302307,0.016362279653549194
174.989,0.020754758268594742,0.09326174110174179,-0.9952908158302307,0.016362279653549194
175.29,0.03492334857583046,-0.8205792307853699,0.5702104568481445,0.017034059390425682
175.592,0.06138702481985092,-0.9975148439407349,0.017658261582255363,0.02973094955086708
175.894,0.015260017476975918,-0.8283885717391968,-0.5596951842308044,0.016756093129515648
176.196,-0.04089801385998726,-0.43607261776924133,-0.8989394903182983,0.008708536624908447
176.504,-0.07995345443487167,0.0959409773349762,-0.9921181201934814,-0.010220368392765522
176.806,-0.07995345443487167,0.0959409773349762,-0.9921181201934814,-0.010220368392765522
177.127,-0.0032720016315579414,0.6475625038146973,0.7618973851203918,0.01282446552067995
177.403,-0.00019105113460682333,-0.9153688549995422,-0.39955756068229675,-0.049533214420080185
177.704,0.042314313352108,-0.16736890375614166,-0.9846122860908508,-0.027125969529151917
178.006,-0.02576940879225731,0.6453600525856018,-0.7634429335594177,-0.0011192786041647196
178.308,-0.02576940879225731,0.6453600525856018,-0.7634429335594177,-0.0011192786041647196
178.615,-0.02576940879225731,0.6453600525856018,-0.7634429335594177,-0.0011192786041647196
178.917,-0.02576940879225731,0.6453600525856018,-0.7634429335594177,-0.0011192786041647196
179.218,-0.02576940879225731,0.6453600525856018,-0.7634429335594177,-0.0011192786041647196
179.519,-0.02576940879225731,0.6453600525856018,-0.7634429335594177,-0.0011192786041647196
179.82,-0.02576940879225731,0.6453600525856018,-0.7634429335594177,-0.0011192786041647196
180.121,-0.02576940879225731,0.6453600525856018,-0.7634429335594177,-0.0011192786041647196
180.431,-0.012278194539248943,0.966033399105072,-0.25567159056663513,-0.035506874322891235
180.854,-0.012278194539248943,0.966033399105072,-0.25567159056663513,-0.035506874322891235
181.165,-0.012278194539248943,0.966033399105072,-0.25567159056663513,-0.035506874322891235
181.466,-0.012278194539248943,0.966033399105072,-0.25567159056663513,-0.035506874322891235
181.767,0.010240904986858368,-0.36290255188941956,-0.9310641884803772,0.03628126531839371
182.069,0.04346645623445511,-0.9974021911621094,-0.03728476166725159,-0.04369621351361275
182.371,0.04125988855957985,-0.9395698308944702,0.3397836685180664,-0.00729836942628026
182.673,0.09754053503274918,-0.9891737103462219,0.09231109172105789,0.059159476310014725
182.982,0.02800312079489231,-0.6023052930831909,-0.7971851825714111,0.030658293515443802
183.283,0.02800312079489231,-0.6023052930831909,-0.7971851825714111,0.030658293515443802
183.584,0.02800312079489231,-0.6023052930831909,-0.7971851825714111,0.030658293515443802
183.885,0.02800312079489231,-0.6023052930831909,-0.7971851825714111,0.030658293515443802
184.186,0.02800312079489231,-0.6023052930831909,-0.7971851825714111,0.030658293515443802
184.487,0.02800312079489231,-0.6023052930831909,-0.7971851825714111,0.030658293515443802
184.788,0.02800312079489231,-0.6023052930831909,-0.7971851825714111,0.030658293515443802
185.095,0.02800312079489231,-0.6023052930831909,-0.7971851825714111,0.030658293515443802
185.396,0.02800312079489231,-0.6023052930831909,-0.7971851825714111,0.030658293515443802
185.697,-0.08513670414686203,0.17879343032836914,0.9799880981445312,0.020199419930577278
185.999,-0.06873605400323868,-0.1738344132900238,0.9820644855499268,0.02462424710392952
186.301,0.009512724354863167,-0.475411593914032,0.8776149153709412,0.06070709228515625
186.603,0.061691008508205414,-0.7951474189758301,-0.6031551361083984,-0.011776946485042572
186.905,-0.02875685878098011,0.9874253273010254,0.15544040501117706,0.0015811662888154387
187.213,0.002093386137858033,-0.8719947934150696,0.4895097613334656,0.0009149709949269891
187.514,0.002093386137858033,-0.8719947934150696,0.4895097613334656,0.0009149709949269891
187.837,-0.005914966110140085,0.9529756903648376,0.3029438853263855,-0.005234495270997286
188.113,0.004907727241516113,-0.9908905625343323,-0.13338398933410645,0.01790453866124153
188.414,0.004907727241516113,-0.9908905625343323,-0.13338398933410645,0.01790453866124153
188.715,0.004907727241516113,-0.9908905625343323,-0.13338398933410645,0.01790453866124153
189.016,0.004907727241516113,-0.9908905625343323,-0.13338398933410645,0.01790453866124153
189.323,0.004907727241516113,-0.9908905625343323,-0.13338398933410645,0.01790453866124153
189.625,0.004907727241516113,-0.9908905625343323,-0.13338398933410645,0.01790453866124153
189.926,0.004907727241516113,-0.9908905625343323,-0.13338398933410645,0.01790453866124153
190.227,0.004907727241516113,-0.9908905625343323,-0.13338398933410645,0.01790453866124153
190.537,0.07362714409828186,-0.8291600942611694,0.5515040159225464,0.05399910733103752
190.847,0.07362714409828186,-0.8291600942611694,0.5515040159225464,0.05399910733103752
191.157,0.07362714409828186,-0.8291600942611694,0.5515040159225464,0.05399910733103752
191.58,0.07362714409828186,-0.8291600942611694,0.5515040159225464,0.05399910733103752
191.882,0.07362714409828186,-0.8291600942611694,0.5515040159225464,0.05399910733103752
192.183,-0.02863665297627449,0.652381956577301,-0.7571505904197693,-0.01733948104083538
192.485,-0.027524098753929138,-0.1555585265159607,-0.9861844778060913,0.04984143376350403
192.787,0.0060388194397091866,-0.7838728427886963,-0.6203790307044983,0.025234559550881386
193.089,0.003128145821392536,-0.9972050189971924,0.07461294531822205,-0.002297657309100032
193.391,-0.007443572860211134,-0.7266817688941956,0.6865944266319275,-0.021594315767288208
193.699,-0.007443572860211134,-0.7266817688941956,0.6865944266319275,-0.021594315767288208
194.001,-0.007443572860211134,-0.7266817688941956,0.6865944266319275,-0.021594315767288208
194.302,-0.007443572860211134,-0.7266817688941956,0.6865944266319275,-0.021594315767288208
194.603,-0.007443572860211134,-0.7266817688941956,0.6865944266319275,-0.021594315767288208
194.904,-0.007443572860211134,-0.7266817688941956,0.6865944266319275,-0.021594315767288208
195.205,-0.007443572860211134,-0.7266817688941956,0.6865944266319275,-0.021594315767288208
195.514,-0.007443572860211134,-0.7266817688941956,0.6865944266319275,-0.021594315767288208
195.796,-0.0025416838470846415,-0.9199641346931458,-0.389364093542099,0.04533324018120766
196.098,-0.0025416838470846415,-0.9199641346931458,-0.389364093542099,0.04533324018120766
196.399,-0.05933423712849617,0.08665968477725983,-0.9941191673278809,-0.02639324776828289
196.701,-0.014103619381785393,0.6358781456947327,-0.7716584205627441,0.001832361682318151
197.003,0.016462121158838272,0.9363027215003967,-0.34789395332336426,0.04512154683470726
197.305,-0.0004184923891443759,0.9964285492897034,0.06268207728862762,0.0565766915678978
197.607,-0.014901984483003616,0.9369707107543945,0.34890875220298767,0.011246727779507637
197.916,0.011292604729533195,0.868272602558136,0.4952969253063202,-0.02561560645699501
198.217,0.011292604729533195,0.868272602558136,0.4952969253063202,-0.02561560645699501
198.518,-0.014871994033455849,0.8301023840904236,0.5518355369567871,0.07865337282419205
198.82,-0.014871994033455849,0.8301023840904236,0.5518355369567871,0.07865337282419205
199.121,-0.014871994033455849,0.8301023840904236,0.5518355369567871,0.07865337282419205
199.422,-0.014871994033455849,0.8301023840904236,0.5518355369567871,0.07865337282419205
199.723,-0.014871994033455849,0.8301023840904236,0.5518355369567871,0.07865337282419205
200.03,-0.014871994033455849,0.8301023840904236,0.5518355369567871,0.07865337282419205
200.332,-0.014871994033455849,0.8301023840904236,0.5518355369567871,0.07865337282419205
200.642,0.03821605443954468,0.9775559306144714,0.2015428990125656,0.048003554344177246
200.952,0.03821605443954468,0.9775559306144714,0.2015428990125656,0.048003554344177246
201.262,0.03821605443954468,0.9775559306144714,0.2015428990125656,0.048003554344177246
201.572,0.03821605443954468,0.9775559306144714,0.2015428990125656,0.048003554344177246
201.873,0.03821605443954468,0.9775559306144714,0.2015428990125656,0.048003554344177246
202.181,0.014137275516986847,-0.010730582289397717,0.9997361302375793,-0.014583342708647251
202.482,0.014137275516986847,-0.010730582289397717,0.9997361302375793,-0.014583342708647251
202.799,0.08195530623197556,-0.7272824048995972,0.6813876032829285,-0.007384559605270624
203.074,-0.011576022021472454,0.9293764233589172,0.3683299124240875,-0.02141251228749752
203.376,-0.00712171383202076,-0.5823044776916504,-0.8121610283851624,0.035570498555898666
203.678,-0.00712171383202076,-0.5823044776916504,-0.8121610283851624,0.035570498555898666
203.979,-0.00712171383202076,-0.5823044776916504,-0.8121610283851624,0.035570498555898666
204.286,-0.00712171383202076,-0.5823044776916504,-0.8121610283851624,0.035570498555898666
204.588,-0.00712171383202076,-0.5823044776916504,-0.8121610283851624,0.035570498555898666
204.889,-0.00712171383202076,-0.5823044776916504,-0.8121610283851624,0.035570498555898666
205.19,-0.00712171383202076,-0.5823044776916504,-0.8121610283851624,0.035570498555898666
205.491,-0.00712171383202076,-0.5823044776916504,-0.8121610283851624,0.035570498555898666
205.792,-0.04360809922218323,0.9866669178009033,0.15201903879642487,0.03843158110976219
206.094,-0.09319408237934113,0.7654725909233093,0.6352691650390625,0.04242273047566414
206.402,-0.07707615941762924,0.7308378219604492,0.678167998790741,-0.00484805554151535
206.704,-0.07707615941762924,0.7308378219604492,0.678167998790741,-0.00484805554151535
207.005,0.02165205404162407,-0.24495829641819,-0.9692543745040894,-0.008519038558006287
207.327,0.010686677880585194,-0.8518842458724976,-0.5223170518875122,-0.03693103417754173
207.603,-0.016391150653362274,-0.4973197877407074,-0.8669552803039551,-0.02815881371498108
207.904,0.01969880983233452,0.2806660830974579,-0.9590806365013123,-0.03166807070374489
208.206,-0.02016505040228367,0.8958789110183716,0.44371479749679565,0.010558031499385834
208.515,-0.0016592686297371984,-0.42987948656082153,0.9028815031051636,-0.002422523917630315
208.816,-0.0016592686297371984,-0.42987948656082153,0.9028815031051636,-0.002422523917630315
209.117,-0.0016592686297371984,-0.42987948656082153,0.9028815031051636,-0.002422523917630315
209.418,-0.0016592686297371984,-0.42987948656082153,0.9028815031051636,-0.002422523917630315
209.719,-0.0016592686297371984,-0.42987948656082153,0.9028815031051636,-0.002422523917630315
210.02,-0.0016592686297371984,-0.42987948656082153,0.9028815031051636,-0.002422523917630315
210.321,-0.0016592686297371984,-0.42987948656082153,0.9028815031051636,-0.002422523917630315
210.628,-0.0016592686297371984,-0.42987948656082153,0.9028815031051636,-0.002422523917630315
210.939,-0.0016592686297371984,-0.42987948656082153,0.9028815031051636,-0.002422523917630315
211.249,-0.0016592686297371984,-0.42987948656082153,0.9028815031051636,-0.002422523917630315
211.559,-0.0016592686297371984,-0.42987948656082153,0.9028815031051636,-0.002422523917630315
211.869,-0.0016592686297371984,-0.42987948656082153,0.9028815031051636,-0.002422523917630315
212.17,-0.0016592686297371984,-0.42987948656082153,0.9028815031051636,-0.002422523917630315
212.471,0.010177861899137497,-0.9830085635185242,0.17999815940856934,-0.034515008330345154
212.779,-0.03565773367881775,-0.9125741720199585,0.40734967589378357,0.0017664931947365403
213.081,-0.03565773367881775,-0.9125741720199585,0.40734967589378357,0.0017664931947365403
213.382,-0.0071716816164553165,-0.8885537981987,-0.4561910927295685,-0.04806681349873543
213.684,0.023711957037448883,0.46670299768447876,-0.8837623596191406,0.02429245412349701
213.986,0.023711957037448883,0.46670299768447876,-0.8837623596191406,0.02429245412349701
214.287,0.023711957037448883,0.46670299768447876,-0.8837623596191406,0.02429245412349701
214.588,0.023711957037448883,0.46670299768447876,-0.8837623596191406,0.02429245412349701
214.895,0.023711957037448883,0.46670299768447876,-0.8837623596191406,0.02429245412349701
215.196,0.023711957037448883,0.46670299768447876,-0.8837623596191406,0.02429245412349701
215.497,0.023711957037448883,0.46670299768447876,-0.8837623596191406,0.02429245412349701
215.831,0.023711957037448883,0.46670299768447876,-0.8837623596191406,0.02429245412349701
216.107,-0.02619224041700363,-0.7171055674552917,-0.6963753700256348,0.011614455841481686
216.409,0.04040618985891342,-0.9970329999923706,-0.06401720643043518,0.013938460499048233
216.711,0.015504266135394573,-0.7834795713424683,0.6206763982772827,-0.026081332936882973
217.019,0.012626697309315205,0.00423090998083353,0.99988853931427,-0.006754074711352587
217.321,0.012626697309315205,0.00423090998083353,0.99988853931427,-0.006754074711352587
217.622,0.002535130362957716,0.9910725355148315,-0.12874722480773926,-0.03453972190618515
217.924,-0.04683210700750351,0.6866657137870789,-0.7253866791725159,-0.010543785989284515
218.226,-0.0426456555724144,0.2346615344285965,-0.9691439867019653,0.062251295894384384
218.528,0.0645647719502449,-0.1784595549106598,-0.9768855571746826,0.09837748110294342
218.83,0.09216205775737762,-0.3756875991821289,-0.9193813800811768,0.07143451273441315
219.138,0.09216205775737762,-0.3756875991821289,-0.9193813800811768,0.07143451273441315
219.44,0.09216205775737762,-0.3756875991821289,-0.9193813800811768,0.07143451273441315
219.741,0.09216205775737762,-0.3756875991821289,-0.9193813800811768,0.07143451273441315
220.042,0.09216205775737762,-0.3756875991821289,-0.9193813800811768,0.07143451273441315
220.343,0.09216205775737762,-0.3756875991821289,-0.9193813800811768,0.07143451273441315
220.644,0.09216205775737762,-0.3756875991821289,-0.9193813800811768,0.07143451273441315
220.954,0.017878858372569084,-0.07178244739770889,0.9936807751655579,0.08441638946533203
221.377,0.017878858372569084,-0.07178244739770889,0.9936807751655579,0.08441638946533203
221.688,0.017878858372569084,-0.07178244739770889,0.9936807751655579,0.08441638946533203
221.989,0.017878858372569084,-0.07178244739770889,0.9936807751655579,0.08441638946533203
222.29,0.017878858372569084,-0.07178244739770889,0.9936807751655579,0.08441638946533203
222.566,0.025244947522878647,-0.8610221743583679,0.507932722568512,0.0028137986082583666
222.867,-0.023275746032595634,-0.9581848382949829,-0.2849634289741516,-0.011655937880277634
223.169,-0.025359194725751877,-0.22450688481330872,-0.9737058281898499,-0.02916443906724453
223.478,0.01606913097202778,0.9225375056266785,-0.385570764541626,-0.0012509131338447332
223.779,0.01606913097202778,0.9225375056266785,-0.385570764541626,-0.0012509131338447332
224.08,0.01606913097202778,0.9225375056266785,-0.385570764541626,-0.0012509131338447332
224.381,0.01606913097202778,0.9225375056266785,-0.385570764541626,-0.0012509131338447332
224.682,0.01606913097202778,0.9225375056266785,-0.385570764541626,-0.0012509131338447332
224.983,0.01606913097202778,0.9225375056266785,-0.385570764541626,-0.0012509131338447332
225.284,0.01606913097202778,0.9225375056266785,-0.385570764541626,-0.0012509131338447332
225.591,0.01606913097202778,0.9225375056266785,-0.385570764541626,-0.0012509131338447332
225.893,0.01606913097202778,0.9225375056266785,-0.385570764541626,-0.0012509131338447332
226.194,-0.024655833840370178,0.9450504183769226,0.3259565532207489,-0.0049118176102638245
226.496,0.008684947155416012,-0.5465342998504639,0.8369469046592712,0.027290020138025284
226.819,-0.006405456457287073,-0.7160210013389587,-0.6979411244392395,-0.012290621176362038
227.095,0.09017112106084824,-0.675973117351532,-0.731249988079071,0.014248650521039963
227.396,0.040866367518901825,-0.7563976049423218,-0.652151882648468,-0.029841573908925056
227.705,0.005503830499947071,-0.6815928220748901,-0.7309146523475647,-0.03412722423672676
228.006,0.005503830499947071,-0.6815928220748901,-0.7309146523475647,-0.03412722423672676
228.307,0.0424131378531456,-0.9134492874145508,-0.40473484992980957,0.0010878938483074307
228.609,0.03315255418419838,-0.7449446320533752,-0.6661829948425293,-0.012594230473041534
228.911,0.04729277268052101,-0.4295828640460968,-0.9003832936286926,0.05031825229525566
229.213,0.04729277268052101,-0.4295828640460968,-0.9003832936286926,0.05031825229525566
229.514,0.04729277268052101,-0.4295828640460968,-0.9003832936286926,0.05031825229525566
229.821,0.04729277268052101,-0.4295828640460968,-0.9003832936286926,0.05031825229525566
230.123,0.04729277268052101,-0.4295828640460968,-0.9003832936286926,0.05031825229525566
230.424,0.04729277268052101,-0.4295828640460968,-0.9003832936286926,0.05031825229525566
230.725,0.04729277268052101,-0.4295828640460968,-0.9003832936286926,0.05031825229525566
231.035,0.04729277268052101,-0.4295828640460968,-0.9003832936286926,0.05031825229525566
231.345,0.04729277268052101,-0.4295828640460968,-0.9003832936286926,0.05031825229525566
231.655,0.04729277268052101,-0.4295828640460968,-0.9003832936286926,0.05031825229525566
232.078,0.04729277268052101,-0.4295828640460968,-0.9003832936286926,0.05031825229525566
232.38,0.04729277268052101,-0.4295828640460968,-0.9003832936286926,0.05031825229525566
232.681,0.010796650312840939,0.47973403334617615,-0.8769636750221252,-0.0259498730301857
233.001,-0.015209736302495003,-0.429756224155426,-0.9005478620529175,-0.06396685540676117
233.277,-0.0035712181124836206,-0.9070862531661987,0.420900821685791,-0.0049262503162026405
233.578,0.011980218812823296,-0.4773716330528259,0.8777924180030823,-0.03812127932906151
233.88,0.01637517474591732,-0.01623452641069889,0.9978635907173157,-0.06112736091017723
234.188,0.01637517474591732,-0.01623452641069889,0.9978635907173157,-0.06112736091017723
234.489,0.01637517474591732,-0.01623452641069889,0.9978635907173157,-0.06112736091017723
234.79,0.01637517474591732,-0.01623452641069889,0.9978635907173157,-0.06112736091017723
235.091,0.01637517474591732,-0.01623452641069889,0.9978635907173157,-0.06112736091017723
235.392,0.01637517474591732,-0.01623452641069889,0.9978635907173157,-0.06112736091017723
235.693,0.01637517474591732,-0.01623452641069889,0.9978635907173157,-0.06112736091017723
235.994,0.01637517474591732,-0.01623452641069889,0.9978635907173157,-0.06112736091017723
236.301,-0.030767111107707024,-0.8028236627578735,-0.5925118327140808,0.05879836902022362
236.603,-0.030767111107707024,-0.8028236627578735,-0.5925118327140808,0.05879836902022362
236.904,-0.002192978747189045,-0.7707759141921997,0.6365638375282288,0.0261941310018301
237.206,0.03772077336907387,-0.14887337386608124,0.9881153702735901,-0.006471638567745686
237.529,-0.01182363461703062,0.4080713987350464,0.9128719568252563,0.0016573683824390173
237.804,-0.01043904572725296,0.8647708296775818,0.5015299916267395,0.023023268207907677
238.106,-0.00811651349067688,0.9958277344703674,-0.09031850844621658,0.010188343934714794
238.415,0.0015577112790197134,0.9334960579872131,-0.357879638671875,-0.022469500079751015
238.716,0.0015577112790197134,0.9334960579872131,-0.357879638671875,-0.022469500079751015
239.017,0.0327499657869339,0.9860585331916809,0.16291873157024384,-0.008571907877922058
239.319,0.0327499657869339,0.9860585331916809,0.16291873157024384,-0.008571907877922058
239.62,0.0327499657869339,0.9860585331916809,0.16291873157024384,-0.008571907877922058
239.921,0.0327499657869339,0.9860585331916809,0.16291873157024384,-0.008571907877922058
240.222,0.0327499657869339,0.9860585331916809,0.16291873157024384,-0.008571907877922058
240.529,0.0327499657869339,0.9860585331916809,0.16291873157024384,-0.008571907877922058
240.831,0.0327499657869339,0.9860585331916809,0.16291873157024384,-0.008571907877922058
241.141,0.0327499657869339,0.9860585331916809,0.16291873157024384,-0.008571907877922058
241.451,0.0327499657869339,0.9860585331916809,0.16291873157024384,-0.008571907877922058
241.761,0.0327499657869339,0.9860585331916809,0.16291873157024384,-0.008571907877922058
242.071,0.0327499657869339,0.9860585331916809,0.16291873157024384,-0.008571907877922058
242.372,0.0327499657869339,0.9860585331916809,0.16291873157024384,-0.008571907877922058
242.679,0.05701099708676338,-0.006468677893280983,0.9973844885826111,0.04395557940006256
242.981,0.05701099708676338,-0.006468677893280983,0.9973844885826111,0.04395557940006256
243.282,0.015608273446559906,0.2077326774597168,0.9770327210426331,0.04483969882130623
243.584,0.061840977519750595,0.5729251503944397,0.8171643614768982,-0.01322507206350565
243.886,0.09005741775035858,0.7020969986915588,0.7055261731147766,-0.034384265542030334
244.188,0.06258726119995117,0.03378784656524658,0.9972943067550659,-0.018580319359898567
244.49,0.06258726119995117,0.03378784656524658,0.9972943067550659,-0.018580319359898567
244.798,0.06258726119995117,0.03378784656524658,0.9972943067550659,-0.018580319359898567
245.099,0.06258726119995117,0.03378784656524658,0.9972943067550659,-0.018580319359898567
245.4,0.06258726119995117,0.03378784656524658,0.9972943067550659,-0.018580319359898567
245.701,0.06258726119995117,0.03378784656524658,0.9972943067550659,-0.018580319359898567
246.002,0.06258726119995117,0.03378784656524658,0.9972943067550659,-0.018580319359898567
246.308,0.06258726119995117,0.03378784656524658,0.9972943067550659,-0.018580319359898567
246.584,0.03684551268815994,-0.7988123893737793,-0.5999568700790405,0.024351079016923904
246.891,0.03811534494161606,-0.9986492395401001,-0.03523717448115349,-0.0022985776886343956
247.193,0.03811534494161606,-0.9986492395401001,-0.03523717448115349,-0.0022985776886343956
247.494,-0.05464482679963112,-0.7009379863739014,0.7110185027122498,-0.012353467755019665
247.796,-0.03072010725736618,-0.5757447481155396,0.8149462342262268,0.05862472951412201
248.098,-0.029857588931918144,-0.5493608117103577,0.8331557512283325,0.056237801909446716
248.4,-0.04568812623620033,-0.5601937174797058,0.8240946531295776,0.07045259326696396
248.702,-0.04123888909816742,-0.6084746718406677,0.7830958366394043,0.12173257768154144
249.01,-0.07766257971525192,-0.718931257724762,0.6868661046028137,0.07294748723506927
249.312,-0.07766257971525192,-0.718931257724762,0.6868661046028137,0.07294748723506927
249.613,-0.07766257971525192,-0.718931257724762,0.6868661046028137,0.07294748723506927
249.914,-0.07766257971525192,-0.718931257724762,0.6868661046028137,0.07294748723506927
250.215,-0.07766257971525192,-0.718931257724762,0.6868661046028137,0.07294748723506927
250.516,-0.07766257971525192,-0.718931257724762,0.6868661046028137,0.07294748723506927
250.817,-0.07766257971525192,-0.718931257724762,0.6868661046028137,0.07294748723506927
251.124,-0.07766257971525192,-0.718931257724762,0.6868661046028137,0.07294748723506927
251.434,-0.07766257971525192,-0.718931257724762,0.6868661046028137,0.07294748723506927
251.744,-0.07766257971525192,-0.718931257724762,0.6868661046028137,0.07294748723506927
252.054,-0.07766257971525192,-0.718931257724762,0.6868661046028137,0.07294748723506927
252.364,-0.07766257971525192,-0.718931257724762,0.6868661046028137,0.07294748723506927
252.665,-0.07766257971525192,-0.718931257724762,0.6868661046028137,0.07294748723506927
252.966,0.00809926725924015,-0.9983333945274353,0.0527731329202652,-0.02190513163805008
253.274,0.03501272201538086,-0.1507260948419571,-0.9876898527145386,0.022902224212884903
253.592,0.03501272201538086,-0.1507260948419571,-0.9876898527145386,0.022902224212884903
253.867,0.007354397792369127,0.40876179933547974,-0.9102945923805237,-0.06498847156763077
254.169,-0.013198294676840305,-0.11423923075199127,-0.9928702116012573,-0.031368058174848557
254.471,-0.013198294676840305,-0.11423923075199127,-0.9928702116012573,-0.031368058174848557
254.772,-0.013198294676840305,-0.11423923075199127,-0.9928702116012573,-0.031368058174848557
255.073,-0.013198294676840305,-0.11423923075199127,-0.9928702116012573,-0.031368058174848557
255.38,-0.013198294676840305,-0.11423923075199127,-0.9928702116012573,-0.031368058174848557
255.682,-0.013198294676840305,-0.11423923075199127,-0.9928702116012573,-0.031368058174848557
255.983,-0.013198294676840305,-0.11423923075199127,-0.9928702116012573,-0.031368058174848557
256.284,-0.013198294676840305,-0.11423923075199127,-0.9928702116012573,-0.031368058174848557
256.585,-0.010034743696451187,0.5759347677230835,-0.8173964023590088,0.007845423184335232
256.887,-0.05616132915019989,0.7748647332191467,-0.6278014779090881,-0.047915052622556686
257.189,-0.05985330045223236,0.7709797620773315,-0.6264665722846985,-0.09771076589822769
257.498,-0.022538485005497932,0.6315172910690308,-0.772596538066864,-0.061421215534210205
257.799,-0.022538485005497932,0.6315172910690308,-0.772596538066864,-0.061421215534210205
258.12,-0.07745377719402313,0.524507999420166,-0.8469038009643555,0.0405731201171875
258.395,-0.041016608476638794,0.4644855260848999,-0.8844229578971863,0.01915505900979042
258.697,-0.04251764342188835,0.2698802649974823,-0.960641622543335,0.050245653837919235
258.999,-0.03389175981283188,-0.12345516681671143,-0.9891892671585083,0.07151735574007034
259.301,0.005234334152191877,-0.19560924172401428,-0.980544924736023,0.015534765087068081
259.609,0.005234334152191877,-0.19560924172401428,-0.980544924736023,0.015534765087068081
259.911,0.005234334152191877,-0.19560924172401428,-0.980544924736023,0.015534765087068081
260.212,0.005234334152191877,-0.19560924172401428,-0.980544924736023,0.015534765087068081
260.513,0.005234334152191877,-0.19560924172401428,-0.980544924736023,0.015534765087068081
260.814,0.005234334152191877,-0.19560924172401428,-0.980544924736023,0.015534765087068081
261.115,0.005234334152191877,-0.19560924172401428,-0.980544924736023,0.015534765087068081
261.416,0.005234334152191877,-0.19560924172401428,-0.980544924736023,0.015534765087068081
261.839,0.0038202102296054363,-0.3165937066078186,-0.9423049688339233,-0.1086975708603859
262.15,0.0038202102296054363,-0.3165937066078186,-0.9423049688339233,-0.1086975708603859
262.46,0.0038202102296054363,-0.3165937066078186,-0.9423049688339233,-0.1086975708603859
262.761,0.0038202102296054363,-0.3165937066078186,-0.9423049688339233,-0.1086975708603859
263.062,-0.010085870511829853,0.8343276977539062,0.550878643989563,-0.01811770349740982
263.364,-0.05998579412698746,0.009631033055484295,0.9979357719421387,0.02081305906176567
263.666,-0.11372698098421097,-0.40562495589256287,0.906877875328064,0.010348878800868988
263.975,-0.07899124920368195,-0.45156440138816833,0.8862918615341187,0.06585380434989929
264.301,-0.07899124920368195,-0.45156440138816833,0.8862918615341187,0.06585380434989929
264.602,-0.07899124920368195,-0.45156440138816833,0.8862918615341187,0.06585380434989929
264.903,-0.07899124920368195,-0.45156440138816833,0.8862918615341187,0.06585380434989929
265.204,-0.07899124920368195,-0.45156440138816833,0.8862918615341187,0.06585380434989929
265.505,-0.07899124920368195,-0.45156440138816833,0.8862918615341187,0.06585380434989929
265.806,-0.07899124920368195,-0.45156440138816833,0.8862918615341187,0.06585380434989929
266.113,-0.07899124920368195,-0.45156440138816833,0.8862918615341187,0.06585380434989929
266.415,-0.07899124920368195,-0.45156440138816833,0.8862918615341187,0.06585380434989929
266.716,-0.011489715427160263,-0.4390300512313843,-0.8983852863311768,0.0049489340744912624
267.018,-0.02583140879869461,-0.3663174510002136,-0.9300674200057983,0.010902564972639084
267.32,0.014393040910363197,-0.15828587114810944,-0.9872851967811584,0.0025207200087606907
267.622,0.012633786536753178,0.1460021734237671,-0.9890820980072021,-0.015503809787333012
267.924,-0.0041445097886025906,-0.006761737167835236,-0.9998046159744263,0.018105993047356606
268.232,0.030752111226320267,-0.8309058547019958,-0.5542322397232056,0.03842311352491379
268.552,0.030752111226320267,-0.8309058547019958,-0.5542322397232056,0.03842311352491379
268.828,-0.06449343264102936,-0.5423030853271484,0.8375484347343445,-0.016143588349223137
269.129,-0.017801575362682343,-0.8971905708312988,0.4381880462169647,0.05218636989593506
269.431,0.06234990805387497,-0.3110108971595764,-0.9483398795127869,-0.006010437849909067
269.733,0.06234990805387497,-0.3110108971595764,-0.9483398795127869,-0.006010437849909067
270.034,0.06234990805387497,-0.3110108971595764,-0.9483398795127869,-0.006010437849909067
270.341,0.06234990805387497,-0.3110108971595764,-0.9483398795127869,-0.006010437849909067
270.642,0.06234990805387497,-0.3110108971595764,-0.9483398795127869,-0.006010437849909067
270.943,0.06234990805387497,-0.3110108971595764,-0.9483398795127869,-0.006010437849909067
271.244,0.06234990805387497,-0.3110108971595764,-0.9483398795127869,-0.006010437849909067
271.545,0.06234990805387497,-0.3110108971595764,-0.9483398795127869,-0.006010437849909067
271.855,-0.009187314659357071,0.9963049292564392,0.08031781762838364,0.02900128811597824
272.165,-0.009187314659357071,0.9963049292564392,0.08031781762838364,0.02900128811597824
272.588,-0.009187314659357071,0.9963049292564392,0.08031781762838364,0.02900128811597824
272.89,-0.009187314659357071,0.9963049292564392,0.08031781762838364,0.02900128811597824
273.191,0.03633025661110878,-0.8671355247497559,-0.4967004656791687,-0.006689711939543486
273.493,0.011209286749362946,-0.9736578464508057,0.21276554465293884,-0.08121337741613388
273.795,-0.03174608573317528,-0.6018891334533691,0.7964944839477539,-0.048147376626729965
274.097,0.004887030925601721,-0.10239411890506744,0.9947067499160767,-0.007073162589222193
274.399,0.01890980452299118,0.36372071504592896,0.9312284588813782,-0.012774841859936714
274.707,0.033032406121492386,0.6348738074302673,0.771817147731781,0.0119329784065485
275.008,0.033032406121492386,0.6348738074302673,0.771817147731781,0.0119329784065485
275.309,0.033032406121492386,0.6348738074302673,0.771817147731781,0.0119329784065485
275.61,0.033032406121492386,0.6348738074302673,0.771817147731781,0.0119329784065485
275.911,0.033032406121492386,0.6348738074302673,0.771817147731781,0.0119329784065485
276.212,0.033032406121492386,0.6348738074302673,0.771817147731781,0.0119329784065485
276.513,0.033032406121492386,0.6348738074302673,0.771817147731781,0.0119329784065485
276.82,0.031163621693849564,0.5245140790939331,-0.8505237102508545,0.022874686866998672
277.122,0.031163621693849564,0.5245140790939331,-0.8505237102508545,0.022874686866998672
277.423,0.01136703696101904,-0.9965465664863586,0.0777205303311348,0.026931513100862503
277.725,0.03417056053876877,-0.4229881465435028,0.9049233198165894,-0.03204973414540291
278.027,0.01167463418096304,0.43805423378944397,0.8967938423156738,-0.06109805032610893
278.329,-0.012479780241847038,0.8758214116096497,0.4815516769886017,-0.029817571863532066
278.631,0.0487106516957283,0.9877036213874817,0.148493692278862,-0.004302061162889004
278.939,0.02837465889751911,0.9688476324081421,0.24573050439357758,-0.012071029283106327
279.262,0.02837465889751911,0.9688476324081421,0.24573050439357758,-0.012071029283106327
279.537,0.032650090754032135,-0.8252615332603455,-0.5632861852645874,-0.02420870028436184
279.839,0.032650090754032135,-0.8252615332603455,-0.5632861852645874,-0.02420870028436184
280.14,0.032650090754032135,-0.8252615332603455,-0.5632861852645874,-0.02420870028436184
280.441,0.032650090754032135,-0.8252615332603455,-0.5632861852645874,-0.02420870028436184
280.742,0.032650090754032135,-0.8252615332603455,-0.5632861852645874,-0.02420870028436184
281.049,0.032650090754032135,-0.8252615332603455,-0.5632861852645874,-0.02420870028436184
281.35,0.032650090754032135,-0.8252615332603455,-0.5632861852645874,-0.02420870028436184
281.651,0.032650090754032135,-0.8252615332603455,-0.5632861852645874,-0.02420870028436184
281.961,-0.029968030750751495,0.2377091646194458,0.9706082344055176,-0.022713838145136833
282.271,-0.029968030750751495,0.2377091646194458,0.9706082344055176,-0.022713838145136833
282.581,-0.029968030750751495,0.2377091646194458,0.9706082344055176,-0.022713838145136833
282.891,-0.029968030750751495,0.2377091646194458,0.9706082344055176,-0.022713838145136833
283.198,-0.029968030750751495,0.2377091646194458,0.9706082344055176,-0.022713838145136833
283.513,-0.029968030750751495,0.2377091646194458,0.9706082344055176,-0.022713838145136833
283.789,0.009609338827431202,-0.16532686352729797,-0.9815296530723572,0.09578235447406769
284.091,0.008514263667166233,0.10759687423706055,-0.9901805520057678,0.08884181827306747
284.393,-0.05313771218061447,0.5159663558006287,-0.8548110723495483,0.015908988192677498
284.695,-0.0500636100769043,0.6813258528709412,-0.7243165969848633,-0.09302758425474167
284.997,-0.0500636100769043,0.6813258528709412,-0.7243165969848633,-0.09302758425474167
285.305,-0.0500636100769043,0.6813258528709412,-0.7243165969848633,-0.09302758425474167
285.606,-0.0500636100769043,0.6813258528709412,-0.7243165969848633,-0.09302758425474167
285.907,-0.0500636100769043,0.6813258528709412,-0.7243165969848633,-0.09302758425474167
286.208,-0.0500636100769043,0.6813258528709412,-0.7243165969848633,-0.09302758425474167
286.509,-0.0500636100769043,0.6813258528709412,-0.7243165969848633,-0.09302758425474167
286.81,-0.0500636100769043,0.6813258528709412,-0.7243165969848633,-0.09302758425474167
287.111,-0.04603949189186096,0.9214645028114319,-0.38572296500205994,-0.001171301817521453
287.419,-0.04736485332250595,0.9916850328445435,-0.11060704290866852,-0.045644864439964294
287.72,-0.04736485332250595,0.9916850328445435,-0.11060704290866852,-0.045644864439964294
288.042,-0.03406218811869621,0.982181191444397,0.17658807337284088,-0.05455722287297249
288.317,0.06231746822595596,0.996406614780426,0.01899654045701027,-0.05412529408931732
288.619,0.026151008903980255,0.8207215070724487,-0.5695579648017883,-0.03655202314257622
288.921,-0.04416542872786522,0.32486143708229065,-0.9443879723548889,-0.02541222982108593
289.222,-0.038715168833732605,-0.10122188180685043,-0.9937869906425476,0.0253521166741848
289.53,0.02075509913265705,-0.3929460644721985,-0.9190447330474854,0.022788947448134422
289.832,0.02075509913265705,-0.3929460644721985,-0.9190447330474854,0.022788947448134422
290.133,0.02075509913265705,-0.3929460644721985,-0.9190447330474854,0.022788947448134422
290.434,0.02075509913265705,-0.3929460644721985,-0.9190447330474854,0.022788947448134422
290.735,0.02075509913265705,-0.3929460644721985,-0.9190447330474854,0.022788947448134422
291.036,0.02075509913265705,-0.3929460644721985,-0.9190447330474854,0.022788947448134422
291.337,0.02075509913265705,-0.3929460644721985,-0.9190447330474854,0.022788947448134422
291.644,0.02075509913265705,-0.3929460644721985,-0.9190447330474854,0.022788947448134422
291.946,0.02075509913265705,-0.3929460644721985,-0.9190447330474854,0.022788947448134422
292.256,-0.007199149113148451,-0.9884687662124634,0.14782534539699554,-0.03202122077345848
292.566,-0.007199149113148451,-0.9884687662124634,0.14782534539699554,-0.03202122077345848
292.876,-0.007199149113148451,-0.9884687662124634,0.14782534539699554,-0.03202122077345848
293.186,-0.007199149113148451,-0.9884687662124634,0.14782534539699554,-0.03202122077345848
293.487,-0.007199149113148451,-0.9884687662124634,0.14782534539699554,-0.03202122077345848
293.794,-0.031292904168367386,-0.6425662040710449,0.7655820846557617,-0.0036706291139125824
294.096,-0.031292904168367386,-0.6425662040710449,0.7655820846557617,-0.0036706291139125824
294.397,0.017611689865589142,-0.7590237259864807,-0.6508210301399231,-0.0021907540503889322
294.699,0.006811508908867836,-0.3121914863586426,-0.9496784210205078,0.02451454848051071
295.001,-0.02431672438979149,0.042932190001010895,-0.9964609742164612,0.06805205345153809
295.303,-0.02431672438979149,0.042932190001010895,-0.9964609742164612,0.06805205345153809
295.604,-0.02431672438979149,0.042932190001010895,-0.9964609742164612,0.06805205345153809
295.911,-0.02431672438979149,0.042932190001010895,-0.9964609742164612,0.06805205345153809
296.212,-0.02431672438979149,0.042932190001010895,-0.9964609742164612,0.06805205345153809
296.513,-0.02431672438979149,0.042932190001010895,-0.9964609742164612,0.06805205345153809
296.814,-0.02431672438979149,0.042932190001010895,-0.9964609742164612,0.06805205345153809
297.115,0.034023452550172806,0.8135161399841309,0.5797237753868103,-0.030889857560396194
297.417,-0.03792082890868187,0.911837637424469,0.408795028924942,0.0008907872252166271
297.719,-0.08250200748443604,0.9242777824401855,0.3719478249549866,0.023638121783733368
298.027,-0.07472825795412064,0.9099396467208862,0.40676525235176086,0.03110598400235176
298.329,-0.07472825795412064,0.9099396467208862,0.40676525235176086,0.03110598400235176
298.63,-0.06895522773265839,0.7359464764595032,0.6731089949607849,0.02350003458559513
298.932,-0.03550022467970848,0.5566414594650269,0.8297591209411621,-0.01974363811314106
299.234,0.04953812062740326,0.47736018896102905,0.8749008774757385,-0.06497487425804138
299.536,0.03317698463797569,0.9768505096435547,0.21027404069900513,-0.02114647440612316
299.854,-0.016876567155122757,-0.6087232232093811,-0.793142557144165,0.009803123772144318
300.162,-0.016876567155122757,-0.6087232232093811,-0.793142557144165,0.009803123772144318
300.463,-0.016876567155122757,-0.6087232232093811,-0.793142557144165,0.009803123772144318
300.764,-0.016876567155122757,-0.6087232232093811,-0.793142557144165,0.009803123772144318
301.065,-0.016876567155122757,-0.6087232232093811,-0.793142557144165,0.009803123772144318
301.366,-0.016876567155122757,-0.6087232232093811,-0.793142557144165,0.009803123772144318
301.667,-0.016876567155122757,-0.6087232232093811,-0.793142557144165,0.009803123772144318
301.968,-0.016876567155122757,-0.6087232232093811,-0.793142557144165,0.009803123772144318
302.392,-0.045230139046907425,0.07084398716688156,0.9964211583137512,-0.008954991586506367
302.812,-0.045230139046907425,0.07084398716688156,0.9964211583137512,-0.008954991586506367
303.122,-0.045230139046907425,0.07084398716688156,0.9964211583137512,-0.008954991586506367
303.423,-0.045230139046907425,0.07084398716688156,0.9964211583137512,-0.008954991586506367
303.724,0.014394068159162998,0.4203888475894928,-0.9072030186653137,0.006979205179959536
304.026,-0.06472151726484299,0.7346394658088684,-0.6752156019210815,-0.014137129299342632
304.335,-0.1139923557639122,0.8601804375648499,-0.4964759349822998,-0.02463708072900772
304.66,-0.1139923557639122,0.8601804375648499,-0.4964759349822998,-0.02463708072900772
304.936,0.021960526704788208,0.8353114724159241,0.5487863421440125,-0.02461777999997139
305.237,0.021960526704788208,0.8353114724159241,0.5487863421440125,-0.02461777999997139
305.538,0.021960526704788208,0.8353114724159241,0.5487863421440125,-0.02461777999997139
305.839,0.021960526704788208,0.8353114724159241,0.5487863421440125,-0.02461777999997139
306.14,0.021960526704788208,0.8353114724159241,0.5487863421440125,-0.02461777999997139
306.447,0.021960526704788208,0.8353114724159241,0.5487863421440125,-0.02461777999997139
306.749,0.021960526704788208,0.8353114724159241,0.5487863421440125,-0.02461777999997139
307.05,0.021960526704788208,0.8353114724159241,0.5487863421440125,-0.02461777999997139
307.351,0.04375585541129112,-0.7107263207435608,0.7000094056129456,0.054225169122219086
307.653,0.04375585541129112,-0.7107263207435608,0.7000094056129456,0.054225169122219086
307.954,-0.023159915581345558,-0.19720487296581268,-0.978277325630188,-0.05955960229039192
308.256,-0.032767750322818756,0.8013707995414734,-0.5961406826972961,0.03670690581202507
308.564,-0.02768230438232422,0.9129803776741028,0.4045238494873047,-0.04539751634001732
308.866,-0.02768230438232422,0.9129803776741028,0.4045238494873047,-0.04539751634001732
309.188,0.029225148260593414,0.5564711093902588,0.8302995562553406,0.009403838776051998
309.464,-0.052810441702604294,0.25747257471084595,-0.9647922515869141,-0.009741638787090778
309.765,-0.009850148111581802,-0.7656788229942322,-0.6420484781265259,0.03758611902594566
310.067,0.022297058254480362,-0.94806307554245,0.31658288836479187,0.021320533007383347
310.369,0.022297058254480362,-0.94806307554245,0.31658288836479187,0.021320533007383347
310.676,0.022297058254480362,-0.94806307554245,0.31658288836479187,0.021320533007383347
310.978,0.022297058254480362,-0.94806307554245,0.31658288836479187,0.021320533007383347
311.279,0.022297058254480362,-0.94806307554245,0.31658288836479187,0.021320533007383347
311.58,0.022297058254480362,-0.94806307554245,0.31658288836479187,0.021320533007383347
311.881,0.022297058254480362,-0.94806307554245,0.31658288836479187,0.021320533007383347
312.182,0.022297058254480362,-0.94806307554245,0.31658288836479187,0.021320533007383347
312.492,0.004215526860207319,0.4972854256629944,-0.8674023747444153,0.017392683774232864
312.915,0.004215526860207319,0.4972854256629944,-0.8674023747444153,0.017392683774232864
313.226,0.004215526860207319,0.4972854256629944,-0.8674023747444153,0.017392683774232864
313.527,0.004215526860207319,0.4972854256629944,-0.8674023747444153,0.017392683774232864
313.828,-0.0804479792714119,-0.8502233028411865,-0.5201646685600281,0.008781911805272102
314.13,-0.07829661667346954,-0.4797849953174591,-0.8738217949867249,-0.010558683425188065
314.432,0.0047730375081300735,0.16895142197608948,-0.9855768084526062,0.008423630148172379
314.734,0.038945283740758896,0.3364151418209076,-0.9408660531044006,0.008898705244064331
315.043,0.0420369915664196,-0.2562108337879181,-0.9653492569923401,-0.0262617040425539
315.344,0.0420369915664196,-0.2562108337879181,-0.9653492569923401,-0.0262617040425539
315.645,0.0420369915664196,-0.2562108337879181,-0.9653492569923401,-0.0262617040425539
315.946,0.0420369915664196,-0.2562108337879181,-0.9653492569923401,-0.0262617040425539
316.247,0.0420369915664196,-0.2562108337879181,-0.9653492569923401,-0.0262617040425539
316.548,0.0420369915664196,-0.2562108337879181,-0.9653492569923401,-0.0262617040425539
316.849,0.0420369915664196,-0.2562108337879181,-0.9653492569923401,-0.0262617040425539
317.156,0.0420369915664196,-0.2562108337879181,-0.9653492569923401,-0.0262617040425539
317.458,0.0420369915664196,-0.2562108337879181,-0.9653492569923401,-0.0262617040425539
317.759,-0.0820629745721817,-0.6521461009979248,-0.7507054805755615,-0.06642582267522812
318.061,0.01913660764694214,-0.9941927194595337,0.10554815083742142,-0.008612997829914093
318.363,0.03047448955476284,-0.5541328191757202,0.8315258026123047,-0.023937085643410683
318.665,0.03047448955476284,-0.5541328191757202,0.8315258026123047,-0.023937085643410683
318.966,0.0008912471821531653,-0.22736841440200806,0.9692028164863586,-0.09459740668535233
319.275,0.03939229995012283,0.053706634789705276,0.9951335787773132,-0.07261515408754349
319.576,0.03939229995012283,0.053706634789705276,0.9951335787773132,-0.07261515408754349
319.899,-0.027851445600390434,0.9785856008529663,-0.1920400708913803,0.06866654753684998
320.174,0.010730583220720291,0.9857028126716614,-0.16549566388130188,0.029765278100967407
320.476,0.010730583220720291,0.9857028126716614,-0.16549566388130188,0.029765278100967407
320.777,0.010730583220720291,0.9857028126716614,-0.16549566388130188,0.029765278100967407
321.078,0.010730583220720291,0.9857028126716614,-0.16549566388130188,0.029765278100967407
321.385,0.010730583220720291,0.9857028126716614,-0.16549566388130188,0.029765278100967407
321.686,0.010730583220720291,0.9857028126716614,-0.16549566388130188,0.029765278100967407
321.987,0.010730583220720291,0.9857028126716614,-0.16549566388130188,0.029765278100967407
322.288,0.010730583220720291,0.9857028126716614,-0.16549566388130188,0.029765278100967407
322.598,0.011257972568273544,-0.3043934404850006,-0.9524720311164856,0.003867477411404252
322.908,0.011257972568273544,-0.3043934404850006,-0.9524720311164856,0.003867477411404252
323.218,0.011257972568273544,-0.3043934404850006,-0.9524720311164856,0.003867477411404252
323.641,0.011257972568273544,-0.3043934404850006,-0.9524720311164856,0.003867477411404252
323.943,0.011257972568273544,-0.3043934404850006,-0.9524720311164856,0.003867477411404252
324.244,-0.014150449074804783,-0.8860291242599487,0.4625737965106964,0.027886610478162766
324.546,-0.05797654017806053,-0.9502474665641785,-0.3059965670108795,0.005876807030290365
324.848,0.02798192948102951,0.04687497392296791,-0.9984181523323059,-0.013452580198645592
325.15,0.04413750767707825,0.8579526543617249,-0.5092464089393616,0.05135415121912956
325.452,-0.03357824310660362,0.8442732095718384,-0.5339043140411377,0.03195974975824356
325.76,-0.03357824310660362,0.8442732095718384,-0.5339043140411377,0.03195974975824356
326.061,-0.03357824310660362,0.8442732095718384,-0.5339043140411377,0.03195974975824356
326.362,-0.03357824310660362,0.8442732095718384,-0.5339043140411377,0.03195974975824356
326.663,-0.03357824310660362,0.8442732095718384,-0.5339043140411377,0.03195974975824356
326.964,-0.03357824310660362,0.8442732095718384,-0.5339043140411377,0.03195974975824356
327.265,-0.03357824310660362,0.8442732095718384,-0.5339043140411377,0.03195974975824356
327.576,-0.03357824310660362,0.8442732095718384,-0.5339043140411377,0.03195974975824356
327.858,-0.06653819978237152,0.9955896735191345,-0.04727299511432648,-0.04625070467591286
328.16,-0.06653819978237152,0.9955896735191345,-0.04727299511432648,-0.04625070467591286
328.461,-0.06691840291023254,0.4521280527114868,-0.888563871383667,-0.03945104032754898
328.763,0.016957391053438187,-0.08429571986198425,-0.9962396025657654,-0.010643146000802517
329.065,0.027025220915675163,0.36145681142807007,-0.9313333630561829,-0.03516724333167076
329.367,-0.02644079551100731,0.9320893883705139,0.36066702008247375,0.020726950839161873
329.669,-0.02644079551100731,0.9320893883705139,0.36066702008247375,0.020726950839161873
329.977,0.06147325411438942,0.30488917231559753,0.9453153610229492,-0.09819629788398743
330.278,0.06147325411438942,0.30488917231559753,0.9453153610229492,-0.09819629788398743
330.579,-0.029563885182142258,0.9985554218292236,0.041670408099889755,0.01663026213645935
330.881,-0.029563885182142258,0.9985554218292236,0.041670408099889755,0.01663026213645935
331.182,-0.029563885182142258,0.9985554218292236,0.041670408099889755,0.01663026213645935
331.483,-0.029563885182142258,0.9985554218292236,0.041670408099889755,0.01663026213645935
331.784,-0.029563885182142258,0.9985554218292236,0.041670408099889755,0.01663026213645935
332.091,-0.029563885182142258,0.9985554218292236,0.041670408099889755,0.01663026213645935
332.392,-0.029563885182142258,0.9985554218292236,0.041670408099889755,0.01663026213645935
332.702,-0.10169990360736847,0.8975248336791992,0.42904427647590637,0.005230519454926252
333.012,-0.10169990360736847,0.8975248336791992,0.42904427647590637,0.005230519454926252
333.322,-0.10169990360736847,0.8975248336791992,0.42904427647590637,0.005230519454926252
333.632,-0.10169990360736847,0.8975248336791992,0.42904427647590637,0.005230519454926252
333.933,-0.10169990360736847,0.8975248336791992,0.42904427647590637,0.005230519454926252
334.24,0.05303887277841568,0.3860437273979187,-0.9209080338478088,-0.009249419905245304
334.542,0.05303887277841568,0.3860437273979187,-0.9209080338478088,-0.009249419905245304
334.843,0.02063879370689392,0.8054233193397522,-0.5921034812927246,-0.01675550267100334
335.144,-0.004666340071707964,0.4545052647590637,-0.8905054330825806,0.020082086324691772
335.446,0.024972712621092796,-0.15167322754859924,-0.9881000518798828,-0.00546391773968935
335.748,0.024972712621092796,-0.15167322754859924,-0.9881000518798828,-0.00546391773968935
336.049,0.024972712621092796,-0.15167322754859924,-0.9881000518798828,-0.00546391773968935
336.356,0.024972712621092796,-0.15167322754859924,-0.9881000518798828,-0.00546391773968935
336.657,0.024972712621092796,-0.15167322754859924,-0.9881000518798828,-0.00546391773968935
336.958,0.024972712621092796,-0.15167322754859924,-0.9881000518798828,-0.00546391773968935
337.259,0.024972712621092796,-0.15167322754859924,-0.9881000518798828,-0.00546391773968935
337.56,0.024972712621092796,-0.15167322754859924,-0.9881000518798828,-0.00546391773968935
337.861,0.031174009665846825,-0.9862106442451477,0.16231085360050201,0.008482969366014004
338.163,0.011268584989011288,-0.990815281867981,-0.12739422917366028,0.04391806945204735
338.471,-0.012193570844829082,-0.9459638595581055,-0.3193938434123993,0.054692067205905914
338.773,-0.012193570844829082,-0.9459638595581055,-0.3193938434123993,0.054692067205905914
339.074,0.04694296419620514,-0.9448282718658447,-0.32198336720466614,0.03771691024303436
339.389,0.0564277246594429,-0.9743179678916931,-0.2112279236316681,0.053881414234638214
339.664,0.02226400189101696,-0.9870163798332214,-0.15776510536670685,-0.020326266065239906
339.966,0.022355182096362114,-0.9399203658103943,-0.33403506875038147,-0.06686188280582428
340.268,0.022355182096362114,-0.9399203658103943,-0.33403506875038147,-0.06686188280582428
340.575,0.018971644341945648,-0.04530952498316765,-0.9980995655059814,-0.037208061665296555
340.877,0.018971644341945648,-0.04530952498316765,-0.9980995655059814,-0.037208061665296555
341.178,0.018971644341945648,-0.04530952498316765,-0.9980995655059814,-0.037208061665296555
341.479,0.018971644341945648,-0.04530952498316765,-0.9980995655059814,-0.037208061665296555
341.78,0.018971644341945648,-0.04530952498316765,-0.9980995655059814,-0.037208061665296555
342.081,0.018971644341945648,-0.04530952498316765,-0.9980995655059814,-0.037208061665296555
342.382,0.018971644341945648,-0.04530952498316765,-0.9980995655059814,-0.037208061665296555
342.69,0.018971644341945648,-0.04530952498316765,-0.9980995655059814,-0.037208061665296555
343,0.018971644341945648,-0.04530952498316765,-0.9980995655059814,-0.037208061665296555
343.31,0.018971644341945648,-0.04530952498316765,-0.9980995655059814,-0.037208061665296555
343.62,0.018971644341945648,-0.04530952498316765,-0.9980995655059814,-0.037208061665296555
343.93,0.018971644341945648,-0.04530952498316765,-0.9980995655059814,-0.037208061665296555
344.231,0.018971644341945648,-0.04530952498316765,-0.9980995655059814,-0.037208061665296555
344.532,0.015712950378656387,0.39154788851737976,-0.9181534647941589,0.058630816638469696
344.84,-0.029103824868798256,0.9272797703742981,0.37323567271232605,-0.0005724715883843601
345.141,-0.029103824868798256,0.9272797703742981,0.37323567271232605,-0.0005724715883843601
345.442,0.002734394045546651,-0.7644277215003967,-0.6446859240531921,0.00477434229105711
345.744,-0.0033059222623705864,0.46721482276916504,-0.8840785622596741,0.010218794457614422
346.046,-0.0033059222623705864,0.46721482276916504,-0.8840785622596741,0.010218794457614422
346.347,-0.0033059222623705864,0.46721482276916504,-0.8840785622596741,0.010218794457614422
346.648,-0.0033059222623705864,0.46721482276916504,-0.8840785622596741,0.010218794457614422
346.955,-0.0033059222623705864,0.46721482276916504,-0.8840785622596741,0.010218794457614422
347.257,-0.0033059222623705864,0.46721482276916504,-0.8840785622596741,0.010218794457614422
347.558,-0.0033059222623705864,0.46721482276916504,-0.8840785622596741,0.010218794457614422
347.892,-0.0033059222623705864,0.46721482276916504,-0.8840785622596741,0.010218794457614422
348.168,0.0033505824394524097,-0.8306881189346313,0.5566837787628174,-0.007018394768238068
348.47,0.012485170736908913,0.288629949092865,0.9572900533676147,0.011515465565025806
348.772,0.0034142457880079746,0.947327733039856,0.3199799358844757,-0.013089234940707684
349.08,-0.021704507991671562,0.9024304151535034,-0.4286486804485321,-0.03753082826733589
349.382,-0.021704507991671562,0.9024304151535034,-0.4286486804485321,-0.03753082826733589
349.683,-0.03881574422121048,0.5618378520011902,-0.8220202326774597,0.08434627950191498
349.985,0.006139625795185566,0.6554620265960693,-0.7530860900878906,0.05650835856795311
350.287,0.05573723837733269,0.8273828029632568,-0.5575197339057922,0.03876587003469467
350.589,0.07190611958503723,0.8642987608909607,-0.48686105012893677,0.10384350270032883
350.891,-0.0369526743888855,-0.5319381952285767,-0.8457796573638916,0.018248023465275764
351.199,-0.0369526743888855,-0.5319381952285767,-0.8457796573638916,0.018248023465275764
351.501,-0.0369526743888855,-0.5319381952285767,-0.8457796573638916,0.018248023465275764
351.802,-0.0369526743888855,-0.5319381952285767,-0.8457796573638916,0.018248023465275764
352.103,-0.0369526743888855,-0.5319381952285767,-0.8457796573638916,0.018248023465275764
352.404,-0.0369526743888855,-0.5319381952285767,-0.8457796573638916,0.018248023465275764
352.705,-0.0369526743888855,-0.5319381952285767,-0.8457796573638916,0.018248023465275764
353.015,0.0038460083305835724,0.756152868270874,-0.653753936290741,0.02870308980345726
353.439,0.0038460083305835724,0.756152868270874,-0.653753936290741,0.02870308980345726
353.749,0.0038460083305835724,0.756152868270874,-0.653753936290741,0.02870308980345726
354.05,0.0038460083305835724,0.756152868270874,-0.653753936290741,0.02870308980345726
354.351,0.01135079562664032,-0.892555296421051,-0.4491158127784729,0.038874004036188126
354.653,0.046995069831609726,-0.8421644568443298,-0.5371241569519043,-0.006938566453754902
354.955,0.06524921208620071,-0.34411972761154175,-0.9366227984428406,0.007864884100854397
355.257,0.04826652631163597,-0.02491304650902748,-0.9984868764877319,-0.008578408509492874
355.566,0.04551650583744049,0.5229421854019165,-0.8509663939476013,-0.01777293160557747
355.867,0.04551650583744049,0.5229421854019165,-0.8509663939476013,-0.01777293160557747
356.168,0.04551650583744049,0.5229421854019165,-0.8509663939476013,-0.01777293160557747
356.469,0.04551650583744049,0.5229421854019165,-0.8509663939476013,-0.01777293160557747
356.77,0.04551650583744049,0.5229421854019165,-0.8509663939476013,-0.01777293160557747
357.071,0.04551650583744049,0.5229421854019165,-0.8509663939476013,-0.01777293160557747
357.372,0.04551650583744049,0.5229421854019165,-0.8509663939476013,-0.01777293160557747
357.679,0.04551650583744049,0.5229421854019165,-0.8509663939476013,-0.01777293160557747
357.981,0.04551650583744049,0.5229421854019165,-0.8509663939476013,-0.01777293160557747
358.282,-0.03338874876499176,-0.9934938549995422,0.09316219389438629,0.056355997920036316
358.602,0.009253576397895813,-0.867551326751709,-0.4972367286682129,-0.004975877236574888
358.878,0.1195291057229042,-0.40300479531288147,-0.906863808631897,0.02996550314128399
359.179,0.07584399729967117,-0.9581955671310425,-0.2735571563243866,0.03571320325136185
359.481,0.04512098804116249,-0.9767130613327026,0.20938046276569366,-0.012470174580812454
359.789,-0.013469048775732517,-0.9835923910140991,0.1796375960111618,0.00974167138338089
360.091,-0.013469048775732517,-0.9835923910140991,0.1796375960111618,0.00974167138338089
360.392,0.013772712089121342,-0.9927632212638855,-0.11844079196453094,-0.014256673865020275
360.694,0.002840273780748248,-0.5546857714653015,0.8320550322532654,-9.111136751016602e-05
360.996,0.03177754953503609,-0.06826603412628174,0.997160017490387,-0.0013475921005010605
361.297,0.03177754953503609,-0.06826603412628174,0.997160017490387,-0.0013475921005010605
361.598,0.03177754953503609,-0.06826603412628174,0.997160017490387,-0.0013475921005010605
361.905,0.03177754953503609,-0.06826603412628174,0.997160017490387,-0.0013475921005010605
362.207,0.03177754953503609,-0.06826603412628174,0.997160017490387,-0.0013475921005010605
362.508,0.03177754953503609,-0.06826603412628174,0.997160017490387,-0.0013475921005010605
362.809,0.03177754953503609,-0.06826603412628174,0.997160017490387,-0.0013475921005010605
363.138,0.03177754953503609,-0.06826603412628174,0.997160017490387,-0.0013475921005010605
363.448,0.03177754953503609,-0.06826603412628174,0.997160017490387,-0.0013475921005010605
363.758,0.03177754953503609,-0.06826603412628174,0.997160017490387,-0.0013475921005010605
364.181,0.03177754953503609,-0.06826603412628174,0.997160017490387,-0.0013475921005010605
364.507,0.03177754953503609,-0.06826603412628174,0.997160017490387,-0.0013475921005010605
364.783,0.04765773192048073,-0.22360962629318237,0.9733357429504395,0.018572939559817314
365.084,0.025247501209378242,-0.275530606508255,0.9606010317802429,0.02628803439438343
365.386,0.008518203161656857,-0.24529531598091125,0.9693999290466309,0.004623808898031712
365.688,-0.00022148109565023333,-0.1508718878030777,0.9882869720458984,-0.0229463092982769
365.99,0.008426433429121971,-0.12414384633302689,0.9911149740219116,-0.04699324443936348
366.298,0.008426433429121971,-0.12414384633302689,0.9911149740219116,-0.04699324443936348
366.599,0.008426433429121971,-0.12414384633302689,0.9911149740219116,-0.04699324443936348
366.9,0.008426433429121971,-0.12414384633302689,0.9911149740219116,-0.04699324443936348
367.201,0.008426433429121971,-0.12414384633302689,0.9911149740219116,-0.04699324443936348
367.502,0.008426433429121971,-0.12414384633302689,0.9911149740219116,-0.04699324443936348
367.803,0.008426433429121971,-0.12414384633302689,0.9911149740219116,-0.04699324443936348
368.104,0.008426433429121971,-0.12414384633302689,0.9911149740219116,-0.04699324443936348
368.411,0.006873829290270805,0.9935921430587769,-0.11200086772441864,-0.013537143357098103
368.712,0.006873829290270805,0.9935921430587769,-0.11200086772441864,-0.013537143357098103
369.035,-0.03086104243993759,0.9951344728469849,0.08045673370361328,0.04776662588119507
369.31,0.01768372766673565,0.9943915009498596,0.10324198007583618,0.014626664109528065
369.612,0.004255315288901329,0.9809402823448181,0.18683749437332153,0.053196363151073456
369.913,-0.03347037732601166,0.9634564518928528,-0.2551710605621338,0.07429119944572449
370.215,-0.03347037732601166,0.9634564518928528,-0.2551710605621338,0.07429119944572449
370.522,0.006567536853253841,-0.920978307723999,-0.3883727192878723,0.030371012166142464
370.823,0.006567536853253841,-0.920978307723999,-0.3883727192878723,0.030371012166142464
371.124,0.07104970514774323,-0.9887740015983582,-0.12911267578601837,-0.024653885513544083
371.426,0.07104970514774323,-0.9887740015983582,-0.12911267578601837,-0.024653885513544083
371.727,0.07104970514774323,-0.9887740015983582,-0.12911267578601837,-0.024653885513544083
372.028,0.07104970514774323,-0.9887740015983582,-0.12911267578601837,-0.024653885513544083
372.329,0.07104970514774323,-0.9887740015983582,-0.12911267578601837,-0.024653885513544083
372.636,0.07104970514774323,-0.9887740015983582,-0.12911267578601837,-0.024653885513544083
372.937,0.07104970514774323,-0.9887740015983582,-0.12911267578601837,-0.024653885513544083
373.247,0.07104970514774323,-0.9887740015983582,-0.12911267578601837,-0.024653885513544083
373.557,0.07104970514774323,-0.9887740015983582,-0.12911267578601837,-0.024653885513544083
373.867,0.07104970514774323,-0.9887740015983582,-0.12911267578601837,-0.024653885513544083
374.177,0.07104970514774323,-0.9887740015983582,-0.12911267578601837,-0.024653885513544083
374.478,0.07104970514774323,-0.9887740015983582,-0.12911267578601837,-0.024653885513544083
374.785,0.04595113918185234,-0.9685965776443481,-0.24384067952632904,0.015839332714676857
375.086,0.04595113918185234,-0.9685965776443481,-0.24384067952632904,0.015839332714676857
375.387,0.0800488293170929,-0.9131443500518799,-0.3978777527809143,-0.03811698034405708
375.689,0.08124661445617676,-0.9739844799041748,-0.2061838060617447,-0.047343917191028595
375.991,0.044752202928066254,-0.9541611075401306,0.28583401441574097,-0.07663409411907196
376.293,-0.015333935618400574,-0.7660046815872192,0.6349714994430542,-0.09906014055013657
376.595,-0.015333935618400574,-0.7660046815872192,0.6349714994430542,-0.09906014055013657
376.902,-0.015333935618400574,-0.7660046815872192,0.6349714994430542,-0.09906014055013657
377.204,-0.015333935618400574,-0.7660046815872192,0.6349714994430542,-0.09906014055013657
377.505,-0.015333935618400574,-0.7660046815872192,0.6349714994430542,-0.09906014055013657
377.806,-0.015333935618400574,-0.7660046815872192,0.6349714994430542,-0.09906014055013657
378.107,-0.015333935618400574,-0.7660046815872192,0.6349714994430542,-0.09906014055013657
378.408,-0.06270350515842438,-0.18283268809318542,-0.9807750582695007,0.026846235617995262
378.71,-0.04441818967461586,-0.2914019227027893,-0.9554831385612488,-0.012802505865693092
379.018,-0.03452613577246666,-0.4522463083267212,-0.8889398574829102,-0.0637742429971695
379.32,-0.03452613577246666,-0.4522463083267212,-0.8889398574829102,-0.0637742429971695
379.621,0.07857558876276016,-0.9924252033233643,0.09114237874746323,0.02472063899040222
379.923,0.09484544396400452,-0.9895145893096924,-0.10661058872938156,-0.02234836295247078
380.225,0.07132752984762192,-0.9924257397651672,0.08968168497085571,-0.04428025707602501
380.527,-0.0063262321054935455,-0.5776447057723999,0.8136074542999268,-0.06579874455928802
380.847,0.018145909532904625,0.7322609424591064,0.6806767582893372,0.011990792118012905
381.129,-0.030060797929763794,0.9307522177696228,-0.350832462310791,-0.09855608642101288
381.431,-0.030060797929763794,0.9307522177696228,-0.350832462310791,-0.09855608642101288
381.732,-0.030060797929763794,0.9307522177696228,-0.350832462310791,-0.09855608642101288
382.033,-0.030060797929763794,0.9307522177696228,-0.350832462310791,-0.09855608642101288
382.334,-0.030060797929763794,0.9307522177696228,-0.350832462310791,-0.09855608642101288
382.635,-0.030060797929763794,0.9307522177696228,-0.350832462310791,-0.09855608642101288
382.936,-0.030060797929763794,0.9307522177696228,-0.350832462310791,-0.09855608642101288
383.243,-0.030060797929763794,0.9307522177696228,-0.350832462310791,-0.09855608642101288
383.553,-0.030060797929763794,0.9307522177696228,-0.350832462310791,-0.09855608642101288
383.863,-0.030060797929763794,0.9307522177696228,-0.350832462310791,-0.09855608642101288
384.173,-0.030060797929763794,0.9307522177696228,-0.350832462310791,-0.09855608642101288
384.483,-0.030060797929763794,0.9307522177696228,-0.350832462310791,-0.09855608642101288
384.784,-0.030060797929763794,0.9307522177696228,-0.350832462310791,-0.09855608642101288
385.1,-0.030060797929763794,0.9307522177696228,-0.350832462310791,-0.09855608642101288
385.382,0.03378383815288544,0.32864177227020264,0.9432910680770874,-0.03248385339975357
385.684,0.03378383815288544,0.32864177227020264,0.9432910680770874,-0.03248385339975357
385.985,-0.02468149922788143,-0.8865347504615784,0.461925745010376,0.008459286764264107
386.287,-0.023156527429819107,-0.9987229108810425,0.018609702587127686,0.04086575284600258
386.589,-0.023156527429819107,-0.9987229108810425,0.018609702587127686,0.04086575284600258
386.89,-0.023156527429819107,-0.9987229108810425,0.018609702587127686,0.04086575284600258
387.191,-0.023156527429819107,-0.9987229108810425,0.018609702587127686,0.04086575284600258
387.498,-0.023156527429819107,-0.9987229108810425,0.018609702587127686,0.04086575284600258
387.8,-0.023156527429819107,-0.9987229108810425,0.018609702587127686,0.04086575284600258
388.101,-0.023156527429819107,-0.9987229108810425,0.018609702587127686,0.04086575284600258
388.402,-0.023156527429819107,-0.9987229108810425,0.018609702587127686,0.04086575284600258
388.703,-0.023156527429819107,-0.9987229108810425,0.018609702587127686,0.04086575284600258
389.004,-0.007730829995125532,-0.7120488286018372,0.7017759084701538,-0.020911408588290215
389.306,-0.0239992905408144,-0.943709135055542,0.3280847668647766,0.034604065120220184
389.634,-0.02668389305472374,-0.9801938533782959,0.19621184468269348,-0.0029794201254844666
389.936,-0.02668389305472374,-0.9801938533782959,0.19621184468269348,-0.0029794201254844666
390.237,-0.0005248456145636737,-0.8447437286376953,0.5348816514015198,0.017588932067155838
390.539,0.05737042427062988,-0.9849890470504761,0.1500541716814041,0.06315811723470688
390.841,0.017716579139232635,-0.9904405474662781,-0.13069909811019897,0.04039118438959122
391.142,-0.041781142354011536,-0.9943661093711853,-0.07786430418491364,-0.058544669300317764
391.444,-0.0275411456823349,-0.8736143708229065,0.48512548208236694,-0.02631903626024723
391.752,-0.0275411456823349,-0.8736143708229065,0.48512548208236694,-0.02631903626024723
392.054,-0.0275411456823349,-0.8736143708229065,0.48512548208236694,-0.02631903626024723
392.355,-0.0275411456823349,-0.8736143708229065,0.48512548208236694,-0.02631903626024723
392.656,-0.0275411456823349,-0.8736143708229065,0.48512548208236694,-0.02631903626024723
392.957,-0.0275411456823349,-0.8736143708229065,0.48512548208236694,-0.02631903626024723
393.258,-0.0275411456823349,-0.8736143708229065,0.48512548208236694,-0.02631903626024723
393.568,-0.0275411456823349,-0.8736143708229065,0.48512548208236694,-0.02631903626024723
393.992,-0.0275411456823349,-0.8736143708229065,0.48512548208236694,-0.02631903626024723
394.302,-0.0275411456823349,-0.8736143708229065,0.48512548208236694,-0.02631903626024723
394.603,-0.0275411456823349,-0.8736143708229065,0.48512548208236694,-0.02631903626024723
394.904,-0.004341944120824337,-0.46882691979408264,0.8824917674064636,-0.03729235753417015
395.206,-0.005409823730587959,-0.9559490084648132,-0.2926933467388153,0.021513471379876137
395.534,0.021562866866588593,0.8789682388305664,-0.4760279655456543,-0.018635358661413193
395.81,-0.07502225041389465,0.9129760265350342,-0.40074706077575684,-0.01575441285967827
396.117,-0.023388203233480453,0.33270373940467834,-0.9422439932823181,0.03061847761273384
396.419,-0.023388203233480453,0.33270373940467834,-0.9422439932823181,0.03061847761273384
396.72,-0.023388203233480453,0.33270373940467834,-0.9422439932823181,0.03061847761273384
397.021,-0.023388203233480453,0.33270373940467834,-0.9422439932823181,0.03061847761273384
397.322,-0.023388203233480453,0.33270373940467834,-0.9422439932823181,0.03061847761273384
397.623,-0.023388203233480453,0.33270373940467834,-0.9422439932823181,0.03061847761273384
397.924,-0.023388203233480453,0.33270373940467834,-0.9422439932823181,0.03061847761273384
398.231,-0.023388203233480453,0.33270373940467834,-0.9422439932823181,0.03061847761273384
398.533,-0.023388203233480453,0.33270373940467834,-0.9422439932823181,0.03061847761273384
398.834,0.016278887167572975,0.9708511233329773,-0.23909783363342285,0.003909233957529068
399.136,-0.011583994142711163,0.9825494289398193,0.18560762703418732,-0.003492782823741436
399.438,-0.011583994142711163,0.9825494289398193,0.18560762703418732,-0.003492782823741436
399.739,-0.07028394192457199,0.9167119860649109,0.39254745841026306,0.02461397275328636
400.062,-0.05683835223317146,0.7467578053474426,0.6619749665260315,0.030188584700226784
400.344,-0.07195748388767242,0.05498174577951431,0.9954349398612976,-0.030140304937958717
400.646,-0.07195748388767242,0.05498174577951431,0.9954349398612976,-0.030140304937958717
400.947,-0.0031774789094924927,-0.7735958695411682,0.6329256892204285,-0.030731169506907463
401.249,0.04550037905573845,-0.9950290322303772,-0.08329404145479202,-0.030150681734085083
401.551,0.07175479829311371,-0.9954553246498108,-0.06260102987289429,-0.0010559328366070986
401.853,0.07175479829311371,-0.9954553246498108,-0.06260102987289429,-0.0010559328366070986
402.154,0.07175479829311371,-0.9954553246498108,-0.06260102987289429,-0.0010559328366070986
402.461,0.07175479829311371,-0.9954553246498108,-0.06260102987289429,-0.0010559328366070986
402.763,0.07175479829311371,-0.9954553246498108,-0.06260102987289429,-0.0010559328366070986
403.064,0.07175479829311371,-0.9954553246498108,-0.06260102987289429,-0.0010559328366070986
403.365,0.07175479829311371,-0.9954553246498108,-0.06260102987289429,-0.0010559328366070986
403.675,0.07175479829311371,-0.9954553246498108,-0.06260102987289429,-0.0010559328366070986
403.985,0.07175479829311371,-0.9954553246498108,-0.06260102987289429,-0.0010559328366070986
404.295,0.07175479829311371,-0.9954553246498108,-0.06260102987289429,-0.0010559328366070986
404.719,0.07175479829311371,-0.9954553246498108,-0.06260102987289429,-0.0010559328366070986
405.02,0.07175479829311371,-0.9954553246498108,-0.06260102987289429,-0.0010559328366070986
405.321,0.017211392521858215,0.7520254254341125,0.6586867570877075,0.017124157398939133
405.623,-0.0028494445141404867,0.7825689315795898,0.6224724650382996,-0.010283945128321648
405.925,0.03842336684465408,0.9159296751022339,0.3990638554096222,-0.018559811636805534
406.243,0.0368671789765358,0.8714542388916016,0.4848059117794037,-0.06458748131990433
406.518,0.025517884641885757,0.7049537897109985,0.7086517214775085,0.014204270206391811
406.826,0.025517884641885757,0.7049537897109985,0.7086517214775085,0.014204270206391811
407.127,0.025517884641885757,0.7049537897109985,0.7086517214775085,0.014204270206391811
407.428,0.025517884641885757,0.7049537897109985,0.7086517214775085,0.014204270206391811
407.729,0.025517884641885757,0.7049537897109985,0.7086517214775085,0.014204270206391811
408.03,0.025517884641885757,0.7049537897109985,0.7086517214775085,0.014204270206391811
408.331,0.025517884641885757,0.7049537897109985,0.7086517214775085,0.014204270206391811
408.632,0.025517884641885757,0.7049537897109985,0.7086517214775085,0.014204270206391811
408.939,0.03786885738372803,-0.4916101098060608,-0.8699595928192139,0.007462943438440561
409.24,0.03786885738372803,-0.4916101098060608,-0.8699595928192139,0.007462943438440561
409.541,-0.006167531944811344,-0.9797602891921997,-0.19827717542648315,0.026794295758008957
409.843,0.019305262714624405,-0.9964035153388977,0.08245602250099182,-0.002883849199861288
410.145,0.03413842245936394,-0.9868336915969849,-0.14039261639118195,-0.07268929481506348
410.447,0.032703012228012085,-0.9740527868270874,-0.22141100466251373,-0.03359780088067055
410.77,0.032703012228012085,-0.9740527868270874,-0.22141100466251373,-0.03359780088067055
411.052,-0.0015371510526165366,0.4221248924732208,0.9055769443511963,0.041696950793266296
411.354,-0.0015371510526165366,0.4221248924732208,0.9055769443511963,0.041696950793266296
411.655,-0.015551077201962471,0.26592621207237244,0.9638642072677612,-0.0026911506429314613
411.957,-0.015551077201962471,0.26592621207237244,0.9638642072677612,-0.0026911506429314613
412.258,-0.015551077201962471,0.26592621207237244,0.9638642072677612,-0.0026911506429314613
412.559,-0.015551077201962471,0.26592621207237244,0.9638642072677612,-0.0026911506429314613
412.86,-0.015551077201962471,0.26592621207237244,0.9638642072677612,-0.0026911506429314613
413.167,-0.015551077201962471,0.26592621207237244,0.9638642072677612,-0.0026911506429314613
413.469,-0.015551077201962471,0.26592621207237244,0.9638642072677612,-0.0026911506429314613
413.779,-0.015551077201962471,0.26592621207237244,0.9638642072677612,-0.0026911506429314613
414.089,-0.015551077201962471,0.26592621207237244,0.9638642072677612,-0.0026911506429314613
414.399,-0.015551077201962471,0.26592621207237244,0.9638642072677612,-0.0026911506429314613
414.709,-0.015551077201962471,0.26592621207237244,0.9638642072677612,-0.0026911506429314613
415.01,-0.015551077201962471,0.26592621207237244,0.9638642072677612,-0.0026911506429314613
415.318,0.02200954779982567,0.8998964428901672,-0.4355449974536896,-0.0015935420524328947
415.619,0.02200954779982567,0.8998964428901672,-0.4355449974536896,-0.0015935420524328947
415.92,0.018148111179471016,0.9976935982704163,-0.061846278607845306,0.021287482231855392
416.222,-0.018906479701399803,0.9485464692115784,0.31593048572540283,0.00949065014719963
416.524,-0.018906479701399803,0.9485464692115784,0.31593048572540283,0.00949065014719963
416.825,0.00756458006799221,-0.9790008664131165,0.20355179905891418,-0.00817016139626503
417.127,0.00756458006799221,-0.9790008664131165,0.20355179905891418,-0.00817016139626503
417.435,0.00756458006799221,-0.9790008664131165,0.20355179905891418,-0.00817016139626503
417.736,0.00756458006799221,-0.9790008664131165,0.20355179905891418,-0.00817016139626503
418.037,0.00756458006799221,-0.9790008664131165,0.20355179905891418,-0.00817016139626503
418.338,0.00756458006799221,-0.9790008664131165,0.20355179905891418,-0.00817016139626503
418.639,0.00756458006799221,-0.9790008664131165,0.20355179905891418,-0.00817016139626503
418.94,0.00756458006799221,-0.9790008664131165,0.20355179905891418,-0.00817016139626503
419.241,0.03875412046909332,-0.15292370319366455,0.9865130186080933,-0.04364020749926567
419.558,0.03546856343746185,-0.1767863780260086,0.9799339771270752,-0.08495822548866272
419.859,0.03546856343746185,-0.1767863780260086,0.9799339771270752,-0.08495822548866272
420.16,0.09123057126998901,-0.8326058983802795,0.5442748665809631,-0.04700314998626709
420.462,0.10414784401655197,-0.8967306613922119,0.42895397543907166,-0.032027989625930786
420.764,0.10759939253330231,-0.9551836848258972,-0.27367570996284485,0.03388349711894989
421.065,-0.0321766622364521,0.6027809977531433,-0.7970255017280579,-0.019236480817198753
421.367,0.0034366236068308353,0.9261261820793152,0.3771968483924866,-0.0010264951270073652
421.675,-0.007053143810480833,0.8941510915756226,0.44701409339904785,0.024950187653303146
421.977,-0.007053143810480833,0.8941510915756226,0.44701409339904785,0.024950187653303146
422.278,-0.007053143810480833,0.8941510915756226,0.44701409339904785,0.024950187653303146
422.579,-0.007053143810480833,0.8941510915756226,0.44701409339904785,0.024950187653303146
422.88,-0.007053143810480833,0.8941510915756226,0.44701409339904785,0.024950187653303146
423.181,-0.007053143810480833,0.8941510915756226,0.44701409339904785,0.024950187653303146
423.482,-0.007053143810480833,0.8941510915756226,0.44701409339904785,0.024950187653303146
423.905,-0.007053143810480833,0.8941510915756226,0.44701409339904785,0.024950187653303146
424.216,-0.007053143810480833,0.8941510915756226,0.44701409339904785,0.024950187653303146
424.526,-0.007053143810480833,0.8941510915756226,0.44701409339904785,0.024950187653303146
424.827,-0.007053143810480833,0.8941510915756226,0.44701409339904785,0.024950187653303146
425.128,-0.007053143810480833,0.8941510915756226,0.44701409339904785,0.024950187653303146
425.458,-0.024748001247644424,0.9957946538925171,-0.07510282844305038,0.0462612584233284
425.733,0.03973976522684097,0.4570038616657257,-0.8885525465011597,0.006528643425554037
426.042,0.04182462394237518,0.12020152807235718,-0.991399884223938,-0.030472757294774055
426.343,0.04182462394237518,0.12020152807235718,-0.991399884223938,-0.030472757294774055
426.644,0.01952163502573967,0.13847826421260834,-0.9891668558120728,-0.044627413153648376
426.946,-0.0048737190663814545,0.10073646903038025,-0.9945765137672424,-0.025416966527700424
427.248,-0.0048737190663814545,0.10073646903038025,-0.9945765137672424,-0.025416966527700424
427.549,-0.0048737190663814545,0.10073646903038025,-0.9945765137672424,-0.025416966527700424
427.85,-0.0048737190663814545,0.10073646903038025,-0.9945765137672424,-0.025416966527700424
428.157,-0.0048737190663814545,0.10073646903038025,-0.9945765137672424,-0.025416966527700424
428.458,-0.0048737190663814545,0.10073646903038025,-0.9945765137672424,-0.025416966527700424
428.759,-0.0048737190663814545,0.10073646903038025,-0.9945765137672424,-0.025416966527700424
429.06,-0.0048737190663814545,0.10073646903038025,-0.9945765137672424,-0.025416966527700424
429.361,-0.06940918415784836,0.44200608134269714,-0.8928661346435547,-0.05101979151368141
429.663,-0.03203488886356354,0.9994564056396484,4.100645674043335e-05,0.007785927504301071
429.985,-0.04145413264632225,0.6767212152481079,0.7348863482475281,0.01649283617734909
430.268,-0.04597911238670349,0.902922511100769,-0.4273364543914795,-0.0006329785101115704
430.569,-0.04597911238670349,0.902922511100769,-0.4273364543914795,-0.0006329785101115704
430.87,-0.016335520893335342,-0.38815999031066895,-0.9214264750480652,0.006184863392263651
431.172,-0.005493300501257181,-0.13075847923755646,-0.9912976622581482,-0.01417673658579588
431.474,0.0018959436565637589,0.3238476812839508,-0.9460831880569458,-0.006758395116776228
431.776,0.012714364565908909,0.79039466381073,-0.6123597621917725,-0.011406347155570984
432.078,0.047208841890096664,0.9353960156440735,-0.34975215792655945,0.02188766747713089
432.386,0.047208841890096664,0.9353960156440735,-0.34975215792655945,0.02188766747713089
432.687,0.047208841890096664,0.9353960156440735,-0.34975215792655945,0.02188766747713089
432.988,0.047208841890096664,0.9353960156440735,-0.34975215792655945,0.02188766747713089
433.289,0.047208841890096664,0.9353960156440735,-0.34975215792655945,0.02188766747713089
433.59,0.047208841890096664,0.9353960156440735,-0.34975215792655945,0.02188766747713089
433.9,0.047208841890096664,0.9353960156440735,-0.34975215792655945,0.02188766747713089
434.21,0.047208841890096664,0.9353960156440735,-0.34975215792655945,0.02188766747713089
434.633,0.047208841890096664,0.9353960156440735,-0.34975215792655945,0.02188766747713089
434.935,0.047208841890096664,0.9353960156440735,-0.34975215792655945,0.02188766747713089
435.236,-0.05082527548074722,-0.934368908405304,0.3524039089679718,-0.013527763076126575
435.538,-0.04525448754429817,-0.9981454610824585,-0.02794523350894451,-0.029610218480229378
435.84,-0.04525448754429817,-0.9981454610824585,-0.02794523350894451,-0.029610218480229378
436.166,-0.04525448754429817,-0.9981454610824585,-0.02794523350894451,-0.029610218480229378
436.442,-0.023416781798005104,-0.8784175515174866,-0.4773108661174774,0.002926683984696865
436.751,-0.02042117714881897,-0.4694904088973999,-0.8813576102256775,0.04868745058774948
437.052,-0.02042117714881897,-0.4694904088973999,-0.8813576102256775,0.04868745058774948
437.353,-0.02042117714881897,-0.4694904088973999,-0.8813576102256775,0.04868745058774948
437.654,-0.02042117714881897,-0.4694904088973999,-0.8813576102256775,0.04868745058774948
437.955,-0.02042117714881897,-0.4694904088973999,-0.8813576102256775,0.04868745058774948
438.256,-0.02042117714881897,-0.4694904088973999,-0.8813576102256775,0.04868745058774948
438.557,-0.02042117714881897,-0.4694904088973999,-0.8813576102256775,0.04868745058774948
438.864,-0.02042117714881897,-0.4694904088973999,-0.8813576102256775,0.04868745058774948
439.166,-0.02042117714881897,-0.4694904088973999,-0.8813576102256775,0.04868745058774948
439.467,0.030192479491233826,0.22774465382099152,-0.9731960296630859,0.010502082295715809
439.769,-0.0018821869743987918,0.0034335709642618895,-0.9993542432785034,-0.035717837512493134
440.071,-0.06880098581314087,-0.062079451978206635,-0.995246946811676,-0.029934773221611977
440.373,-0.04650520533323288,-0.008211696520447731,-0.9987831711769104,0.014211968518793583
440.695,0.02114810235798359,0.10152091085910797,-0.9943239688873291,0.023793471977114677
440.977,0.023855550214648247,-0.07061305642127991,-0.99531489610672,0.0615869015455246
441.279,0.023855550214648247,-0.07061305642127991,-0.99531489610672,0.0615869015455246
441.58,0.0031638506334275007,-0.7928369641304016,0.6092416644096375,0.014971286058425903
441.882,0.020008308812975883,-0.25582846999168396,0.9664667248725891,0.009673727676272392
442.184,-0.0174062792211771,-0.20555150508880615,0.978075385093689,-0.02853389084339142
442.486,-0.0174062792211771,-0.20555150508880615,0.978075385093689,-0.02853389084339142
442.787,-0.0174062792211771,-0.20555150508880615,0.978075385093689,-0.02853389084339142
443.094,-0.0174062792211771,-0.20555150508880615,0.978075385093689,-0.02853389084339142
443.395,-0.0174062792211771,-0.20555150508880615,0.978075385093689,-0.02853389084339142
443.696,-0.0174062792211771,-0.20555150508880615,0.978075385093689,-0.02853389084339142
444.006,-0.0174062792211771,-0.20555150508880615,0.978075385093689,-0.02853389084339142
444.316,-0.0174062792211771,-0.20555150508880615,0.978075385093689,-0.02853389084339142
444.626,-0.0174062792211771,-0.20555150508880615,0.978075385093689,-0.02853389084339142
444.936,-0.0174062792211771,-0.20555150508880615,0.978075385093689,-0.02853389084339142
445.243,-0.0174062792211771,-0.20555150508880615,0.978075385093689,-0.02853389084339142
445.544,-0.0174062792211771,-0.20555150508880615,0.978075385093689,-0.02853389084339142
445.845,0.02286473475396633,-0.922121524810791,-0.3799242675304413,0.06947409361600876
446.147,0.03201710060238838,-0.8731510043144226,-0.48170769214630127,0.06737861037254333
446.449,-0.010691067203879356,-0.9327507019042969,-0.3509688377380371,0.08174799382686615
446.751,-0.020439540967345238,-0.921970784664154,-0.37409132719039917,0.09801957756280899
447.053,-0.0399739108979702,-0.6509678959846497,-0.7572600841522217,0.034641582518815994
447.362,-0.013279897160828114,-0.3146684765815735,-0.9469624757766724,-0.063791923224926
447.663,-0.013279897160828114,-0.3146684765815735,-0.9469624757766724,-0.063791923224926
447.964,-0.013279897160828114,-0.3146684765815735,-0.9469624757766724,-0.063791923224926
448.265,-0.013279897160828114,-0.3146684765815735,-0.9469624757766724,-0.063791923224926
448.566,-0.013279897160828114,-0.3146684765815735,-0.9469624757766724,-0.063791923224926
448.867,-0.013279897160828114,-0.3146684765815735,-0.9469624757766724,-0.063791923224926
449.168,-0.013279897160828114,-0.3146684765815735,-0.9469624757766724,-0.063791923224926
449.481,-0.013279897160828114,-0.3146684765815735,-0.9469624757766724,-0.063791923224926
449.783,-0.013279897160828114,-0.3146684765815735,-0.9469624757766724,-0.063791923224926
450.084,-0.03278146684169769,0.8773448467254639,0.47409966588020325,0.06648989021778107
450.386,-0.027133122086524963,0.9985461235046387,-0.04036453366279602,0.023240884765982628
450.688,-0.011104967445135117,0.9472226500511169,-0.32030072808265686,-0.007302533835172653
450.99,-0.0007246683235280216,0.9660003185272217,-0.2567397654056549,-0.030456364154815674
451.292,0.00869553629308939,0.9175783395767212,-0.39632001519203186,-0.030080802738666534
451.6,0.03269770368933678,0.707144021987915,-0.7060709595680237,-0.018493007868528366
451.902,0.03269770368933678,0.707144021987915,-0.7060709595680237,-0.018493007868528366
452.231,-0.027024198323488235,0.1828235685825348,-0.9827359914779663,0.008674229495227337
452.532,-0.027024198323488235,0.1828235685825348,-0.9827359914779663,0.008674229495227337
452.833,-0.027024198323488235,0.1828235685825348,-0.9827359914779663,0.008674229495227337
453.134,-0.027024198323488235,0.1828235685825348,-0.9827359914779663,0.008674229495227337
453.435,-0.027024198323488235,0.1828235685825348,-0.9827359914779663,0.008674229495227337
453.742,-0.027024198323488235,0.1828235685825348,-0.9827359914779663,0.008674229495227337
454.052,-0.027024198323488235,0.1828235685825348,-0.9827359914779663,0.008674229495227337
454.362,-0.027024198323488235,0.1828235685825348,-0.9827359914779663,0.008674229495227337
454.672,-0.027024198323488235,0.1828235685825348,-0.9827359914779663,0.008674229495227337
454.982,-0.027024198323488235,0.1828235685825348,-0.9827359914779663,0.008674229495227337
455.283,-0.027024198323488235,0.1828235685825348,-0.9827359914779663,0.008674229495227337
455.584,0.02443636953830719,0.9850496649742126,0.16761153936386108,0.03140611574053764
455.892,0.031785473227500916,0.9832919239997864,0.17893390357494354,-0.01045450009405613
456.207,0.031785473227500916,0.9832919239997864,0.17893390357494354,-0.01045450009405613
456.483,-0.04520847275853157,-0.5809787511825562,0.8124682903289795,0.017754843458533287
456.785,-0.006729222368448973,-0.9774967432022095,0.2061927765607834,-0.044037654995918274
457.087,0.06572927534580231,-0.9257054924964905,-0.3712781071662903,-0.0300269927829504
457.389,0.042763058096170425,-0.43034088611602783,-0.90024733543396,0.05032719299197197
457.691,0.042763058096170425,-0.43034088611602783,-0.90024733543396,0.05032719299197197
457.998,0.042763058096170425,-0.43034088611602783,-0.90024733543396,0.05032719299197197
458.3,0.042763058096170425,-0.43034088611602783,-0.90024733543396,0.05032719299197197
458.601,0.042763058096170425,-0.43034088611602783,-0.90024733543396,0.05032719299197197
458.902,0.042763058096170425,-0.43034088611602783,-0.90024733543396,0.05032719299197197
459.203,0.042763058096170425,-0.43034088611602783,-0.90024733543396,0.05032719299197197
459.504,0.042763058096170425,-0.43034088611602783,-0.90024733543396,0.05032719299197197
459.805,-0.006407774053514004,0.9878973364830017,-0.14760851860046387,0.047217290848493576
460.113,0.016222747042775154,0.5063149333000183,-0.8618560433387756,0.02421049028635025
460.415,0.016222747042775154,0.5063149333000183,-0.8618560433387756,0.02421049028635025
460.735,-0.010015304200351238,-0.7488508224487305,-0.6615622043609619,0.038178686052560806
461.01,-0.06044447422027588,-0.8182908892631531,-0.5635286569595337,0.09582267701625824
461.312,-0.041977331042289734,-0.5523083806037903,-0.8304492831230164,0.05955951660871506
461.614,-0.02686849609017372,0.056043047457933426,-0.997498631477356,0.033670857548713684
461.916,0.015700630843639374,0.9723124504089355,-0.23313085734844208,-0.0034639891237020493
462.224,-0.028918268159031868,0.018355123698711395,0.9990515112876892,0.026886066421866417
462.525,-0.028918268159031868,0.018355123698711395,0.9990515112876892,0.026886066421866417
462.826,-0.028918268159031868,0.018355123698711395,0.9990515112876892,0.026886066421866417
463.127,-0.028918268159031868,0.018355123698711395,0.9990515112876892,0.026886066421866417
463.428,-0.028918268159031868,0.018355123698711395,0.9990515112876892,0.026886066421866417
463.729,-0.028918268159031868,0.018355123698711395,0.9990515112876892,0.026886066421866417
464.03,-0.028918268159031868,0.018355123698711395,0.9990515112876892,0.026886066421866417
464.453,-0.028918268159031868,0.018355123698711395,0.9990515112876892,0.026886066421866417
464.763,-0.028918268159031868,0.018355123698711395,0.9990515112876892,0.026886066421866417
465.073,-0.028918268159031868,0.018355123698711395,0.9990515112876892,0.026886066421866417
465.374,-0.028918268159031868,0.018355123698711395,0.9990515112876892,0.026886066421866417
465.675,0.04866396635770798,0.6494613289833069,-0.7586368322372437,0.017377741634845734
465.977,0.04866396635770798,0.6494613289833069,-0.7586368322372437,0.017377741634845734
466.278,-0.05812015384435654,0.612198531627655,0.7885332703590393,-0.007088624406605959
466.586,0.005687667988240719,-0.10080767422914505,0.9931309223175049,-0.0591304674744606
466.916,0.005687667988240719,-0.10080767422914505,0.9931309223175049,-0.0591304674744606
467.192,0.00248452415689826,-0.36958807706832886,0.9291733503341675,-0.005946200806647539
467.493,0.047762591391801834,-0.5819833278656006,0.810791552066803,0.04038839787244797
467.795,0.047762591391801834,-0.5819833278656006,0.810791552066803,0.04038839787244797
468.096,0.047762591391801834,-0.5819833278656006,0.810791552066803,0.04038839787244797
468.397,0.047762591391801834,-0.5819833278656006,0.810791552066803,0.04038839787244797
468.704,0.047762591391801834,-0.5819833278656006,0.810791552066803,0.04038839787244797
469.006,0.047762591391801834,-0.5819833278656006,0.810791552066803,0.04038839787244797
469.307,0.047762591391801834,-0.5819833278656006,0.810791552066803,0.04038839787244797
469.608,0.047762591391801834,-0.5819833278656006,0.810791552066803,0.04038839787244797
469.909,0.04176979511976242,-0.9710448980331421,0.22861379384994507,0.05534301698207855
470.21,0.023713592439889908,-0.9182735681533813,0.39223000407218933,0.04865073785185814
470.512,0.0047931969165802,-0.5018978118896484,0.8649089932441711,0.002841305686160922
470.82,0.003016222035512328,0.3855835795402527,0.921903669834137,-0.03754777833819389
471.122,0.003016222035512328,0.3855835795402527,0.921903669834137,-0.03754777833819389
471.423,0.003016222035512328,0.3855835795402527,0.921903669834137,-0.03754777833819389
471.724,0.04211371764540672,-0.7922334671020508,-0.6087629199028015,-0.0005270353285595775
472.026,-0.0070601957850158215,-0.9982254505157471,-0.05906950309872627,0.0026172881480306387
472.328,-0.035218335688114166,-0.920426070690155,0.3870997726917267,0.041584890335798264
472.63,-0.04726775735616684,-0.6925139427185059,0.717336893081665,0.06014963611960411
472.938,-0.04726775735616684,-0.6925139427185059,0.717336893081665,0.06014963611960411
473.24,-0.04726775735616684,-0.6925139427185059,0.717336893081665,0.06014963611960411
473.541,-0.04726775735616684,-0.6925139427185059,0.717336893081665,0.06014963611960411
473.842,-0.04726775735616684,-0.6925139427185059,0.717336893081665,0.06014963611960411
474.143,-0.04726775735616684,-0.6925139427185059,0.717336893081665,0.06014963611960411
474.453,-0.04726775735616684,-0.6925139427185059,0.717336893081665,0.06014963611960411
474.763,-0.04726775735616684,-0.6925139427185059,0.717336893081665,0.06014963611960411
475.186,-0.04726775735616684,-0.6925139427185059,0.717336893081665,0.06014963611960411
475.488,-0.04726775735616684,-0.6925139427185059,0.717336893081665,0.06014963611960411
475.789,-0.03147808462381363,-0.9983178377151489,-0.046019185334444046,0.015902308747172356
476.091,0.03338652104139328,-0.730799674987793,-0.6817746162414551,0.0007460876950062811
476.393,0.011203681118786335,0.15122970938682556,-0.9881272912025452,0.024667218327522278
476.695,0.01333951111882925,0.996842086315155,-0.07583731412887573,0.01940559782087803
476.997,0.023388676345348358,0.42066556215286255,0.9061635732650757,0.036891818046569824
477.306,-0.03738117590546608,-0.449010968208313,0.8902202844619751,0.06707953661680222
477.627,-0.03738117590546608,-0.449010968208313,0.8902202844619751,0.06707953661680222
477.928,-0.03738117590546608,-0.449010968208313,0.8902202844619751,0.06707953661680222
478.229,-0.03738117590546608,-0.449010968208313,0.8902202844619751,0.06707953661680222
478.53,-0.03738117590546608,-0.449010968208313,0.8902202844619751,0.06707953661680222
478.831,-0.03738117590546608,-0.449010968208313,0.8902202844619751,0.06707953661680222
479.132,-0.03738117590546608,-0.449010968208313,0.8902202844619751,0.06707953661680222
479.439,-0.03738117590546608,-0.449010968208313,0.8902202844619751,0.06707953661680222
479.74,-0.03738117590546608,-0.449010968208313,0.8902202844619751,0.06707953661680222
480.041,0.02083205245435238,-0.5857234001159668,-0.8085189461708069,0.05283205956220627
480.343,-0.056535497307777405,-0.8506240248680115,-0.5213048458099365,0.038520216941833496
480.645,-0.08341657370328903,-0.6861201524734497,-0.7224643230438232,0.018057074397802353
480.947,-0.02986382506787777,0.08306422084569931,-0.9960966110229492,-6.637621117988601e-05
481.249,0.033851467072963715,0.7592255473136902,-0.6493171453475952,0.028599122539162636
481.557,0.058956775814294815,0.8291602730751038,-0.5528919696807861,0.05768747627735138
481.879,0.058956775814294815,0.8291602730751038,-0.5528919696807861,0.05768747627735138
482.155,-0.010865375399589539,0.6926072835922241,-0.7209145426750183,-0.02143290638923645
482.457,0.006931195501238108,0.7999750971794128,0.5998749732971191,0.011909093707799911
482.759,-0.03217238187789917,-0.19230787456035614,0.980802595615387,0.002974902046844363
483.061,-0.03217238187789917,-0.19230787456035614,0.980802595615387,0.002974902046844363
483.362,-0.03217238187789917,-0.19230787456035614,0.980802595615387,0.002974902046844363
483.669,-0.03217238187789917,-0.19230787456035614,0.980802595615387,0.002974902046844363
483.971,-0.03217238187789917,-0.19230787456035614,0.980802595615387,0.002974902046844363
484.272,-0.03217238187789917,-0.19230787456035614,0.980802595615387,0.002974902046844363
484.582,-0.03217238187789917,-0.19230787456035614,0.980802595615387,0.002974902046844363
484.892,-0.03217238187789917,-0.19230787456035614,0.980802595615387,0.002974902046844363
485.202,-0.03217238187789917,-0.19230787456035614,0.980802595615387,0.002974902046844363
485.512,-0.03217238187789917,-0.19230787456035614,0.980802595615387,0.002974902046844363
485.819,-0.03217238187789917,-0.19230787456035614,0.980802595615387,0.002974902046844363
486.132,-0.03217238187789917,-0.19230787456035614,0.980802595615387,0.002974902046844363
486.408,0.016750400885939598,0.995212972164154,0.0933288186788559,0.023670779541134834
486.709,-2.282414243381936e-06,0.9935980439186096,0.10663452744483948,-0.037310052663087845
487.011,-0.0025725564919412136,0.9667060375213623,0.25404679775238037,-0.030545348301529884
487.313,-0.007520671468228102,0.8232797384262085,0.5656906366348267,-0.046347200870513916
487.615,0.034265708178281784,-0.23171693086624146,0.9716184139251709,-0.03302735835313797
487.922,0.034265708178281784,-0.23171693086624146,0.9716184139251709,-0.03302735835313797
488.224,0.034265708178281784,-0.23171693086624146,0.9716184139251709,-0.03302735835313797
488.525,0.034265708178281784,-0.23171693086624146,0.9716184139251709,-0.03302735835313797
488.826,0.034265708178281784,-0.23171693086624146,0.9716184139251709,-0.03302735835313797
489.127,0.034265708178281784,-0.23171693086624146,0.9716184139251709,-0.03302735835313797
489.428,0.034265708178281784,-0.23171693086624146,0.9716184139251709,-0.03302735835313797
489.729,0.034265708178281784,-0.23171693086624146,0.9716184139251709,-0.03302735835313797
490.036,0.034265708178281784,-0.23171693086624146,0.9716184139251709,-0.03302735835313797
490.338,0.034265708178281784,-0.23171693086624146,0.9716184139251709,-0.03302735835313797
490.66,0.06268392503261566,-0.0024144030176103115,0.9979568719863892,-0.012121946550905704
490.936,0.001232814509421587,-0.21793107688426971,0.9759210348129272,-0.00909301545470953
491.237,-0.013218573294579983,-0.7309050559997559,0.682287335395813,0.009329615160822868
491.539,-0.029542991891503334,-0.9964374899864197,-0.05653922259807587,0.05516188219189644
491.841,-0.0013616426149383187,-0.7264347076416016,-0.6851850748062134,0.05303029343485832
492.149,0.0116454241797328,-0.41209515929222107,-0.9101369380950928,0.04114286229014397
492.45,0.0116454241797328,-0.41209515929222107,-0.9101369380950928,0.04114286229014397
492.751,-0.013583210296928883,-0.7004068493843079,-0.7097899913787842,-0.07378265261650085
493.053,-0.006163509096950293,-0.5321341753005981,-0.8466054797172546,0.007378702517598867
493.355,-0.006163509096950293,-0.5321341753005981,-0.8466054797172546,0.007378702517598867
493.656,-0.006163509096950293,-0.5321341753005981,-0.8466054797172546,0.007378702517598867
493.957,-0.006163509096950293,-0.5321341753005981,-0.8466054797172546,0.007378702517598867
494.264,-0.006163509096950293,-0.5321341753005981,-0.8466054797172546,0.007378702517598867
494.565,-0.006163509096950293,-0.5321341753005981,-0.8466054797172546,0.007378702517598867
494.875,-0.006163509096950293,-0.5321341753005981,-0.8466054797172546,0.007378702517598867
495.185,-0.006163509096950293,-0.5321341753005981,-0.8466054797172546,0.007378702517598867
495.495,-0.006163509096950293,-0.5321341753005981,-0.8466054797172546,0.007378702517598867
495.805,-0.006163509096950293,-0.5321341753005981,-0.8466054797172546,0.007378702517598867
496.106,-0.006163509096950293,-0.5321341753005981,-0.8466054797172546,0.007378702517598867
496.414,0.018730120733380318,-0.5396761894226074,0.8416637182235718,0.0009694757172837853
496.715,0.018730120733380318,-0.5396761894226074,0.8416637182235718,0.0009694757172837853
497.016,0.11030326783657074,-0.7982313632965088,0.5917389392852783,0.02247082069516182
497.318,0.010422424413263798,-0.982573926448822,0.1851470023393631,-0.01266656443476677
497.62,-0.03722840175032616,-0.9944233298301697,0.09097067266702652,-0.03821874409914017
497.944,0.003737006802111864,-0.9933328628540039,0.11258677393198013,0.02449665032327175
498.245,0.003737006802111864,-0.9933328628540039,0.11258677393198013,0.02449665032327175
498.552,0.003737006802111864,-0.9933328628540039,0.11258677393198013,0.02449665032327175
498.853,0.003737006802111864,-0.9933328628540039,0.11258677393198013,0.02449665032327175
499.154,0.003737006802111864,-0.9933328628540039,0.11258677393198013,0.02449665032327175
499.455,0.003737006802111864,-0.9933328628540039,0.11258677393198013,0.02449665032327175
499.756,0.003737006802111864,-0.9933328628540039,0.11258677393198013,0.02449665032327175
500.057,0.003737006802111864,-0.9933328628540039,0.11258677393198013,0.02449665032327175
500.358,-0.007577540352940559,-0.784781277179718,0.6196160316467285,0.011700276285409927
500.666,0.02226400375366211,0.5006610155105591,0.865344226360321,-0.004712179768830538
500.968,0.02226400375366211,0.5006610155105591,0.865344226360321,-0.004712179768830538
501.269,-0.009675460867583752,-0.44477224349975586,-0.8955727815628052,0.005779110826551914
501.571,-0.008617331273853779,-0.9072237014770508,0.4200073480606079,0.021558154374361038
501.873,0.029083970934152603,0.22585900127887726,0.9736661314964294,-0.010774939320981503
502.195,0.016619322821497917,0.98542320728302,0.1691703200340271,0.006808861158788204
502.471,0.08010662347078323,0.21890220046043396,-0.9718390703201294,0.034547314047813416
502.778,0.060218214988708496,-0.2128365933895111,-0.9751534461975098,0.012250376865267754
503.08,0.060218214988708496,-0.2128365933895111,-0.9751534461975098,0.012250376865267754
503.381,0.060218214988708496,-0.2128365933895111,-0.9751534461975098,0.012250376865267754
503.682,0.060218214988708496,-0.2128365933895111,-0.9751534461975098,0.012250376865267754
503.983,0.060218214988708496,-0.2128365933895111,-0.9751534461975098,0.012250376865267754
504.284,0.060218214988708496,-0.2128365933895111,-0.9751534461975098,0.012250376865267754
504.585,0.060218214988708496,-0.2128365933895111,-0.9751534461975098,0.012250376865267754
505.008,0.060218214988708496,-0.2128365933895111,-0.9751534461975098,0.012250376865267754
505.429,0.060218214988708496,-0.2128365933895111,-0.9751534461975098,0.012250376865267754
505.739,0.060218214988708496,-0.2128365933895111,-0.9751534461975098,0.012250376865267754
506.04,0.060218214988708496,-0.2128365933895111,-0.9751534461975098,0.012250376865267754
506.341,0.04317930340766907,0.45288532972335815,0.8903146982192993,-0.01923973113298416
506.643,-0.03357711434364319,0.1444220393896103,0.9875743985176086,0.052073296159505844
506.951,-0.06724420189857483,-0.08742813766002655,0.9932584762573242,0.03566756844520569
507.274,-0.06724420189857483,-0.08742813766002655,0.9932584762573242,0.03566756844520569
507.55,0.035271450877189636,0.9200490713119507,-0.39017051458358765,-0.005708260461688042
507.852,-0.013799226842820644,0.08698984980583191,-0.9961025714874268,-0.00468803197145462
508.154,-0.017612962052226067,-0.5462138652801514,-0.8371115922927856,0.02417401410639286
508.456,-0.017612962052226067,-0.5462138652801514,-0.8371115922927856,0.02417401410639286
508.757,-0.017612962052226067,-0.5462138652801514,-0.8371115922927856,0.02417401410639286
509.064,-0.017612962052226067,-0.5462138652801514,-0.8371115922927856,0.02417401410639286
509.366,-0.017612962052226067,-0.5462138652801514,-0.8371115922927856,0.02417401410639286
509.667,-0.017612962052226067,-0.5462138652801514,-0.8371115922927856,0.02417401410639286
509.968,-0.017612962052226067,-0.5462138652801514,-0.8371115922927856,0.02417401410639286
510.269,-0.017612962052226067,-0.5462138652801514,-0.8371115922927856,0.02417401410639286
510.57,0.041143450886011124,0.6735447645187378,0.7367667555809021,0.04265496879816055
510.872,0.04679899662733078,0.7559866905212402,0.6451461911201477,0.10040093213319778
511.181,-0.024861900135874748,0.9835110306739807,0.15877045691013336,0.08294478803873062
511.482,-0.024861900135874748,0.9835110306739807,0.15877045691013336,0.08294478803873062
511.803,0.010814395733177662,0.8777716755867004,-0.4752313792705536,-0.05962439253926277
512.078,0.037732675671577454,0.7786113023757935,-0.6259602904319763,0.022679554298520088
512.38,-0.03808819502592087,0.5597324967384338,-0.826147735118866,0.05223759636282921
512.682,-0.06508991122245789,0.38693588972091675,-0.9186674356460571,0.04576106742024422
512.984,-0.014981445856392384,0.6144199967384338,-0.7880601286888123,0.034997694194316864
513.293,-0.03462156280875206,0.8579055666923523,-0.5124719738960266,0.013108736835420132
513.594,-0.03462156280875206,0.8579055666923523,-0.5124719738960266,0.013108736835420132
513.895,-0.03462156280875206,0.8579055666923523,-0.5124719738960266,0.013108736835420132
514.196,-0.03462156280875206,0.8579055666923523,-0.5124719738960266,0.013108736835420132
514.497,-0.03462156280875206,0.8579055666923523,-0.5124719738960266,0.013108736835420132
514.798,-0.03462156280875206,0.8579055666923523,-0.5124719738960266,0.013108736835420132
515.108,-0.03462156280875206,0.8579055666923523,-0.5124719738960266,0.013108736835420132
515.531,-0.03462156280875206,0.8579055666923523,-0.5124719738960266,0.013108736835420132
515.841,-0.03462156280875206,0.8579055666923523,-0.5124719738960266,0.013108736835420132
516.142,-0.03462156280875206,0.8579055666923523,-0.5124719738960266,0.013108736835420132
516.443,0.056737981736660004,-0.12991224229335785,-0.9896584749221802,0.021903088316321373
516.745,-0.01193623710423708,0.6886807680130005,-0.7234243750572205,0.047259461134672165
517.047,0.002232203260064125,0.8840550780296326,0.4665151834487915,-0.02837555482983589
517.349,0.040462691336870193,0.7232005596160889,0.6889805793762207,0.025485217571258545
517.657,0.013712793588638306,0.9994131922721863,-0.022564832121133804,0.021818609908223152
517.984,0.013712793588638306,0.9994131922721863,-0.022564832121133804,0.021818609908223152
518.26,-0.09237461537122726,0.3994199335575104,-0.9120962619781494,-0.003321488853543997
518.562,-0.09237461537122726,0.3994199335575104,-0.9120962619781494,-0.003321488853543997
518.863,-0.09237461537122726,0.3994199335575104,-0.9120962619781494,-0.003321488853543997
519.164,-0.09237461537122726,0.3994199335575104,-0.9120962619781494,-0.003321488853543997
519.465,-0.09237461537122726,0.3994199335575104,-0.9120962619781494,-0.003321488853543997
519.772,-0.09237461537122726,0.3994199335575104,-0.9120962619781494,-0.003321488853543997
520.074,-0.09237461537122726,0.3994199335575104,-0.9120962619781494,-0.003321488853543997
520.375,-0.09237461537122726,0.3994199335575104,-0.9120962619781494,-0.003321488853543997
520.676,-0.019542504101991653,-0.3321683406829834,0.9427423477172852,-0.022784404456615448
520.978,-0.06366907060146332,0.09349409490823746,0.9932972192764282,0.023785285651683807
521.28,-0.012787864543497562,-0.47990328073501587,0.8759861588478088,0.04666459932923317
521.582,0.004951593931764364,-0.9970510601997375,0.07033918797969818,0.030282488092780113
521.89,0.040741436183452606,-0.6998034119606018,-0.7131662368774414,-0.003039739793166518
522.192,0.040741436183452606,-0.6998034119606018,-0.7131662368774414,-0.003039739793166518
522.512,-0.0304099190980196,0.9118737578392029,0.40934088826179504,0.0012227582046762109
522.788,0.06444033235311508,0.2187502682209015,0.9734103679656982,0.021634891629219055
523.089,0.027428025379776955,0.4644900858402252,0.8842042684555054,0.04098078981041908
523.391,0.03260518237948418,0.9776777625083923,0.20179574191570282,0.04859566316008568
523.692,0.03260518237948418,0.9776777625083923,0.20179574191570282,0.04859566316008568
523.999,0.03260518237948418,0.9776777625083923,0.20179574191570282,0.04859566316008568
524.3,0.03260518237948418,0.9776777625083923,0.20179574191570282,0.04859566316008568
524.601,0.03260518237948418,0.9776777625083923,0.20179574191570282,0.04859566316008568
524.902,0.03260518237948418,0.9776777625083923,0.20179574191570282,0.04859566316008568
525.212,0.03260518237948418,0.9776777625083923,0.20179574191570282,0.04859566316008568
525.522,0.03260518237948418,0.9776777625083923,0.20179574191570282,0.04859566316008568
525.832,0.03260518237948418,0.9776777625083923,0.20179574191570282,0.04859566316008568
526.255,0.03260518237948418,0.9776777625083923,0.20179574191570282,0.04859566316008568
526.557,0.03260518237948418,0.9776777625083923,0.20179574191570282,0.04859566316008568
526.858,0.0008196296985261142,-0.9319102168083191,-0.36036136746406555,-0.04101680591702461
527.16,-0.005039090756326914,0.550729513168335,-0.8343057036399841,0.024608956649899483
527.462,0.03989870473742485,0.992499589920044,0.11547249555587769,0.00432449160143733
527.764,0.017314404249191284,0.9634398818016052,0.2595182955265045,0.06429677456617355
528.066,-0.0271139033138752,0.974485456943512,-0.22257916629314423,0.010073788464069366
528.375,0.004950378090143204,0.6168237924575806,-0.7868273258209229,-0.020166384056210518
528.676,0.004950378090143204,0.6168237924575806,-0.7868273258209229,-0.020166384056210518
528.977,0.004950378090143204,0.6168237924575806,-0.7868273258209229,-0.020166384056210518
529.278,0.004950378090143204,0.6168237924575806,-0.7868273258209229,-0.020166384056210518
529.579,0.004950378090143204,0.6168237924575806,-0.7868273258209229,-0.020166384056210518
529.88,0.004950378090143204,0.6168237924575806,-0.7868273258209229,-0.020166384056210518
530.181,0.004950378090143204,0.6168237924575806,-0.7868273258209229,-0.020166384056210518
530.488,0.004950378090143204,0.6168237924575806,-0.7868273258209229,-0.020166384056210518
530.79,0.004950378090143204,0.6168237924575806,-0.7868273258209229,-0.020166384056210518
531.091,0.030543915927410126,-0.16969677805900574,-0.979556143283844,-0.10363313555717468
531.393,0.04561612010002136,-0.4374754726886749,-0.8980337977409363,-0.008347196504473686
531.695,0.04902876913547516,-0.7407802939414978,-0.668692409992218,0.04112433269619942
531.997,0.026809949427843094,-0.8803223371505737,-0.47235289216041565,0.0345916748046875
532.299,0.04744231328368187,-0.6024707555770874,-0.7962631583213806,-0.02726265974342823
532.607,0.016771936789155006,0.6898674368858337,-0.7236769795417786,-0.009655115194618702
532.909,0.016771936789155006,0.6898674368858337,-0.7236769795417786,-0.009655115194618702
533.221,0.014866169542074203,-0.6057944893836975,0.7948272824287415,-0.032273586839437485
533.497,0.13900762796401978,-0.7464190125465393,0.6506264805793762,0.014856792986392975
533.798,0.13900762796401978,-0.7464190125465393,0.6506264805793762,0.014856792986392975
534.099,0.13900762796401978,-0.7464190125465393,0.6506264805793762,0.014856792986392975
534.4,0.13900762796401978,-0.7464190125465393,0.6506264805793762,0.014856792986392975
534.707,0.13900762796401978,-0.7464190125465393,0.6506264805793762,0.014856792986392975
535.008,0.13900762796401978,-0.7464190125465393,0.6506264805793762,0.014856792986392975
535.318,0.13900762796401978,-0.7464190125465393,0.6506264805793762,0.014856792986392975
535.628,0.13900762796401978,-0.7464190125465393,0.6506264805793762,0.014856792986392975
535.938,0.13900762796401978,-0.7464190125465393,0.6506264805793762,0.014856792986392975
536.248,0.13900762796401978,-0.7464190125465393,0.6506264805793762,0.014856792986392975
536.549,0.13900762796401978,-0.7464190125465393,0.6506264805793762,0.014856792986392975
536.856,0.13900762796401978,-0.7464190125465393,0.6506264805793762,0.014856792986392975
537.158,0.13900762796401978,-0.7464190125465393,0.6506264805793762,0.014856792986392975
537.473,-0.014531567692756653,-0.9731869697570801,0.22672554850578308,-0.03593778982758522
537.749,0.01750614121556282,-0.9379034638404846,-0.3439258635044098,-0.04178034886717796
538.05,0.039715688675642014,-0.829999566078186,-0.5556192398071289,-0.0284731388092041
538.352,0.06450548022985458,-0.7728713154792786,-0.6309977769851685,-0.01872933842241764
538.654,0.06983514130115509,-0.872664749622345,-0.4831274449825287,-0.012927232310175896
538.962,0.06983514130115509,-0.872664749622345,-0.4831274449825287,-0.012927232310175896
539.264,0.06983514130115509,-0.872664749622345,-0.4831274449825287,-0.012927232310175896
539.565,0.06983514130115509,-0.872664749622345,-0.4831274449825287,-0.012927232310175896
539.866,0.06983514130115509,-0.872664749622345,-0.4831274449825287,-0.012927232310175896
540.167,0.06983514130115509,-0.872664749622345,-0.4831274449825287,-0.012927232310175896
540.468,0.06983514130115509,-0.872664749622345,-0.4831274449825287,-0.012927232310175896
540.769,0.06983514130115509,-0.872664749622345,-0.4831274449825287,-0.012927232310175896
541.076,0.005034977104514837,0.8208401799201965,-0.5707389116287231,-0.02128691039979458
541.378,0.005034977104514837,0.8208401799201965,-0.5707389116287231,-0.02128691039979458
541.679,0.03454236313700676,0.914440929889679,-0.3999324440956116,0.05156181380152702
542.001,0.05148540809750557,0.7931684255599976,-0.6066372394561768,0.014979797415435314
542.276,0.00337240775115788,0.9925103783607483,0.11370926350355148,-0.04452000558376312
542.578,0.043856121599674225,0.7965072989463806,0.6028922200202942,0.013182472437620163
542.88,0.03526509180665016,0.7332211136817932,0.678743839263916,0.021213890984654427
543.188,0.02917913720011711,0.7136638760566711,0.6996043920516968,-0.019649513065814972
543.49,0.02917913720011711,0.7136638760566711,0.6996043920516968,-0.019649513065814972
543.791,0.004027002956718206,-0.15479609370231628,0.9877628684043884,0.01861215941607952
544.093,0.004027002956718206,-0.15479609370231628,0.9877628684043884,0.01861215941607952
544.394,0.004027002956718206,-0.15479609370231628,0.9877628684043884,0.01861215941607952
544.695,0.004027002956718206,-0.15479609370231628,0.9877628684043884,0.01861215941607952
544.996,0.004027002956718206,-0.15479609370231628,0.9877628684043884,0.01861215941607952
545.304,0.004027002956718206,-0.15479609370231628,0.9877628684043884,0.01861215941607952
545.614,0.004027002956718206,-0.15479609370231628,0.9877628684043884,0.01861215941607952
545.924,0.004027002956718206,-0.15479609370231628,0.9877628684043884,0.01861215941607952
546.234,0.004027002956718206,-0.15479609370231628,0.9877628684043884,0.01861215941607952
546.544,0.004027002956718206,-0.15479609370231628,0.9877628684043884,0.01861215941607952
546.845,0.004027002956718206,-0.15479609370231628,0.9877628684043884,0.01861215941607952
547.146,-0.05750943347811699,-0.4367808699607849,-0.897618293762207,-0.014017327688634396
547.455,-0.04660507291555405,-0.20229916274547577,-0.9781861305236816,-0.007406544405966997
547.756,-0.04660507291555405,-0.20229916274547577,-0.9781861305236816,-0.007406544405966997
548.057,0.09622982889413834,0.7866493463516235,-0.6096853017807007,-0.014367538504302502
548.359,0.07941465079784393,0.9870709776878357,0.13903263211250305,0.00736070703715086
548.661,0.00853065773844719,0.6746770739555359,0.7370572686195374,0.03853147104382515
548.963,-0.05608529970049858,0.5467299818992615,0.834537148475647,0.038581110537052155
549.265,-0.05608529970049858,0.5467299818992615,0.834537148475647,0.038581110537052155
549.572,-0.05608529970049858,0.5467299818992615,0.834537148475647,0.038581110537052155
549.874,-0.05608529970049858,0.5467299818992615,0.834537148475647,0.038581110537052155
550.175,-0.05608529970049858,0.5467299818992615,0.834537148475647,0.038581110537052155
550.476,-0.05608529970049858,0.5467299818992615,0.834537148475647,0.038581110537052155
550.777,-0.05608529970049858,0.5467299818992615,0.834537148475647,0.038581110537052155
551.078,-0.012158159166574478,0.9417839646339417,0.33512967824935913,-0.024150196462869644
551.38,-0.012266217730939388,0.9345410466194153,0.35457783937454224,-0.027516832575201988
551.688,0.0018198085017502308,0.8146042823791504,0.5799309611320496,-0.009831531904637814
551.99,0.0018198085017502308,0.8146042823791504,0.5799309611320496,-0.009831531904637814
552.291,0.04855804145336151,0.7560849785804749,0.6519982814788818,-0.02959449775516987
552.593,-0.00034309440525248647,0.7190827131271362,0.6928495764732361,-0.05366025120019913
552.895,-0.015629146248102188,0.42892584204673767,0.9030977487564087,-0.013883685693144798
553.197,0.012635456398129463,-0.23362065851688385,0.9720463156700134,-0.019690347835421562
553.499,0.04638594761490822,-0.838193416595459,0.5431562662124634,-0.016168909147381783
553.82,0.016870884224772453,-0.9979484677314758,-0.06170367822051048,-0.002615344012156129
554.121,0.016870884224772453,-0.9979484677314758,-0.06170367822051048,-0.002615344012156129
554.422,0.016870884224772453,-0.9979484677314758,-0.06170367822051048,-0.002615344012156129
554.723,0.016870884224772453,-0.9979484677314758,-0.06170367822051048,-0.002615344012156129
555.024,0.016870884224772453,-0.9979484677314758,-0.06170367822051048,-0.002615344012156129
555.325,0.016870884224772453,-0.9979484677314758,-0.06170367822051048,-0.002615344012156129
555.635,0.016870884224772453,-0.9979484677314758,-0.06170367822051048,-0.002615344012156129
556.058,0.016870884224772453,-0.9979484677314758,-0.06170367822051048,-0.002615344012156129
556.369,0.016870884224772453,-0.9979484677314758,-0.06170367822051048,-0.002615344012156129
556.67,0.016870884224772453,-0.9979484677314758,-0.06170367822051048,-0.002615344012156129
556.971,0.005844626575708389,-0.8634472489356995,-0.5041667222976685,-0.015511207282543182
557.273,-0.015924474224448204,-0.20135636627674103,-0.9790448546409607,0.025946982204914093
557.575,-0.058249861001968384,0.6719194054603577,-0.7381798028945923,0.014895115979015827
557.877,-0.025098372250795364,0.988381564617157,-0.1477537304162979,-0.02531312219798565
558.185,-0.02812180481851101,0.9876042604446411,0.154353529214859,-0.004682877566665411
558.487,-0.02812180481851101,0.9876042604446411,0.154353529214859,-0.004682877566665411
558.788,0.011588444001972675,0.9897362589836121,-0.13847136497497559,-0.03337019309401512
559.09,-0.008744255639612675,0.854794442653656,-0.5188798308372498,0.003699353663250804
559.392,-0.008744255639612675,0.854794442653656,-0.5188798308372498,0.003699353663250804
559.693,-0.008744255639612675,0.854794442653656,-0.5188798308372498,0.003699353663250804
559.994,-0.008744255639612675,0.854794442653656,-0.5188798308372498,0.003699353663250804
560.301,-0.008744255639612675,0.854794442653656,-0.5188798308372498,0.003699353663250804
560.603,-0.008744255639612675,0.854794442653656,-0.5188798308372498,0.003699353663250804
560.904,-0.008744255639612675,0.854794442653656,-0.5188798308372498,0.003699353663250804
561.214,-0.008744255639612675,0.854794442653656,-0.5188798308372498,0.003699353663250804
561.49,0.02288741245865822,0.7013290524482727,-0.7124032974243164,0.009757352992892265
561.791,-0.042371246963739395,0.9989354014396667,-0.013776225037872791,0.011954529210925102
562.093,-0.040201082825660706,0.9229395389556885,0.38280144333839417,-0.005435172002762556
562.402,0.019929058849811554,0.8823308348655701,0.46980419754981995,-0.019472630694508553
562.703,0.019929058849811554,0.8823308348655701,0.46980419754981995,-0.019472630694508553
563.004,0.03085905872285366,0.9049267768859863,-0.424301415681839,-0.011115576140582561
563.306,-0.023852482438087463,0.2240874171257019,-0.9740983843803406,0.01866137608885765
563.608,-0.007500974927097559,-0.6894192695617676,-0.7239206433296204,0.024159042164683342
563.91,-0.0027929171919822693,-0.9149486422538757,0.4032973647117615,0.014573930762708187
564.212,0.028981998562812805,0.007079049479216337,0.9994354248046875,0.01545100100338459
564.52,0.028981998562812805,0.007079049479216337,0.9994354248046875,0.01545100100338459
564.822,0.028981998562812805,0.007079049479216337,0.9994354248046875,0.01545100100338459
565.123,0.028981998562812805,0.007079049479216337,0.9994354248046875,0.01545100100338459
565.424,0.028981998562812805,0.007079049479216337,0.9994354248046875,0.01545100100338459
565.734,0.028981998562812805,0.007079049479216337,0.9994354248046875,0.01545100100338459
566.044,0.028981998562812805,0.007079049479216337,0.9994354248046875,0.01545100100338459
566.354,0.028981998562812805,0.007079049479216337,0.9994354248046875,0.01545100100338459
566.777,0.028981998562812805,0.007079049479216337,0.9994354248046875,0.01545100100338459
567.078,0.028981998562812805,0.007079049479216337,0.9994354248046875,0.01545100100338459
567.396,0.004033682402223349,0.5899777412414551,0.8073979616165161,0.004299433436244726
567.671,0.04175393655896187,-0.15736885368824005,0.9866536259651184,-0.0025017226580530405
567.973,0.06346786022186279,-0.5098777413368225,0.8578833341598511,0.005720377434045076
568.275,0.06407779455184937,-0.6046797037124634,0.7885730266571045,0.09170116484165192
568.577,-0.026891661807894707,-0.3087131679058075,0.9404820799827576,0.1395222246646881
568.885,0.008314148522913456,-0.38212060928344727,0.9158173203468323,0.123261459171772
569.186,0.008314148522913456,-0.38212060928344727,0.9158173203468323,0.123261459171772
569.487,0.008314148522913456,-0.38212060928344727,0.9158173203468323,0.123261459171772
569.788,0.008314148522913456,-0.38212060928344727,0.9158173203468323,0.123261459171772
570.089,0.008314148522913456,-0.38212060928344727,0.9158173203468323,0.123261459171772
570.39,0.008314148522913456,-0.38212060928344727,0.9158173203468323,0.123261459171772
570.691,0.008314148522913456,-0.38212060928344727,0.9158173203468323,0.123261459171772
570.998,0.008314148522913456,-0.38212060928344727,0.9158173203468323,0.123261459171772
571.3,0.008314148522913456,-0.38212060928344727,0.9158173203468323,0.123261459171772
571.601,0.02923421934247017,0.781183660030365,0.6235306859016418,0.010340709239244461
571.925,0.03088235855102539,0.8965492248535156,0.4417894780635834,-0.008236698806285858
572.201,0.0027444581501185894,0.9731945395469666,0.2104504108428955,-0.09271189570426941
572.502,-0.028897028416395187,0.9842519760131836,0.1633484959602356,-0.06107604503631592
572.804,-0.01788359135389328,0.9684027433395386,0.24388442933559418,-0.048955660313367844
573.113,0.003150803502649069,0.8905854225158691,0.45357897877693176,-0.03337370976805687
573.414,0.003150803502649069,0.8905854225158691,0.45357897877693176,-0.03337370976805687
573.715,0.05558588355779648,0.7648952007293701,0.6408453583717346,0.03409932553768158
574.017,0.03862183913588524,0.7858589887619019,0.6168211102485657,-0.021582093089818954
574.319,-0.02202315255999565,0.7581350207328796,0.6517255306243896,-0.0002096001844620332
574.621,-0.02202315255999565,0.7581350207328796,0.6517255306243896,-0.0002096001844620332
574.922,-0.02202315255999565,0.7581350207328796,0.6517255306243896,-0.0002096001844620332
575.23,-0.02202315255999565,0.7581350207328796,0.6517255306243896,-0.0002096001844620332
575.531,-0.02202315255999565,0.7581350207328796,0.6517255306243896,-0.0002096001844620332
575.841,-0.02202315255999565,0.7581350207328796,0.6517255306243896,-0.0002096001844620332
576.151,-0.02202315255999565,0.7581350207328796,0.6517255306243896,-0.0002096001844620332
576.461,-0.02202315255999565,0.7581350207328796,0.6517255306243896,-0.0002096001844620332
576.771,-0.02202315255999565,0.7581350207328796,0.6517255306243896,-0.0002096001844620332
577.072,-0.02202315255999565,0.7581350207328796,0.6517255306243896,-0.0002096001844620332
577.379,-0.07029277086257935,0.9944688677787781,0.07470789551734924,-0.02256956323981285
577.681,-0.07029277086257935,0.9944688677787781,0.07470789551734924,-0.02256956323981285
577.982,-0.008208583109080791,0.7671717405319214,0.6411070823669434,-0.019022023305296898
578.284,0.00887789111584425,-0.09301812201738358,0.9955952167510986,-0.007679492700845003
578.586,0.024701248854398727,-0.8854016661643982,0.4641192853450775,-0.00685725687071681
578.888,0.015925487503409386,-0.8803296089172363,-0.4736572504043579,0.020371921360492706
579.21,-0.015469273552298546,-0.5508468747138977,-0.8338218927383423,0.03270164504647255
579.517,-0.015469273552298546,-0.5508468747138977,-0.8338218927383423,0.03270164504647255
579.819,-0.015469273552298546,-0.5508468747138977,-0.8338218927383423,0.03270164504647255
580.12,-0.015469273552298546,-0.5508468747138977,-0.8338218927383423,0.03270164504647255
580.421,-0.015469273552298546,-0.5508468747138977,-0.8338218927383423,0.03270164504647255
580.722,-0.015469273552298546,-0.5508468747138977,-0.8338218927383423,0.03270164504647255
581.023,-0.015469273552298546,-0.5508468747138977,-0.8338218927383423,0.03270164504647255
581.324,-0.015469273552298546,-0.5508468747138977,-0.8338218927383423,0.03270164504647255
581.631,-0.0709257423877716,-0.0992269366979599,-0.9925097227096558,-0.006927365902811289
581.933,-0.0709257423877716,-0.0992269366979599,-0.9925097227096558,-0.006927365902811289
582.234,-0.050486911088228226,-0.22486715018749237,-0.9730769991874695,0.00264769047498703
582.536,-0.06531643122434616,-0.23443414270877838,-0.9699113965034485,0.006805152166634798
582.838,-0.007942067459225655,-0.25351855158805847,-0.9666774868965149,-0.034639839082956314
583.14,0.016070999205112457,-0.37175384163856506,-0.9241842031478882,-0.08616502583026886
583.462,-0.034828297793865204,-0.5065200924873352,-0.8609536290168762,-0.031357649713754654
583.744,0.040429696440696716,-0.8212698101997375,-0.5674055814743042,-0.043957121670246124
584.046,0.040429696440696716,-0.8212698101997375,-0.5674055814743042,-0.043957121670246124
584.347,0.04201093688607216,-0.996532142162323,0.031166547909379005,0.06471030414104462
584.648,0.04201093688607216,-0.996532142162323,0.031166547909379005,0.06471030414104462
584.949,0.04201093688607216,-0.996532142162323,0.031166547909379005,0.06471030414104462
585.25,0.04201093688607216,-0.996532142162323,0.031166547909379005,0.06471030414104462
585.551,0.04201093688607216,-0.996532142162323,0.031166547909379005,0.06471030414104462
585.975,0.04201093688607216,-0.996532142162323,0.031166547909379005,0.06471030414104462
586.285,0.04201093688607216,-0.996532142162323,0.031166547909379005,0.06471030414104462
586.595,0.04201093688607216,-0.996532142162323,0.031166547909379005,0.06471030414104462
586.896,0.04201093688607216,-0.996532142162323,0.031166547909379005,0.06471030414104462
587.197,0.01506402064114809,0.9986297488212585,-0.03508893400430679,-0.035783927887678146
587.499,0.002757013775408268,0.9969391226768494,0.0621485561132431,-0.04735332727432251
587.801,0.002325525740161538,0.8174939751625061,0.5743044018745422,-0.0432734489440918
588.11,0.009416730143129826,0.24701321125030518,0.9689441323280334,0.0065652369521558285
588.411,0.009416730143129826,0.24701321125030518,0.9689441323280334,0.0065652369521558285
588.712,-0.050034698098897934,-0.69488924741745,0.7171052098274231,-0.01963505707681179
589.014,0.009920108132064342,-0.7244359850883484,-0.6891804337501526,0.011157549917697906
589.316,0.00801892764866352,0.29591795802116394,-0.955122172832489,-0.010484479367733002
589.618,-0.015493754297494888,-0.6611213088035583,-0.749713659286499,0.02465764991939068
589.92,-0.015493754297494888,-0.6611213088035583,-0.749713659286499,0.02465764991939068
590.227,-0.015493754297494888,-0.6611213088035583,-0.749713659286499,0.02465764991939068
590.528,-0.015493754297494888,-0.6611213088035583,-0.749713659286499,0.02465764991939068
590.829,-0.015493754297494888,-0.6611213088035583,-0.749713659286499,0.02465764991939068
591.13,-0.015493754297494888,-0.6611213088035583,-0.749713659286499,0.02465764991939068
591.431,-0.015493754297494888,-0.6611213088035583,-0.749713659286499,0.02465764991939068
591.732,-0.0079245800152421,0.9495261311531067,-0.31257665157318115,-0.025162475183606148
592.034,0.011889232322573662,0.6498304009437561,0.759954035282135,0.0069978809915483
592.343,-0.006792446132749319,-0.3805396854877472,0.924562931060791,0.018077103421092033
592.644,-0.006792446132749319,-0.3805396854877472,0.924562931060791,0.018077103421092033
592.945,0.03019382245838642,-0.9666691422462463,-0.24547648429870605,0.06618498265743256
593.247,0.03724910318851471,-0.827506422996521,-0.5568132996559143,0.06168138235807419
593.549,0.03181476891040802,-0.7892100214958191,-0.6130557060241699,0.017264507710933685
593.851,-0.008767650462687016,-0.9888139963150024,-0.148820161819458,-0.004745418671518564
594.17,0.006746932864189148,-0.5153050422668457,0.8568025827407837,-0.017451707273721695
594.452,0.01099044643342495,0.8694354891777039,-0.4939049780368805,-0.0043656532652676105
594.754,0.01099044643342495,0.8694354891777039,-0.4939049780368805,-0.0043656532652676105
595.055,0.01099044643342495,0.8694354891777039,-0.4939049780368805,-0.0043656532652676105
595.356,0.01099044643342495,0.8694354891777039,-0.4939049780368805,-0.0043656532652676105
595.657,0.01099044643342495,0.8694354891777039,-0.4939049780368805,-0.0043656532652676105
595.967,0.01099044643342495,0.8694354891777039,-0.4939049780368805,-0.0043656532652676105
596.277,0.01099044643342495,0.8694354891777039,-0.4939049780368805,-0.0043656532652676105
596.7,0.01099044643342495,0.8694354891777039,-0.4939049780368805,-0.0043656532652676105
597.001,0.01099044643342495,0.8694354891777039,-0.4939049780368805,-0.0043656532652676105
597.331,0.0008340604836121202,-0.281453013420105,-0.9590635299682617,0.03131527826189995
597.607,0.05155988782644272,-0.045580923557281494,-0.9970029592514038,0.03534165024757385
597.908,-0.005421721842139959,0.16402804851531982,-0.9863637089729309,0.012329386547207832
598.21,-0.06645691394805908,0.19375671446323395,-0.9782251715660095,0.03342582285404205
598.512,-0.06126674637198448,-0.11801560968160629,-0.9901981949806213,0.04273444414138794
598.82,-0.0313388928771019,-0.4291442632675171,-0.9007837772369385,0.05866561084985733
599.122,-0.0313388928771019,-0.4291442632675171,-0.9007837772369385,0.05866561084985733
599.423,0.03482706844806671,-0.6607723832130432,-0.7497459650039673,0.006923103239387274
599.725,0.014853959903120995,-0.5798130631446838,-0.8142309784889221,0.024981120601296425
600.027,0.014853959903120995,-0.5798130631446838,-0.8142309784889221,0.024981120601296425
600.328,0.014853959903120995,-0.5798130631446838,-0.8142309784889221,0.024981120601296425
600.629,0.014853959903120995,-0.5798130631446838,-0.8142309784889221,0.024981120601296425
600.936,0.014853959903120995,-0.5798130631446838,-0.8142309784889221,0.024981120601296425
601.237,0.014853959903120995,-0.5798130631446838,-0.8142309784889221,0.024981120601296425
601.538,0.014853959903120995,-0.5798130631446838,-0.8142309784889221,0.024981120601296425
601.861,0.014853959903120995,-0.5798130631446838,-0.8142309784889221,0.024981120601296425
602.137,0.05892238765954971,-0.755355954170227,-0.6516587734222412,0.03614341467618942
602.439,-0.049101874232292175,0.1317766010761261,-0.9892093539237976,0.041094932705163956
602.741,-0.0750780776143074,0.3740873336791992,-0.9232918620109558,-0.04420526698231697
603.049,-0.03527276590466499,0.27702903747558594,-0.9586405754089355,-0.05494537577033043
603.351,-0.03527276590466499,0.27702903747558594,-0.9586405754089355,-0.05494537577033043
603.652,-0.009521659463644028,-0.11219435185194016,-0.9934982657432556,-0.016822928562760353
603.954,0.022989142686128616,-0.3687243163585663,-0.9292265772819519,-0.007196452468633652
604.256,0.03211088106036186,-0.6983211040496826,-0.7124550342559814,0.06102797016501427
604.558,0.03602256253361702,-0.9754649996757507,-0.21370576322078705,0.03873322531580925
604.86,0.007199270650744438,-0.916761577129364,0.39923524856567383,-0.010374493896961212
605.168,0.007199270650744438,-0.916761577129364,0.39923524856567383,-0.010374493896961212
605.47,0.007199270650744438,-0.916761577129364,0.39923524856567383,-0.010374493896961212
605.771,0.007199270650744438,-0.916761577129364,0.39923524856567383,-0.010374493896961212
606.081,0.007199270650744438,-0.916761577129364,0.39923524856567383,-0.010374493896961212
606.391,0.007199270650744438,-0.916761577129364,0.39923524856567383,-0.010374493896961212
606.701,0.007199270650744438,-0.916761577129364,0.39923524856567383,-0.010374493896961212
607.011,0.007199270650744438,-0.916761577129364,0.39923524856567383,-0.010374493896961212
607.318,0.007199270650744438,-0.916761577129364,0.39923524856567383,-0.010374493896961212
607.62,0.007199270650744438,-0.916761577129364,0.39923524856567383,-0.010374493896961212
607.921,-0.002282214118167758,0.5166860818862915,-0.8560681343078613,-0.0133293978869915
608.223,-0.07504209876060486,0.6452707648277283,-0.7586300373077393,-0.0497475229203701
608.55,-0.05515524372458458,0.9176241755485535,-0.39015984535217285,-0.05195216089487076
608.826,0.02064351923763752,0.45619985461235046,-0.8894841074943542,-0.01653910242021084
609.127,-0.022427262738347054,-0.40245309472084045,-0.9144559502601624,-0.03603968769311905
609.436,-0.08077076077461243,-0.49862396717071533,-0.8630316257476807,0.0051645515486598015
609.737,-0.08077076077461243,-0.49862396717071533,-0.8630316257476807,0.0051645515486598015
610.038,-0.08077076077461243,-0.49862396717071533,-0.8630316257476807,0.0051645515486598015
610.339,-0.08077076077461243,-0.49862396717071533,-0.8630316257476807,0.0051645515486598015
610.64,-0.08077076077461243,-0.49862396717071533,-0.8630316257476807,0.0051645515486598015
610.941,-0.08077076077461243,-0.49862396717071533,-0.8630316257476807,0.0051645515486598015
611.242,-0.08077076077461243,-0.49862396717071533,-0.8630316257476807,0.0051645515486598015
611.549,-0.08077076077461243,-0.49862396717071533,-0.8630316257476807,0.0051645515486598015
611.851,-0.08077076077461243,-0.49862396717071533,-0.8630316257476807,0.0051645515486598015
612.152,0.014177501201629639,-0.9195590615272522,-0.3926849365234375,-0.0029366030357778072
612.454,-0.004253653343766928,-0.7919819355010986,-0.6096529364585876,0.032708585262298584
612.756,-0.002043853048235178,-0.8316611051559448,-0.5546940565109253,0.025498375296592712
613.079,-0.001391845871694386,-0.8351684808731079,-0.5497161149978638,-0.01743212528526783
613.355,0.021644484251737595,-0.7084773778915405,-0.7040782570838928,-0.043187465518713
613.662,0.02210240252315998,-0.5762452483177185,-0.8169607520103455,-0.005295361392199993
613.964,0.02210240252315998,-0.5762452483177185,-0.8169607520103455,-0.005295361392199993
614.265,0.025128958746790886,-0.5458827018737793,-0.837252140045166,0.019734306260943413
614.567,0.0008540868293493986,-0.8696572780609131,-0.493294894695282,-0.018857764080166817
614.869,-0.0065728528425097466,-0.9811659455299377,0.19255661964416504,-0.013862483203411102
615.171,-0.0065728528425097466,-0.9811659455299377,0.19255661964416504,-0.013862483203411102
615.472,-0.0065728528425097466,-0.9811659455299377,0.19255661964416504,-0.013862483203411102
615.779,-0.0065728528425097466,-0.9811659455299377,0.19255661964416504,-0.013862483203411102
616.09,-0.0065728528425097466,-0.9811659455299377,0.19255661964416504,-0.013862483203411102
616.4,-0.0065728528425097466,-0.9811659455299377,0.19255661964416504,-0.013862483203411102
616.71,-0.0065728528425097466,-0.9811659455299377,0.19255661964416504,-0.013862483203411102
617.02,-0.0065728528425097466,-0.9811659455299377,0.19255661964416504,-0.013862483203411102
617.321,-0.0065728528425097466,-0.9811659455299377,0.19255661964416504,-0.013862483203411102
617.622,0.014043734408915043,0.8030296564102173,0.5957690477371216,0.002326185815036297
617.931,-0.003908311016857624,0.8509728312492371,0.5251748561859131,0.004613241646438837
618.232,-0.003908311016857624,0.8509728312492371,0.5251748561859131,0.004613241646438837
618.558,-0.0313347764313221,0.39995819330215454,0.915641188621521,-0.02554992400109768
618.834,-0.015033694915473461,0.400396466255188,0.9153406620025635,-0.04010103642940521
619.136,-0.005544796586036682,0.6367610096931458,0.770689070224762,-0.023303600028157234
619.438,-0.01863265410065651,0.6669225692749023,0.7448870539665222,-0.003229514928534627
619.74,-0.05670509114861488,0.6488311290740967,0.7588103413581848,-0.0030924107413738966
620.048,-0.04157693311572075,0.7744840383529663,0.6309123039245605,-0.019887637346982956
620.35,-0.04157693311572075,0.7744840383529663,0.6309123039245605,-0.019887637346982956
620.651,-0.04157693311572075,0.7744840383529663,0.6309123039245605,-0.019887637346982956
620.952,-0.04157693311572075,0.7744840383529663,0.6309123039245605,-0.019887637346982956
621.253,-0.04157693311572075,0.7744840383529663,0.6309123039245605,-0.019887637346982956
621.554,-0.04157693311572075,0.7744840383529663,0.6309123039245605,-0.019887637346982956
621.855,-0.04157693311572075,0.7744840383529663,0.6309123039245605,-0.019887637346982956
622.162,-0.04157693311572075,0.7744840383529663,0.6309123039245605,-0.019887637346982956
622.464,-0.04157693311572075,0.7744840383529663,0.6309123039245605,-0.019887637346982956
622.765,0.043114300817251205,0.9320723414421082,-0.3595355749130249,-0.010790372267365456
623.085,0.04524398222565651,0.9989330768585205,0.0009879879653453827,0.009201891720294952
623.361,-0.0556609183549881,0.8609063625335693,0.5057071447372437,-0.0015438804402947426
623.662,-0.04576427489519119,0.9675804376602173,-0.24759283661842346,0.019787652418017387
623.964,0.013511925004422665,0.41039350628852844,-0.9115975499153137,0.019609389826655388
624.272,0.030656928196549416,0.37211376428604126,-0.9276566505432129,-0.006682777311652899
624.574,0.030656928196549416,0.37211376428604126,-0.9276566505432129,-0.006682777311652899
624.875,0.052616942673921585,0.7531465888023376,-0.6552537679672241,0.025380311533808708
625.177,0.04544448107481003,0.6981605887413025,-0.7144404053688049,-0.00902705267071724
625.479,0.04544448107481003,0.6981605887413025,-0.7144404053688049,-0.00902705267071724
625.78,0.04544448107481003,0.6981605887413025,-0.7144404053688049,-0.00902705267071724
626.09,0.04544448107481003,0.6981605887413025,-0.7144404053688049,-0.00902705267071724
626.513,0.04544448107481003,0.6981605887413025,-0.7144404053688049,-0.00902705267071724
626.823,0.04544448107481003,0.6981605887413025,-0.7144404053688049,-0.00902705267071724
627.124,0.04544448107481003,0.6981605887413025,-0.7144404053688049,-0.00902705267071724
627.454,0.04544448107481003,0.6981605887413025,-0.7144404053688049,-0.00902705267071724
627.73,-0.029195524752140045,0.98049396276474,0.19392737746238708,-0.013089765794575214
628.032,-0.004598768427968025,0.7643777132034302,-0.6431390643119812,0.045581504702568054
628.334,0.019349409267306328,0.17733275890350342,-0.9838165044784546,0.01684528961777687
628.642,0.00555459875613451,-0.20474831759929657,-0.9787229299545288,0.012191913090646267
628.944,0.00555459875613451,-0.20474831759929657,-0.9787229299545288,0.012191913090646267
629.245,-0.022342011332511902,0.32827022671699524,-0.9435425996780396,-0.03830009698867798
629.547,0.02884979546070099,0.8102867007255554,-0.5852418541908264,-0.009751022793352604
629.849,0.02489551156759262,0.9982029795646667,-0.04533076286315918,0.03026694618165493
630.151,-0.02458823285996914,0.9063909649848938,0.4195291996002197,0.04296591132879257
630.453,-0.05469571799039841,0.624401330947876,0.7786499857902527,0.028905635699629784
630.761,-0.05469571799039841,0.624401330947876,0.7786499857902527,0.028905635699629784
631.062,-0.05469571799039841,0.624401330947876,0.7786499857902527,0.028905635699629784
631.363,-0.05469571799039841,0.624401330947876,0.7786499857902527,0.028905635699629784
631.664,-0.05469571799039841,0.624401330947876,0.7786499857902527,0.028905635699629784
631.965,-0.05469571799039841,0.624401330947876,0.7786499857902527,0.028905635699629784
632.266,-0.05469571799039841,0.624401330947876,0.7786499857902527,0.028905635699629784
632.567,-0.024207884445786476,0.997463047504425,-0.06682543456554413,0.003981315065175295
632.875,-0.06127028539776802,0.9767388701438904,-0.2051026076078415,0.012652288191020489
633.177,-0.06127028539776802,0.9767388701438904,-0.2051026076078415,0.012652288191020489
633.478,0.00027474240050651133,0.26568323373794556,-0.9629145860671997,0.04698707535862923
633.78,0.016725346446037292,-0.38518470525741577,-0.9226875305175781,-0.0008371882140636444
634.082,-0.026966586709022522,-0.3320566713809967,-0.9428727030754089,-0.0014899742091074586
634.384,-0.05167409032583237,-0.2939722537994385,-0.9537551403045654,-0.03551342710852623
634.686,-0.05141550302505493,-0.5038697719573975,-0.8607802391052246,-0.050290342420339584
635.019,-0.029337598010897636,-0.8077602386474609,-0.5872064232826233,-0.04302757978439331
635.321,-0.029337598010897636,-0.8077602386474609,-0.5872064232826233,-0.04302757978439331
635.622,-0.029337598010897636,-0.8077602386474609,-0.5872064232826233,-0.04302757978439331
635.923,-0.029337598010897636,-0.8077602386474609,-0.5872064232826233,-0.04302757978439331
636.233,-0.029337598010897636,-0.8077602386474609,-0.5872064232826233,-0.04302757978439331
636.543,-0.029337598010897636,-0.8077602386474609,-0.5872064232826233,-0.04302757978439331
636.853,-0.029337598010897636,-0.8077602386474609,-0.5872064232826233,-0.04302757978439331
637.276,-0.029337598010897636,-0.8077602386474609,-0.5872064232826233,-0.04302757978439331
637.598,-0.029337598010897636,-0.8077602386474609,-0.5872064232826233,-0.04302757978439331
637.874,0.017767222598195076,0.23500804603099823,0.9700639843940735,-0.05857826769351959
638.176,-0.007668260484933853,0.23826341331005096,0.968429446220398,-0.07291201502084732
638.478,-0.03926103934645653,0.034088462591171265,0.997207760810852,-0.053602952510118484
638.78,0.001390754827298224,-0.29887065291404724,0.9536285400390625,-0.03559475764632225
639.082,0.05500882863998413,-0.3796229660511017,0.9234262108802795,-0.012018969282507896
639.39,0.05423187464475632,-0.02517707645893097,0.9981174468994141,0.013657909817993641
639.692,0.05423187464475632,-0.02517707645893097,0.9981174468994141,0.013657909817993641
639.993,-0.05080137401819229,0.7875486612319946,0.6128566265106201,-0.039913345128297806
640.295,-0.0419086329638958,0.6058835983276367,0.792090117931366,-0.06117204949259758
640.597,-0.014051004312932491,0.3351731598377228,0.9408143162727356,-0.04826979339122772
640.899,-0.014051004312932491,0.3351731598377228,0.9408143162727356,-0.04826979339122772
641.2,-0.014051004312932491,0.3351731598377228,0.9408143162727356,-0.04826979339122772
641.507,-0.014051004312932491,0.3351731598377228,0.9408143162727356,-0.04826979339122772
641.809,-0.014051004312932491,0.3351731598377228,0.9408143162727356,-0.04826979339122772
642.11,-0.014051004312932491,0.3351731598377228,0.9408143162727356,-0.04826979339122772
642.411,-0.014051004312932491,0.3351731598377228,0.9408143162727356,-0.04826979339122772
642.712,-0.006735643837600946,0.959336519241333,0.28213775157928467,-0.005128839053213596
643.014,-0.028235552832484245,0.9500254392623901,0.3095809817314148,0.028530599549412727
643.316,-0.029063832014799118,0.9894776940345764,-0.1406288892030716,0.01768277958035469
643.625,-0.014216841198503971,0.5997708439826965,-0.7991971969604492,0.03683312237262726
643.926,-0.014216841198503971,0.5997708439826965,-0.7991971969604492,0.03683312237262726
644.227,0.06893810629844666,-0.363711416721344,-0.9284670352935791,-0.030175060033798218
644.529,0.044104691594839096,-0.1430322825908661,-0.9879739284515381,-0.0387815423309803
644.831,0.05972999334335327,-0.062924824655056,-0.9952111840248108,-0.04502725601196289
645.156,0.056187622249126434,-0.4619981646537781,-0.8840863704681396,-0.04233140870928764
645.457,0.056187622249126434,-0.4619981646537781,-0.8840863704681396,-0.04233140870928764
645.765,0.056187622249126434,-0.4619981646537781,-0.8840863704681396,-0.04233140870928764
646.066,0.056187622249126434,-0.4619981646537781,-0.8840863704681396,-0.04233140870928764
646.376,0.056187622249126434,-0.4619981646537781,-0.8840863704681396,-0.04233140870928764
646.686,0.056187622249126434,-0.4619981646537781,-0.8840863704681396,-0.04233140870928764
646.996,0.056187622249126434,-0.4619981646537781,-0.8840863704681396,-0.04233140870928764
647.306,0.056187622249126434,-0.4619981646537781,-0.8840863704681396,-0.04233140870928764
647.607,0.056187622249126434,-0.4619981646537781,-0.8840863704681396,-0.04233140870928764
647.914,0.027936721220612526,-0.5521255135536194,-0.8329518437385559,-0.023837247863411903
648.216,0.027936721220612526,-0.5521255135536194,-0.8329518437385559,-0.023837247863411903
648.517,0.032526645809412,-0.19984792172908783,0.9791098237037659,-0.01862119697034359
648.844,-0.009363622404634953,0.27383124828338623,0.9591825604438782,-0.06998287886381149
649.119,-0.006780053488910198,-0.09590446949005127,0.9951844811439514,0.01908545196056366
649.421,-0.0012376040685921907,-0.6709503531455994,0.7411331534385681,0.02336135320365429
649.723,0.024838708341121674,-0.9693071842193604,0.24367906153202057,-0.021146167069673538
650.031,0.04058456048369408,-0.9519068002700806,0.3014758825302124,-0.03658680617809296
650.333,0.04058456048369408,-0.9519068002700806,0.3014758825302124,-0.03658680617809296
650.634,0.10701263695955276,-0.5505682229995728,0.8251140713691711,-0.0678943544626236
650.936,0.10701263695955276,-0.5505682229995728,0.8251140713691711,-0.0678943544626236
651.237,0.10701263695955276,-0.5505682229995728,0.8251140713691711,-0.0678943544626236
651.538,0.10701263695955276,-0.5505682229995728,0.8251140713691711,-0.0678943544626236
651.839,0.10701263695955276,-0.5505682229995728,0.8251140713691711,-0.0678943544626236
652.146,0.10701263695955276,-0.5505682229995728,0.8251140713691711,-0.0678943544626236
652.448,0.10701263695955276,-0.5505682229995728,0.8251140713691711,-0.0678943544626236
652.749,0.10701263695955276,-0.5505682229995728,0.8251140713691711,-0.0678943544626236
653.05,-0.018732013180851936,-0.9956511855125427,0.08761490136384964,0.025524621829390526
653.371,-0.05890941619873047,-0.9885048866271973,0.13357964158058167,0.03929629176855087
653.646,-0.038532327860593796,-0.9590761661529541,0.2804035246372223,-0.007876916788518429
653.948,0.010489423759281635,-0.7442351579666138,0.6675117015838623,0.020789481699466705
654.256,0.02060607448220253,-0.766593337059021,0.6415905356407166,0.0164824016392231
654.558,0.02060607448220253,-0.766593337059021,0.6415905356407166,0.0164824016392231
654.859,0.042697593569755554,-0.9715179800987244,0.23220978677272797,0.020208055153489113
655.161,0.042697593569755554,-0.9715179800987244,0.23220978677272797,0.020208055153489113
655.462,-0.009357398375868797,0.28560465574264526,-0.9581567645072937,-0.016676053404808044
655.764,0.07725375890731812,0.6771419048309326,-0.7312136888504028,0.028935736045241356
656.066,0.07725375890731812,0.6771419048309326,-0.7312136888504028,0.028935736045241356
656.489,0.07725375890731812,0.6771419048309326,-0.7312136888504028,0.028935736045241356
656.799,0.07725375890731812,0.6771419048309326,-0.7312136888504028,0.028935736045241356
657.109,0.07725375890731812,0.6771419048309326,-0.7312136888504028,0.028935736045241356
657.41,0.07725375890731812,0.6771419048309326,-0.7312136888504028,0.028935736045241356
657.74,0.07725375890731812,0.6771419048309326,-0.7312136888504028,0.028935736045241356
658.016,0.01593746617436409,-0.7042889595031738,0.7095238566398621,-0.017290640622377396
658.318,-0.020385129377245903,-0.4511725604534149,0.8916744589805603,0.030731020495295525
658.626,0.02899029664695263,0.13660076260566711,0.9890099763870239,0.048570629209280014
658.928,0.02899029664695263,0.13660076260566711,0.9890099763870239,0.048570629209280014
659.229,-0.01412699744105339,0.9176700711250305,0.39058101177215576,-0.07161363214254379
659.531,-0.1035088449716568,0.9645394086837769,0.24135424196720123,-0.02641580067574978
659.833,-0.07247288525104523,0.9961227178573608,-0.03794523701071739,-0.03236242011189461
660.135,-0.029954005032777786,0.8352732062339783,-0.5480555891990662,-0.0325038842856884
660.437,-0.007188807241618633,0.5712819695472717,-0.8192500472068787,0.049138445407152176
660.78,-0.051742296665906906,0.6869935989379883,-0.7179583311080933,0.09949036687612534
661.081,-0.051742296665906906,0.6869935989379883,-0.7179583311080933,0.09949036687612534
661.382,-0.051742296665906906,0.6869935989379883,-0.7179583311080933,0.09949036687612534
661.683,-0.051742296665906906,0.6869935989379883,-0.7179583311080933,0.09949036687612534
661.984,-0.051742296665906906,0.6869935989379883,-0.7179583311080933,0.09949036687612534
662.285,-0.051742296665906906,0.6869935989379883,-0.7179583311080933,0.09949036687612534
662.586,-0.051742296665906906,0.6869935989379883,-0.7179583311080933,0.09949036687612534
662.893,-0.051742296665906906,0.6869935989379883,-0.7179583311080933,0.09949036687612534
663.195,-0.051742296665906906,0.6869935989379883,-0.7179583311080933,0.09949036687612534
663.496,0.011164242401719093,-0.07594579458236694,0.9964039921760559,-0.035870179533958435
663.798,0.009494245983660221,-0.44028520584106445,0.8978059887886047,-0.0018013134831562638
664.1,0.04899980500340462,-0.7334436178207397,0.6774078011512756,-0.027896150946617126
664.402,0.003672367660328746,-0.9878501892089844,0.15536336600780487,-0.000847295974381268
664.704,0.013437981717288494,-0.9073716998100281,-0.4162919521331787,0.05654270574450493
665.03,-0.0053394087590277195,-0.9885092377662659,-0.11956223845481873,0.09233535081148148
665.332,-0.0053394087590277195,-0.9885092377662659,-0.11956223845481873,0.09233535081148148
665.633,0.0342477522790432,-0.894677996635437,0.4451594352722168,-0.014541655778884888
665.935,0.006556736305356026,-0.9128940105438232,0.40719273686408997,0.027849191799759865
666.237,0.006556736305356026,-0.9128940105438232,0.40719273686408997,0.027849191799759865
666.547,0.006556736305356026,-0.9128940105438232,0.40719273686408997,0.027849191799759865
666.857,0.006556736305356026,-0.9128940105438232,0.40719273686408997,0.027849191799759865
667.28,0.006556736305356026,-0.9128940105438232,0.40719273686408997,0.027849191799759865
667.581,0.006556736305356026,-0.9128940105438232,0.40719273686408997,0.027849191799759865
667.913,-0.013692597858607769,-0.8180306553840637,0.574191153049469,-0.030705871060490608
668.188,0.030061503872275352,-0.9710344076156616,-0.23266881704330444,0.045318350195884705
668.49,0.006737702060490847,-0.8927081227302551,-0.4485119879245758,0.04317157715559006
668.792,-0.016218438744544983,-0.890558660030365,-0.4526093602180481,0.04227259382605553
669.094,-0.029246008023619652,-0.9717121124267578,-0.22763122618198395,0.05571584403514862
669.402,0.011528600938618183,-0.9775034189224243,0.20824116468429565,0.031459905207157135
669.703,0.011528600938618183,-0.9775034189224243,0.20824116468429565,0.031459905207157135
670.004,0.029168592765927315,-0.7921839952468872,0.608924150466919,-0.028373610228300095
670.306,0.04899025335907936,-0.9404981136322021,0.33535638451576233,-0.02448078989982605
670.608,0.06694565713405609,-0.8667286038398743,0.4940416216850281,-0.014920944347977638
670.91,0.0545232780277729,-0.4634348452091217,0.8843597173690796,-0.012775748036801815
671.212,0.0358753465116024,0.04658273607492447,0.9977582097053528,-0.031962499022483826
671.52,0.0358753465116024,0.04658273607492447,0.9977582097053528,-0.031962499022483826
671.821,0.0358753465116024,0.04658273607492447,0.9977582097053528,-0.031962499022483826
672.122,0.0358753465116024,0.04658273607492447,0.9977582097053528,-0.031962499022483826
672.423,0.0358753465116024,0.04658273607492447,0.9977582097053528,-0.031962499022483826
672.724,0.0358753465116024,0.04658273607492447,0.9977582097053528,-0.031962499022483826
673.025,0.0358753465116024,0.04658273607492447,0.9977582097053528,-0.031962499022483826
673.326,0.014139502309262753,-0.3780593276023865,-0.9255783557891846,0.013261627405881882
673.634,-0.03934260457754135,-0.15144173800945282,-0.9876703023910522,-0.0049981060437858105
673.936,-0.03934260457754135,-0.15144173800945282,-0.9876703023910522,-0.0049981060437858105
674.237,0.027709148824214935,-0.4734255075454712,0.8803974986076355,0.0008751057903282344
674.539,-0.025141283869743347,-0.2688486874103546,0.9627171158790588,-0.016248155385255814
674.841,0.007773790042847395,-0.694585919380188,0.716587483882904,-0.06318558752536774
675.143,0.07239163666963577,-0.33275675773620605,0.9395987391471863,-0.034447334706783295
675.47,0.004845346324145794,0.688106894493103,0.7255898714065552,0.002177805406972766
675.752,-0.04057589918375015,0.34949541091918945,0.9360578060150146,0.0015281768282875419
676.054,-0.04057589918375015,0.34949541091918945,0.9360578060150146,0.0015281768282875419
676.355,-0.04057589918375015,0.34949541091918945,0.9360578060150146,0.0015281768282875419
676.665,-0.04057589918375015,0.34949541091918945,0.9360578060150146,0.0015281768282875419
676.975,-0.04057589918375015,0.34949541091918945,0.9360578060150146,0.0015281768282875419
677.285,-0.04057589918375015,0.34949541091918945,0.9360578060150146,0.0015281768282875419
677.595,-0.04057589918375015,0.34949541091918945,0.9360578060150146,0.0015281768282875419
677.902,-0.04057589918375015,0.34949541091918945,0.9360578060150146,0.0015281768282875419
678.204,-0.04057589918375015,0.34949541091918945,0.9360578060150146,0.0015281768282875419
678.505,0.013622721657156944,0.9922153353691101,-0.12248340249061584,0.017915230244398117
678.807,0.028662562370300293,0.9377925992012024,-0.3446229100227356,0.030960243195295334
679.132,0.03150475397706032,0.9030072689056396,-0.4284532964229584,0.0036195148713886738
679.408,0.035658057779073715,0.9867844581604004,-0.1577465683221817,0.010045753791928291
679.71,0.009923076257109642,0.7897363305091858,0.6130285859107971,-0.020346542820334435
680.017,0.00786442868411541,-0.21217089891433716,0.9770668745040894,-0.016185743734240532
680.319,0.00786442868411541,-0.21217089891433716,0.9770668745040894,-0.016185743734240532
680.62,0.046928711235523224,-0.6949169039726257,-0.7173737287521362,0.016222458332777023
680.922,0.029434379190206528,-0.8376926779747009,-0.5440415740013123,0.0377267450094223
681.224,-0.010679574683308601,-0.9912737607955933,-0.13138598203659058,0.00012584851356223226
681.526,-0.010679574683308601,-0.9912737607955933,-0.13138598203659058,0.00012584851356223226
681.827,-0.010679574683308601,-0.9912737607955933,-0.13138598203659058,0.00012584851356223226
682.134,-0.010679574683308601,-0.9912737607955933,-0.13138598203659058,0.00012584851356223226
682.435,-0.010679574683308601,-0.9912737607955933,-0.13138598203659058,0.00012584851356223226
682.736,-0.010679574683308601,-0.9912737607955933,-0.13138598203659058,0.00012584851356223226
683.037,-0.010679574683308601,-0.9912737607955933,-0.13138598203659058,0.00012584851356223226
683.338,-0.010679574683308601,-0.9912737607955933,-0.13138598203659058,0.00012584851356223226
683.658,-0.03553715720772743,-0.6755864024162292,-0.7363720536231995,-0.008738148957490921
683.933,0.05010314658284187,-0.34216776490211487,0.938235342502594,-0.011197513900697231
684.241,0.00017778799519874156,0.7081937789916992,0.7058896422386169,-0.013466048054397106
684.542,0.00017778799519874156,0.7081937789916992,0.7058896422386169,-0.013466048054397106
684.843,-0.00590716116130352,-0.4576219916343689,0.8889164924621582,-0.01935776323080063
685.145,0.02900047041475773,-0.9976073503494263,-0.05640052258968353,-0.02752314880490303
685.447,0.05094565451145172,-0.8194308280944824,-0.5705066323280334,0.021444082260131836
685.749,0.058907050639390945,-0.7843229174613953,-0.616780698299408,0.03080727718770504
686.051,0.01313341036438942,-0.7341411709785461,-0.6779205799102783,0.03588796406984329
686.36,-0.03847436606884003,-0.7088807225227356,-0.6981487274169922,0.09271582216024399
686.67,-0.03847436606884003,-0.7088807225227356,-0.6981487274169922,0.09271582216024399
686.98,-0.03847436606884003,-0.7088807225227356,-0.6981487274169922,0.09271582216024399
687.29,-0.03847436606884003,-0.7088807225227356,-0.6981487274169922,0.09271582216024399
687.6,-0.03847436606884003,-0.7088807225227356,-0.6981487274169922,0.09271582216024399
687.901,-0.03847436606884003,-0.7088807225227356,-0.6981487274169922,0.09271582216024399
688.202,0.009987715631723404,-0.20662082731723785,0.9783316254615784,-0.008677107281982899
688.511,-0.01375814899802208,0.17164276540279388,0.9844480156898499,-0.03480842337012291
688.812,-0.01375814899802208,0.17164276540279388,0.9844480156898499,-0.03480842337012291
689.137,-0.020598001778125763,0.20198692381381989,0.9790688157081604,0.014185909181833267
689.413,-0.04155462235212326,0.036321379244327545,0.998471736907959,-0.0028489497490227222
689.714,-0.034327056258916855,-0.2857556939125061,0.9570881724357605,-0.03387663513422012
690.016,0.03267856687307358,-0.7631604671478271,0.6445721983909607,-0.0323241762816906
690.318,0.08281324803829193,-0.9865673780441284,0.14058810472488403,-0.007860999554395676
690.625,0.06380672752857208,-0.9914776682853699,0.09629255533218384,0.06023725867271423
690.927,0.06380672752857208,-0.9914776682853699,0.09629255533218384,0.06023725867271423
691.228,0.015877336263656616,-0.13394814729690552,0.9894346594810486,-0.0531490184366703
691.53,0.015031150542199612,-0.20091819763183594,0.9752171635627747,-0.0914188101887703
691.832,0.015031150542199612,-0.20091819763183594,0.9752171635627747,-0.0914188101887703
692.133,0.015031150542199612,-0.20091819763183594,0.9752171635627747,-0.0914188101887703
692.434,0.015031150542199612,-0.20091819763183594,0.9752171635627747,-0.0914188101887703
692.741,0.015031150542199612,-0.20091819763183594,0.9752171635627747,-0.0914188101887703
693.043,0.015031150542199612,-0.20091819763183594,0.9752171635627747,-0.0914188101887703
693.344,0.015031150542199612,-0.20091819763183594,0.9752171635627747,-0.0914188101887703
693.663,0.015031150542199612,-0.20091819763183594,0.9752171635627747,-0.0914188101887703
693.939,-0.0449746809899807,-0.9783560633659363,-0.1904153674840927,0.06736945360898972
694.24,-0.08228012919425964,-0.9899632334709167,-0.012631425634026527,0.11420676857233047
694.542,-0.04904039576649666,-0.9564400315284729,0.26606908440589905,0.10965755581855774
694.85,0.005554600153118372,-0.7255496382713318,0.6841191649436951,0.07434950023889542
695.152,0.005554600153118372,-0.7255496382713318,0.6841191649436951,0.07434950023889542
695.453,0.03326435759663582,0.3658128082752228,0.9300467371940613,-0.009357075206935406
695.755,-0.027996079996228218,0.8086972832679749,0.5861880779266357,-0.04010554775595665
696.057,-0.045953527092933655,0.7039018273353577,0.7086511850357056,-0.01496445294469595
696.359,-0.024595219641923904,-0.44208240509033203,0.8965436220169067,0.012952391058206558
696.67,0.008541865274310112,-0.9783011078834534,-0.2007005512714386,-0.050726935267448425
697.094,0.008541865274310112,-0.9783011078834534,-0.2007005512714386,-0.050726935267448425
697.404,0.008541865274310112,-0.9783011078834534,-0.2007005512714386,-0.050726935267448425
697.705,0.008541865274310112,-0.9783011078834534,-0.2007005512714386,-0.050726935267448425
698.035,0.008541865274310112,-0.9783011078834534,-0.2007005512714386,-0.050726935267448425
698.311,0.0390576608479023,-0.911009669303894,0.409808874130249,-0.02434280514717102
698.612,0.014361975714564323,-0.8616752624511719,0.5063892006874084,-0.02965519204735756
698.914,0.018431775271892548,-0.6760544776916504,0.7359691262245178,-0.030984222888946533
699.222,0.008995500393211842,-0.07065210491418839,0.9970676898956299,-0.027989648282527924
699.524,0.008995500393211842,-0.07065210491418839,0.9970676898956299,-0.027989648282527924
699.825,-0.00923748780041933,0.3394472897052765,0.9395063519477844,0.044922102242708206
700.127,0.01669039949774742,0.2993887662887573,0.9539318680763245,-0.010088217444717884
700.429,0.025079764425754547,0.3825691044330597,0.9235580563545227,0.00724015710875392
700.731,0.019464382901787758,0.01561354473233223,0.9974285960197449,0.0671829953789711
701.067,0.015985650941729546,-0.7880872488021851,0.6153255105018616,-0.006125747691839933
701.349,0.11056576669216156,-0.9912818670272827,-0.05613667890429497,0.04454416781663895
701.65,0.11056576669216156,-0.9912818670272827,-0.05613667890429497,0.04454416781663895
701.951,0.11056576669216156,-0.9912818670272827,-0.05613667890429497,0.04454416781663895
702.252,0.11056576669216156,-0.9912818670272827,-0.05613667890429497,0.04454416781663895
702.553,0.11056576669216156,-0.9912818670272827,-0.05613667890429497,0.04454416781663895
702.854,0.11056576669216156,-0.9912818670272827,-0.05613667890429497,0.04454416781663895
703.155,0.11056576669216156,-0.9912818670272827,-0.05613667890429497,0.04454416781663895
703.462,0.11056576669216156,-0.9912818670272827,-0.05613667890429497,0.04454416781663895
703.764,0.11056576669216156,-0.9912818670272827,-0.05613667890429497,0.04454416781663895
704.065,-0.05640963464975357,0.45659950375556946,0.88785719871521,-0.006667196284979582
704.367,-0.050462834537029266,0.6885913610458374,0.7233865261077881,0.002712212037295103
704.669,-0.050399426370859146,0.7540988922119141,0.653814971446991,0.036341745406389236
704.971,-0.055709317326545715,0.6455665230751038,0.7608544826507568,0.03522389009594917
705.273,-0.07324706763029099,0.900111734867096,0.4294271767139435,0.005100127775222063
705.6,-0.0008734092698432505,0.9811441898345947,-0.19308459758758545,-0.008580575697124004
705.902,-0.0008734092698432505,0.9811441898345947,-0.19308459758758545,-0.008580575697124004
706.203,0.012193665839731693,0.7215932607650757,-0.6922016739845276,0.0033763048704713583
706.505,0.016259415075182915,0.6768373847007751,-0.7340284585952759,-0.05318841710686684
706.816,0.029051076620817184,0.9258103966712952,-0.3765876293182373,-0.01459154300391674
707.126,0.029051076620817184,0.9258103966712952,-0.3765876293182373,-0.01459154300391674
707.436,0.029051076620817184,0.9258103966712952,-0.3765876293182373,-0.01459154300391674
707.859,0.029051076620817184,0.9258103966712952,-0.3765876293182373,-0.01459154300391674
708.18,0.029051076620817184,0.9258103966712952,-0.3765876293182373,-0.01459154300391674
708.456,0.02402244508266449,0.46572375297546387,-0.883969783782959,0.03349246829748154
708.758,0.008584309369325638,0.47928449511528015,-0.8775761723518372,-0.00853019766509533
709.06,-0.006685965694487095,0.8781142234802246,-0.47840431332588196,0.0001638995308894664
709.362,-0.04467767849564552,0.9016080498695374,0.43017998337745667,0.007213087286800146
709.663,-0.03796537220478058,-0.005609516520053148,0.9991379380226135,-0.01582917384803295
709.971,0.02877628803253174,-0.8761157989501953,0.48108360171318054,-0.012313132174313068
710.272,0.02877628803253174,-0.8761157989501953,0.48108360171318054,-0.012313132174313068
710.573,0.022154515609145164,-0.9514289498329163,0.29506534337997437,0.08502072840929031
710.875,0.049019720405340195,-0.9911016821861267,-0.10881270468235016,0.05894329771399498
711.177,0.018372630700469017,-0.5896216034889221,-0.806441068649292,0.04076302424073219
711.488,-0.000753201951738447,0.3826028108596802,-0.9239029884338379,0.004210797604173422
711.763,-0.02311984822154045,0.9158063530921936,0.3998269736766815,0.030043266713619232
712.071,-0.02311984822154045,0.9158063530921936,0.3998269736766815,0.030043266713619232
712.373,-0.02311984822154045,0.9158063530921936,0.3998269736766815,0.030043266713619232
712.674,-0.02311984822154045,0.9158063530921936,0.3998269736766815,0.030043266713619232
712.975,-0.02311984822154045,0.9158063530921936,0.3998269736766815,0.030043266713619232
713.276,-0.02311984822154045,0.9158063530921936,0.3998269736766815,0.030043266713619232
713.577,-0.02311984822154045,0.9158063530921936,0.3998269736766815,0.030043266713619232
713.878,-0.02311984822154045,0.9158063530921936,0.3998269736766815,0.030043266713619232
714.185,-0.02534780465066433,-0.06868620961904526,-0.996060311794281,-0.050034988671541214
714.486,-0.02534780465066433,-0.06868620961904526,-0.996060311794281,-0.050034988671541214
714.787,-0.018043875694274902,0.9053559899330139,-0.4242628216743469,-0.00244537484832108
715.089,-0.0006999046308919787,0.944467306137085,0.32837340235710144,0.012324598617851734
715.391,-0.01860811933875084,0.34917259216308594,0.9368700981140137,0.0025866113137453794
715.693,-0.008113546296954155,0.16044507920742035,0.9864823222160339,-0.03231450542807579
716.015,0.0379258394241333,0.4291754961013794,0.9002812504768372,-0.06215846166014671
716.297,-0.03703133016824722,0.7842013239860535,0.617739200592041,-0.045334868133068085
716.599,-0.03703133016824722,0.7842013239860535,0.617739200592041,-0.045334868133068085
716.909,0.044557422399520874,0.9934369325637817,-0.10370110720396042,0.01854005455970764
717.219,0.044557422399520874,0.9934369325637817,-0.10370110720396042,0.01854005455970764
717.529,0.044557422399520874,0.9934369325637817,-0.10370110720396042,0.01854005455970764
717.839,0.044557422399520874,0.9934369325637817,-0.10370110720396042,0.01854005455970764
718.14,0.044557422399520874,0.9934369325637817,-0.10370110720396042,0.01854005455970764
718.447,0.011229243129491806,-0.6543779969215393,0.7560407519340515,0.008109583519399166
718.748,0.011229243129491806,-0.6543779969215393,0.7560407519340515,0.008109583519399166
719.049,0.0029807058162987232,-0.9883463978767395,-0.15054945647716522,-0.02230127714574337
719.375,0.03710995987057686,-0.9224854707717896,-0.38415995240211487,-0.008035396225750446
719.651,0.03592634201049805,-0.7572599649429321,-0.652110755443573,0.004260143730789423
719.953,0.024973252788186073,-0.33695608377456665,-0.9407443404197693,0.028931057080626488
720.255,0.0021361676044762135,0.011704939417541027,-0.9976814985275269,0.06700778752565384
720.564,-0.03395147621631622,-0.13803614675998688,-0.9880727529525757,0.05920734629034996
720.865,-0.03395147621631622,-0.13803614675998688,-0.9880727529525757,0.05920734629034996
721.166,-0.04288843646645546,-0.2778647840023041,-0.9582563638687134,0.05192754045128822
721.468,-0.03490123152732849,0.5660998821258545,-0.82276850938797,0.03694334253668785
721.77,-0.0022880982141941786,0.8348538279533386,0.5502276420593262,-0.0162300243973732
722.072,0.0018460546853020787,-0.42773428559303284,0.9038798213005066,-0.0064222426153719425
722.374,-0.00611365120857954,-0.9415609836578369,0.3347502648830414,-0.03698359429836273
722.682,-0.00611365120857954,-0.9415609836578369,0.3347502648830414,-0.03698359429836273
722.984,-0.00611365120857954,-0.9415609836578369,0.3347502648830414,-0.03698359429836273
723.285,-0.00611365120857954,-0.9415609836578369,0.3347502648830414,-0.03698359429836273
723.586,-0.00611365120857954,-0.9415609836578369,0.3347502648830414,-0.03698359429836273
723.887,-0.00611365120857954,-0.9415609836578369,0.3347502648830414,-0.03698359429836273
724.188,-0.00611365120857954,-0.9415609836578369,0.3347502648830414,-0.03698359429836273
724.489,0.02868867665529251,0.34608033299446106,-0.9376778602600098,0.012869284488260746
724.797,0.029016690328717232,0.34782424569129944,-0.9346951246261597,0.06724125891923904
725.099,0.029016690328717232,0.34782424569129944,-0.9346951246261597,0.06724125891923904
725.4,0.002099600387737155,-0.9295802116394043,-0.36821576952934265,0.017128288745880127
725.702,-0.006286213174462318,-0.9563835263252258,0.2892625033855438,0.04022809490561485
726.004,-0.01029922254383564,-0.9838767051696777,0.1778087466955185,0.01626824028789997
726.306,-0.01029922254383564,-0.9838767051696777,0.1778087466955185,0.01626824028789997
726.607,-0.02044769935309887,-0.9224910140037537,0.3850798010826111,-0.017486654222011566
727.056,-0.04618244618177414,-0.9067451357841492,0.4155600666999817,0.05468327924609184
727.366,-0.04618244618177414,-0.9067451357841492,0.4155600666999817,0.05468327924609184
727.676,-0.04618244618177414,-0.9067451357841492,0.4155600666999817,0.05468327924609184
727.977,-0.04618244618177414,-0.9067451357841492,0.4155600666999817,0.05468327924609184
728.278,0.02914660982787609,-0.8804247975349426,0.471176415681839,0.04467054083943367
728.58,0.02325776033103466,-0.849109411239624,0.5249319076538086,0.05402626469731331
728.882,0.02325776033103466,-0.849109411239624,0.5249319076538086,0.05402626469731331
729.189,0.014308437705039978,-0.8049972653388977,-0.5929423570632935,0.013932152651250362
729.49,0.014308437705039978,-0.8049972653388977,-0.5929423570632935,0.013932152651250362
729.791,-0.04045860841870308,-0.15772150456905365,-0.986213743686676,-0.029486246407032013
730.108,-0.09046453982591629,0.18966475129127502,-0.9776706695556641,0.0018764123087748885
730.384,0.06299782544374466,0.9799410700798035,-0.18882565200328827,-0.009572448208928108
730.685,0.06332164257764816,0.9972971677780151,-0.019644251093268394,0.0316668339073658
730.987,-0.027694810181856155,0.9914136528968811,-0.11548776179552078,0.05472292751073837
731.296,-0.06900682300329208,0.8797094821929932,-0.4626026153564453,0.08572088181972504
731.597,-0.06900682300329208,0.8797094821929932,-0.4626026153564453,0.08572088181972504
731.898,0.01675628311932087,-0.999782919883728,0.007673945743590593,-0.00971893034875393
732.2,0.013294437900185585,-0.11512178927659988,0.9931777715682983,-0.012965171597898006
732.502,-0.01868598163127899,0.911647617816925,0.4104844331741333,-0.00721095222979784
732.804,-0.01868598163127899,0.911647617816925,0.4104844331741333,-0.00721095222979784
733.105,-0.01868598163127899,0.911647617816925,0.4104844331741333,-0.00721095222979784
733.412,-0.01868598163127899,0.911647617816925,0.4104844331741333,-0.00721095222979784
733.714,-0.01868598163127899,0.911647617816925,0.4104844331741333,-0.00721095222979784
734.015,-0.01868598163127899,0.911647617816925,0.4104844331741333,-0.00721095222979784
734.316,-0.01868598163127899,0.911647617816925,0.4104844331741333,-0.00721095222979784
734.635,-0.01868598163127899,0.911647617816925,0.4104844331741333,-0.00721095222979784
734.911,0.04440819099545479,0.09446880966424942,0.9941076040267944,-0.02921786531805992
735.213,-0.0262652188539505,0.8741685152053833,-0.48451411724090576,0.019637133926153183
735.521,0.009634599089622498,-0.48026061058044434,-0.8768116235733032,0.021407151594758034
735.823,0.009634599089622498,-0.48026061058044434,-0.8768116235733032,0.021407151594758034
736.124,0.02390342392027378,-0.21816876530647278,0.9755605459213257,-0.010612010024487972
736.426,-0.025783220306038857,0.3453626334667206,0.9377312064170837,-0.026833390817046165
736.728,-0.05744454637169838,0.4748935401439667,0.8778709173202515,-0.022779103368520737
737.039,-0.11353517323732376,0.39559754729270935,0.9104766249656677,-0.040554024279117584
737.349,-0.11353517323732376,0.39559754729270935,0.9104766249656677,-0.040554024279117584
737.772,-0.11353517323732376,0.39559754729270935,0.9104766249656677,-0.040554024279117584
738.074,-0.11353517323732376,0.39559754729270935,0.9104766249656677,-0.040554024279117584
738.375,-0.11183413863182068,-0.9656724333763123,0.22413617372512817,0.06879601627588272
738.677,-0.05658508092164993,-0.49831682443618774,0.8634231686592102,0.054579008370637894
738.99,0.03904975950717926,0.1764654964208603,0.9834560751914978,0.012213706970214844
739.265,0.04370460286736488,0.5517238974571228,0.831183910369873,-0.05314045026898384
739.567,0.01923859305679798,0.24215173721313477,0.9683747291564941,-0.056945834308862686
739.875,0.028696944937109947,-0.3040257394313812,0.9505191445350647,-0.057080499827861786
740.177,0.028696944937109947,-0.3040257394313812,0.9505191445350647,-0.057080499827861786
740.478,0.034527380019426346,-0.9952516555786133,-0.09100321680307388,0.0006577732274308801
740.78,-0.026581095531582832,-0.9947162866592407,0.0870179682970047,0.047547597438097
741.082,0.02347554825246334,-0.08985404670238495,0.9956222176551819,0.01055905595421791
741.384,0.008679131977260113,0.7495672106742859,0.6605291366577148,-0.042130064219236374
741.686,-0.03340040147304535,0.9487460851669312,0.3102746903896332,-0.04994920641183853
742.028,-0.1144944280385971,0.9881433844566345,-0.09947441518306732,0.023844124749302864
742.33,-0.1144944280385971,0.9881433844566345,-0.09947441518306732,0.023844124749302864
742.631,0.035193681716918945,0.5432130098342896,-0.8370417356491089,0.05515581741929054
742.933,0.035193681716918945,0.5432130098342896,-0.8370417356491089,0.05515581741929054
743.234,0.035193681716918945,0.5432130098342896,-0.8370417356491089,0.05515581741929054
743.535,0.035193681716918945,0.5432130098342896,-0.8370417356491089,0.05515581741929054
743.836,0.035193681716918945,0.5432130098342896,-0.8370417356491089,0.05515581741929054
744.143,0.035193681716918945,0.5432130098342896,-0.8370417356491089,0.05515581741929054
744.445,0.035193681716918945,0.5432130098342896,-0.8370417356491089,0.05515581741929054
744.746,0.035193681716918945,0.5432130098342896,-0.8370417356491089,0.05515581741929054
745.047,-0.016530923545360565,0.9810636639595032,0.18461409211158752,-0.056200116872787476
745.349,-0.04781818389892578,0.9839833974838257,0.16203495860099792,-0.056875165551900864
745.651,-0.03203917294740677,0.981323778629303,0.18076905608177185,-0.05744307115674019
745.953,-0.021869152784347534,0.9873515963554382,0.1440637856721878,-0.062483422458171844
746.278,0.0005087872268632054,0.9918732643127441,0.10867224633693695,-0.06616256386041641
746.58,0.0005087872268632054,0.9918732643127441,0.10867224633693695,-0.06616256386041641
746.881,0.04132193326950073,0.9798913598060608,0.19410113990306854,-0.02073957957327366
747.192,0.026230476796627045,0.8855560421943665,0.4626893103122711,-0.03195450082421303
747.502,0.026230476796627045,0.8855560421943665,0.4626893103122711,-0.03195450082421303
747.812,0.026230476796627045,0.8855560421943665,0.4626893103122711,-0.03195450082421303
748.122,0.026230476796627045,0.8855560421943665,0.4626893103122711,-0.03195450082421303
748.429,0.026230476796627045,0.8855560421943665,0.4626893103122711,-0.03195450082421303
748.731,0.026230476796627045,0.8855560421943665,0.4626893103122711,-0.03195450082421303
749.032,0.02565591037273407,-0.7288225293159485,-0.6838298439979553,0.023157207295298576
749.334,0.035592399537563324,-0.7933143973350525,-0.6077350378036499,-0.006600591354072094
749.636,-0.008497955277562141,-0.7790953516960144,-0.6261944770812988,-0.028612567111849785
749.938,-0.010126144625246525,-0.561037003993988,-0.8276374340057373,0.012297608889639378
750.24,0.008189029060304165,-0.1474572718143463,-0.9888880848884583,0.017018627375364304
750.562,0.01818096823990345,0.4530489146709442,-0.8906530737876892,-0.033959243446588516
750.863,0.01818096823990345,0.4530489146709442,-0.8906530737876892,-0.033959243446588516
751.164,0.07649616152048111,0.9386935830116272,-0.329074501991272,0.0686488226056099
751.466,0.032248806208372116,0.9660636186599731,-0.2510571777820587,0.05149193853139877
751.768,-0.014401571825146675,0.9541885256767273,0.29466649889945984,0.049885377287864685
752.07,-0.018824594095349312,-0.3277820646762848,0.9443159699440002,-0.021724192425608635
752.372,0.011519208550453186,-0.559634804725647,-0.8285682797431946,-0.012281783856451511
752.681,-0.0028569712303578854,0.8820558786392212,-0.4705358147621155,0.02377719059586525
752.982,-0.0028569712303578854,0.8820558786392212,-0.4705358147621155,0.02377719059586525
753.283,-0.0028569712303578854,0.8820558786392212,-0.4705358147621155,0.02377719059586525
753.584,-0.0028569712303578854,0.8820558786392212,-0.4705358147621155,0.02377719059586525
753.885,-0.0028569712303578854,0.8820558786392212,-0.4705358147621155,0.02377719059586525
754.186,-0.0028569712303578854,0.8820558786392212,-0.4705358147621155,0.02377719059586525
754.487,-0.0028569712303578854,0.8820558786392212,-0.4705358147621155,0.02377719059586525
754.794,-0.0028569712303578854,0.8820558786392212,-0.4705358147621155,0.02377719059586525
755.096,0.054212674498558044,-0.48658260703086853,0.8717433214187622,0.019024141132831573
755.398,0.08584944903850555,-0.4018758535385132,0.9116413593292236,-0.005974837578833103
755.7,0.08931706100702286,-0.09417752921581268,0.9915215969085693,-0.00616003293544054
756.002,0.03169245645403862,0.5426222681999207,0.8390717506408691,-0.02269897609949112
756.304,-0.04125763103365898,0.7665369510650635,0.6408663392066956,-0.0030292323790490627
756.606,-0.03858078643679619,0.6013017296791077,0.7968692779541016,-0.04412604495882988
756.914,0.009258363395929337,0.7082255482673645,0.6998270750045776,-0.09259030967950821
757.225,0.009258363395929337,0.7082255482673645,0.6998270750045776,-0.09259030967950821
757.535,0.009258363395929337,0.7082255482673645,0.6998270750045776,-0.09259030967950821
757.845,0.009258363395929337,0.7082255482673645,0.6998270750045776,-0.09259030967950821
758.155,0.009258363395929337,0.7082255482673645,0.6998270750045776,-0.09259030967950821
758.456,0.009258363395929337,0.7082255482673645,0.6998270750045776,-0.09259030967950821
758.757,-0.014851264655590057,0.542607843875885,-0.8391643166542053,0.03405036777257919
759.066,0.035580407828092575,0.5088756680488586,-0.8578813076019287,0.06180018186569214
759.367,0.035580407828092575,0.5088756680488586,-0.8578813076019287,0.06180018186569214
759.668,-0.0020937237422913313,-0.08971396833658218,-0.9939953088760376,0.06261268258094788
759.97,-0.0013460151385515928,-0.5293335914611816,-0.8482232689857483,0.01792753115296364
760.272,0.01060290727764368,-0.8582558631896973,-0.5129372477531433,-0.013407392427325249
760.588,-0.002361305058002472,-0.9941332936286926,-0.10235524922609329,-0.034882351756095886
760.863,-0.02142466977238655,-0.8280654549598694,0.5593734383583069,0.030820563435554504
761.172,0.014481330290436745,-0.290897399187088,0.9559168219566345,0.037309277802705765
761.473,0.014481330290436745,-0.290897399187088,0.9559168219566345,0.037309277802705765
761.774,0.02364293299615383,0.8438268303871155,0.5324512720108032,-0.06239316985011101
762.075,-0.005737303756177425,0.8845340013504028,0.45877403020858765,-0.0842202752828598
762.377,-0.011881651356816292,0.9905305504798889,0.10956025868654251,-0.08188170939683914
762.679,-0.007538811303675175,0.9526453614234924,-0.29701244831085205,-0.06475807726383209
762.981,-0.01557103544473648,0.6739283800125122,-0.7386271357536316,0.0028328627813607454
763.289,0.024981338530778885,0.2947857975959778,-0.9550052285194397,0.021031102165579796
763.59,0.024981338530778885,0.2947857975959778,-0.9550052285194397,0.021031102165579796
763.891,0.024981338530778885,0.2947857975959778,-0.9550052285194397,0.021031102165579796
764.192,0.024981338530778885,0.2947857975959778,-0.9550052285194397,0.021031102165579796
764.493,0.024981338530778885,0.2947857975959778,-0.9550052285194397,0.021031102165579796
764.794,0.024981338530778885,0.2947857975959778,-0.9550052285194397,0.021031102165579796
765.095,0.024981338530778885,0.2947857975959778,-0.9550052285194397,0.021031102165579796
765.402,0.03745109215378761,-0.0017769640544429421,-0.9984775185585022,-0.04045811668038368
765.703,0.03745109215378761,-0.0017769640544429421,-0.9984775185585022,-0.04045811668038368
766.004,0.03269260376691818,-0.06537594646215439,-0.9970806837081909,0.022075960412621498
766.306,0.04780043661594391,-0.4491473436355591,-0.8916885256767273,-0.0295522790402174
766.608,0.06114097312092781,-0.7287903428077698,-0.6802845597267151,-0.04836639389395714
766.909,0.0553271621465683,-0.8752404451370239,-0.47997215390205383,-0.022798573598265648
767.211,-0.01732562854886055,-0.9397912621498108,-0.33986154198646545,0.03140636533498764
767.635,-0.06685907393693924,-0.996650755405426,-0.02720031887292862,0.03843601047992706
767.946,-0.06685907393693924,-0.996650755405426,-0.02720031887292862,0.03843601047992706
768.256,-0.06685907393693924,-0.996650755405426,-0.02720031887292862,0.03843601047992706
768.557,-0.06685907393693924,-0.996650755405426,-0.02720031887292862,0.03843601047992706
768.858,-0.06685907393693924,-0.996650755405426,-0.02720031887292862,0.03843601047992706
769.159,0.03596873953938484,-0.9658393263816833,0.25140535831451416,-0.051536623388528824
769.461,0.06348385661840439,-0.8353918790817261,0.5444769263267517,-0.04043592885136604
769.769,0.06348385661840439,-0.8353918790817261,0.5444769263267517,-0.04043592885136604
770.07,0.06348385661840439,-0.8353918790817261,0.5444769263267517,-0.04043592885136604
770.371,0.06348385661840439,-0.8353918790817261,0.5444769263267517,-0.04043592885136604
770.672,0.06348385661840439,-0.8353918790817261,0.5444769263267517,-0.04043592885136604
770.973,0.06348385661840439,-0.8353918790817261,0.5444769263267517,-0.04043592885136604
771.274,0.06348385661840439,-0.8353918790817261,0.5444769263267517,-0.04043592885136604
771.575,0.06348385661840439,-0.8353918790817261,0.5444769263267517,-0.04043592885136604
771.882,0.06348385661840439,-0.8353918790817261,0.5444769263267517,-0.04043592885136604
772.184,0.06348385661840439,-0.8353918790817261,0.5444769263267517,-0.04043592885136604
772.485,0.06348385661840439,-0.8353918790817261,0.5444769263267517,-0.04043592885136604
772.786,0.06348385661840439,-0.8353918790817261,0.5444769263267517,-0.04043592885136604
773.087,0.06348385661840439,-0.8353918790817261,0.5444769263267517,-0.04043592885136604
773.388,0.06348385661840439,-0.8353918790817261,0.5444769263267517,-0.04043592885136604
773.689,0.06348385661840439,-0.8353918790817261,0.5444769263267517,-0.04043592885136604
773.996,0.06348385661840439,-0.8353918790817261,0.5444769263267517,-0.04043592885136604
774.298,0.06348385661840439,-0.8353918790817261,0.5444769263267517,-0.04043592885136604
774.599,0.06348385661840439,-0.8353918790817261,0.5444769263267517,-0.04043592885136604
774.9,0.06348385661840439,-0.8353918790817261,0.5444769263267517,-0.04043592885136604
775.201,0.06348385661840439,-0.8353918790817261,0.5444769263267517,-0.04043592885136604
775.502,0.06348385661840439,-0.8353918790817261,0.5444769263267517,-0.04043592885136604
775.803,0.06348385661840439,-0.8353918790817261,0.5444769263267517,-0.04043592885136604
776.11,0.06348385661840439,-0.8353918790817261,0.5444769263267517,-0.04043592885136604
776.412,0.06348385661840439,-0.8353918790817261,0.5444769263267517,-0.04043592885136604
776.713,-0.19418296217918396,0.39914172887802124,0.5668050050735474,0.6940540075302124
777.015,-0.19418296217918396,0.39914172887802124,0.5668050050735474,0.6940540075302124
777.316,-0.4356760084629059,0.19217656552791595,0.6663644909858704,0.5737707614898682
777.627,-0.4356760084629059,0.19217656552791595,0.6663644909858704,0.5737707614898682
777.937,-0.4356760084629059,0.19217656552791595,0.6663644909858704,0.5737707614898682
778.36,-0.4356760084629059,0.19217656552791595,0.6663644909858704,0.5737707614898682
778.661,-0.4356760084629059,0.19217656552791595,0.6663644909858704,0.5737707614898682
778.962,-0.4356760084629059,0.19217656552791595,0.6663644909858704,0.5737707614898682
779.263,-0.4356760084629059,0.19217656552791595,0.6663644909858704,0.5737707614898682
779.564,-0.4356760084629059,0.19217656552791595,0.6663644909858704,0.5737707614898682
779.865,-0.4356760084629059,0.19217656552791595,0.6663644909858704,0.5737707614898682
780.166,-0.4356760084629059,0.19217656552791595,0.6663644909858704,0.5737707614898682
780.473,-0.4356760084629059,0.19217656552791595,0.6663644909858704,0.5737707614898682
780.775,-0.4356760084629059,0.19217656552791595,0.6663644909858704,0.5737707614898682
781.076,-0.4356760084629059,0.19217656552791595,0.6663644909858704,0.5737707614898682
781.377,-0.4356760084629059,0.19217656552791595,0.6663644909858704,0.5737707614898682
781.678,-0.4356760084629059,0.19217656552791595,0.6663644909858704,0.5737707614898682
781.979,-0.4356760084629059,0.19217656552791595,0.6663644909858704,0.5737707614898682
782.28,-0.4356760084629059,0.19217656552791595,0.6663644909858704,0.5737707614898682
782.587,-0.4356760084629059,0.19217656552791595,0.6663644909858704,0.5737707614898682
782.889,-0.4356760084629059,0.19217656552791595,0.6663644909858704,0.5737707614898682
783.19,-0.4356760084629059,0.19217656552791595,0.6663644909858704,0.5737707614898682
783.491,-0.4356760084629059,0.19217656552791595,0.6663644909858704,0.5737707614898682
783.792,-0.4356760084629059,0.19217656552791595,0.6663644909858704,0.5737707614898682
784.093,-0.4356760084629059,0.19217656552791595,0.6663644909858704,0.5737707614898682
784.394,-0.4356760084629059,0.19217656552791595,0.6663644909858704,0.5737707614898682
784.701,-0.4356760084629059,0.19217656552791595,0.6663644909858704,0.5737707614898682
785.002,-0.4356760084629059,0.19217656552791595,0.6663644909858704,0.5737707614898682
785.303,-0.4356760084629059,0.19217656552791595,0.6663644909858704,0.5737707614898682
785.604,-0.4356760084629059,0.19217656552791595,0.6663644909858704,0.5737707614898682
785.905,-0.4356760084629059,0.19217656552791595,0.6663644909858704,0.5737707614898682
786.206,-0.4356760084629059,0.19217656552791595,0.6663644909858704,0.5737707614898682
786.507,-0.4356760084629059,0.19217656552791595,0.6663644909858704,0.5737707614898682
786.814,-0.4356760084629059,0.19217656552791595,0.6663644909858704,0.5737707614898682
787.115,-0.4356760084629059,0.19217656552791595,0.6663644909858704,0.5737707614898682
787.416,-0.4356760084629059,0.19217656552791595,0.6663644909858704,0.5737707614898682
787.726,-0.4356760084629059,0.19217656552791595,0.6663644909858704,0.5737707614898682
788.036,-0.4356760084629059,0.19217656552791595,0.6663644909858704,0.5737707614898682
788.346,-0.4356760084629059,0.19217656552791595,0.6663644909858704,0.5737707614898682
788.656,-0.4356760084629059,0.19217656552791595,0.6663644909858704,0.5737707614898682
788.963,-0.4356760084629059,0.19217656552791595,0.6663644909858704,0.5737707614898682
789.265,-0.4356760084629059,0.19217656552791595,0.6663644909858704,0.5737707614898682
789.566,-0.4356760084629059,0.19217656552791595,0.6663644909858704,0.5737707614898682
789.867,-0.4356760084629059,0.19217656552791595,0.6663644909858704,0.5737707614898682
790.168,-0.4356760084629059,0.19217656552791595,0.6663644909858704,0.5737707614898682
790.469,-0.4356760084629059,0.19217656552791595,0.6663644909858704,0.5737707614898682
790.77,-0.4356760084629059,0.19217656552791595,0.6663644909858704,0.5737707614898682
791.077,-0.4356760084629059,0.19217656552791595,0.6663644909858704,0.5737707614898682
791.379,-0.4356760084629059,0.19217656552791595,0.6663644909858704,0.5737707614898682
791.68,-0.4356760084629059,0.19217656552791595,0.6663644909858704,0.5737707614898682
791.981,-0.4356760084629059,0.19217656552791595,0.6663644909858704,0.5737707614898682
792.282,-0.4356760084629059,0.19217656552791595,0.6663644909858704,0.5737707614898682
792.583,-0.4356760084629059,0.19217656552791595,0.6663644909858704,0.5737707614898682
792.884,-0.4356760084629059,0.19217656552791595,0.6663644909858704,0.5737707614898682
793.192,-0.4356760084629059,0.19217656552791595,0.6663644909858704,0.5737707614898682
793.493,-0.4356760084629059,0.19217656552791595,0.6663644909858704,0.5737707614898682
793.794,-0.4356760084629059,0.19217656552791595,0.6663644909858704,0.5737707614898682
794.095,-0.4356760084629059,0.19217656552791595,0.6663644909858704,0.5737707614898682
794.396,-0.4356760084629059,0.19217656552791595,0.6663644909858704,0.5737707614898682
794.697,-0.4356760084629059,0.19217656552791595,0.6663644909858704,0.5737707614898682
794.998,-0.4356760084629059,0.19217656552791595,0.6663644909858704,0.5737707614898682
795.306,-0.4356760084629059,0.19217656552791595,0.6663644909858704,0.5737707614898682
795.607,-0.4356760084629059,0.19217656552791595,0.6663644909858704,0.5737707614898682
795.908,-0.4356760084629059,0.19217656552791595,0.6663644909858704,0.5737707614898682
796.209,-0.4356760084629059,0.19217656552791595,0.6663644909858704,0.5737707614898682
796.51,-0.4356760084629059,0.19217656552791595,0.6663644909858704,0.5737707614898682
796.811,-0.4356760084629059,0.19217656552791595,0.6663644909858704,0.5737707614898682
797.112,-0.4356760084629059,0.19217656552791595,0.6663644909858704,0.5737707614898682
797.419,-0.4356760084629059,0.19217656552791595,0.6663644909858704,0.5737707614898682
797.729,-0.4356760084629059,0.19217656552791595,0.6663644909858704,0.5737707614898682
798.039,-0.4356760084629059,0.19217656552791595,0.6663644909858704,0.5737707614898682
798.349,-0.4356760084629059,0.19217656552791595,0.6663644909858704,0.5737707614898682
798.659,-0.4356760084629059,0.19217656552791595,0.6663644909858704,0.5737707614898682
798.96,-0.4356760084629059,0.19217656552791595,0.6663644909858704,0.5737707614898682
799.261,-0.4356760084629059,0.19217656552791595,0.6663644909858704,0.5737707614898682
799.568,-0.4356760084629059,0.19217656552791595,0.6663644909858704,0.5737707614898682
799.869,-0.4356760084629059,0.19217656552791595,0.6663644909858704,0.5737707614898682
800.17,-0.4356760084629059,0.19217656552791595,0.6663644909858704,0.5737707614898682
800.471,-0.4356760084629059,0.19217656552791595,0.6663644909858704,0.5737707614898682
